id;UID;Mes_Ref;Cod_Empresa;UC;score_ia
26687;117595081562020251101;2025-11-01;11;22438025;0
60975;1203722456141420250601;2025-06-01;120;9336354;4
60976;1203722556141520250601;2025-06-01;120;18559573;2
60977;1203722656141620250601;2025-06-01;120;18221092;2
60978;1203722756141720250601;2025-06-01;120;12470538;2
60979;1203722856141920250601;2025-06-01;120;11580127;2
60980;1203722956142020250601;2025-06-01;120;11538023;2
60981;1203723056142120250601;2025-06-01;120;11520086;2
60982;1203723156142220250601;2025-06-01;120;11500662;2
60983;1203723256142420250601;2025-06-01;120;11489170;2
60984;1203723356142520250601;2025-06-01;120;11482397;2
60988;1203723456142920250601;2025-06-01;120;11482362;2
60985;1203723556142620250601;2025-06-01;120;11482354;2
60986;1203723656142720250601;2025-06-01;120;6186181;2
54480;1203723676069420250701;2025-07-01;120;6186181;4
29565;1203723681013520251101;2025-11-01;120;6186181;2
60987;1203723756142820250601;2025-06-01;120;3754987;2
29564;1203723780790620251101;2025-11-01;120;3754987;2
60989;1203723856143020250601;2025-06-01;120;902802;2
60990;1203723956143120250601;2025-06-01;120;902810;2
54478;1203874470052520250701;2025-07-01;120;9912924;2
29563;1203874480789320251101;2025-11-01;120;9912924;2
54479;1205646876069320250701;2025-07-01;120;17337089;2
16755;1205646887823020260101;2026-01-01;120;17337089;2
199052;1325953120231101;2023-11-01;132;1031099831;0
260065;13260152420221201;2022-12-01;132;49104839;0
64367;133825161457820250501;2025-05-01;13;11787856;0
70686;133825161458320250401;2025-04-01;13;11787856;0
76949;133825161458920250301;2025-03-01;13;11787856;0
83219;133825161459020250201;2025-02-01;13;11787856;0
6133;1356139193977820260301;2026-03-01;13;13499165;0
46114;135613975944820250801;2025-08-01;13;13499165;0
58096;135613976041220250601;2025-06-01;13;13499165;0
26696;135613980790320251101;2025-11-01;13;13499165;0
83223;141802121377320250201;2025-02-01;14;4220017678;2
76953;141802121377420250301;2025-03-01;14;4220017678;2
70690;141802121377520250401;2025-04-01;14;4220017678;4
58112;141802156160020250601;2025-06-01;14;4220017678;2
26707;141802181364920251101;2025-11-01;14;4220017678;2
58100;141805621386520250601;2025-06-01;14;10481635;2
58101;141805721386620250601;2025-06-01;14;13854947;2
20350;141805781725420251201;2025-12-01;14;13854947;2
14083;141805787426220260101;2026-01-01;14;13854947;2
58102;143290049855520250601;2025-06-01;14;4003204719;2
33246;143290079319320251001;2025-10-01;14;4003204719;2
58103;143290149855620250601;2025-06-01;14;4403711;2
52059;143290169828820250701;2025-07-01;14;4403711;2
26700;143290179402220251101;2025-11-01;14;4403711;2
14082;143290187368920260101;2026-01-01;14;4403711;2
58104;143626255929920250601;2025-06-01;14;W7008460010;4
26723;143626283829220251101;2025-11-01;14;W7008460010;2
58105;143626355930020250601;2025-06-01;14;4220037793;2
26710;143626381365720251101;2025-11-01;14;4220037793;2
58106;143626455930120250601;2025-06-01;14;00000686378;2
58107;143626555930220250601;2025-06-01;14;39189074;2
46118;143626574368320250801;2025-08-01;14;39189074;2
58108;143626655930320250601;2025-06-01;14;E6029110811;4
26713;143626681726920251101;2025-11-01;14;E6029110811;2
58109;143626755930420250601;2025-06-01;14;4220004027;2
26701;143626781362020251101;2025-11-01;14;4220004027;2
20354;143626787803020251201;2025-12-01;14;4220004027;2
58110;143626855930520250601;2025-06-01;14;4220024130;2
26712;143626881421720251101;2025-11-01;14;4220024130;2
58111;143732056159920250601;2025-06-01;14;612362174;2
58113;143732156160120250601;2025-06-01;14;612362026;2
58114;143732256160220250601;2025-06-01;14;626162883;2
58115;143747456182820250601;2025-06-01;14;612362083;2
832997;143977020240101;2024-01-01;14;625856741;0
832904;143977020240201;2024-02-01;14;625856741;0
832811;143977020240301;2024-03-01;14;625856741;0
832718;143977020240401;2024-04-01;14;625856741;0
832625;143977020240501;2024-05-01;14;625856741;0
832532;143977020240601;2024-06-01;14;625856741;0
832439;143977020240701;2024-07-01;14;625856741;0
832346;143977020240801;2024-08-01;14;625856741;0
832252;143977020240901;2024-09-01;14;625856741;0
832127;143977020241001;2024-10-01;14;625856741;0
832023;143977020241101;2024-11-01;14;625856741;0
831932;143977020241201;2024-12-01;14;625856741;0
831799;143977020250201;2025-02-01;14;625856741;0
831709;143977020250301;2025-03-01;14;625856741;0
831619;143977020250401;2025-04-01;14;625856741;0
831527;143977020250501;2025-05-01;14;625856741;0
831434;143977020250601;2025-06-01;14;625856741;0
831345;143977020250701;2025-07-01;14;625856741;0
831251;143977020250801;2025-08-01;14;625856741;0
831163;143977020250901;2025-09-01;14;625856741;0
831033;143977020251101;2025-11-01;14;625856741;0
830943;143977020251201;2025-12-01;14;625856741;0
830841;143977020260101;2026-01-01;14;625856741;0
830752;143977020260201;2026-02-01;14;625856741;0
830640;143977020260401;2026-04-01;14;625856741;0
833454;1439771020230701;2023-07-01;14;625856741;0
833270;1439771120230901;2023-09-01;14;625856741;0
834098;143977120221201;2022-12-01;14;625856741;0
834188;143977220221101;2022-11-01;14;625856741;0
834006;143977320230101;2023-01-01;14;625856741;0
833914;143977420230201;2023-02-01;14;625856741;0
833822;143977520230301;2023-03-01;14;625856741;0
833729;143977620230401;2023-04-01;14;625856741;0
833636;143977720230501;2023-05-01;14;625856741;0
833543;143977820230601;2023-06-01;14;625856741;0
833363;143977920230801;2023-08-01;14;625856741;0
60994;1442976144475220250601;2025-06-01;144;00000510014;2
60995;1442976344475320250601;2025-06-01;144;633152513;2
60996;1443228947445820250601;2025-06-01;144;69585712;2
60997;1443229847446720250601;2025-06-01;144;00002777536;2
60998;1443271349835520250601;2025-06-01;144;W9005724489;2
67339;1443271449835620250501;2025-05-01;144;W5164937113;4
23181;1443271481394920251201;2025-12-01;144;W5164937113;2
73574;1443279449843620250401;2025-04-01;144;W0006781385;2
60999;1443720756139720250601;2025-06-01;144;W9006292299;2
61000;1443721256140220250601;2025-06-01;144;W9014313354;2
61002;1443721356140420250601;2025-06-01;144;642412668;2
61001;1443721456140320250601;2025-06-01;144;637822327;2
61003;1443721556140520250601;2025-06-01;144;W9012463502;2
61004;1443721756140720250601;2025-06-01;144;631386261;2
61005;1443721856140820250601;2025-06-01;144;641887456;2
61006;1443721956140920250601;2025-06-01;144;631386295;2
61007;1443722056141020250601;2025-06-01;144;631385503;2
61008;1443722156141120250601;2025-06-01;144;631385537;2
61010;1443722256141320250601;2025-06-01;144;631386220;2
61009;1443722356141220250601;2025-06-01;144;66723308;2
48498;1444748074514120250801;2025-08-01;144;00001681834;2
29584;1444748081394120251101;2025-11-01;144;00001681834;2
48499;1445605675930520250801;2025-08-01;144;00001671455;2
29583;1445605681394020251101;2025-11-01;144;00001671455;2
54497;1445642076053820250701;2025-07-01;144;00002864179;2
23180;1445642081394320251201;2025-12-01;144;00002864179;4
10602;1445642089677920260201;2026-02-01;144;00002864179;4
48525;1446669020250801;2025-08-01;144;W9016574317;2
29609;1446669020251101;2025-11-01;144;W9016574317;2
23179;1447530181393820251201;2025-12-01;144;D7086414011;2
29582;1447530281393920251101;2025-11-01;144;00002841937;2
29585;1447530381394420251101;2025-11-01;144;N5210689329;2
29586;1447530481394520251101;2025-11-01;144;00001333857;2
29587;1447530581394620251101;2025-11-01;144;W0012731810;2
29588;1447530681394720251101;2025-11-01;144;00001007707;2
29589;1447530781394820251101;2025-11-01;144;00002810910;2
29590;1447530881395020251101;2025-11-01;144;W9014024085;2
29591;1448691483831720251101;2025-11-01;144;00002755190;2
29592;1448702783844520251101;2025-11-01;144;00002934464;2
61032;1453634755940020250601;2025-06-01;145;75310;0
67366;1453634755940120250501;2025-05-01;145;75310;0
29610;1453634781278120251101;2025-11-01;145;75310;0
61033;1453886670260520250601;2025-06-01;145;9011018;0
42570;1453886676420520250901;2025-09-01;145;9011018;0
29611;1453886681527120251101;2025-11-01;145;9011018;0
23207;1453886687171520251201;2025-12-01;145;9011018;0
54524;1455624675969820250701;2025-07-01;145;7016008570;0
61034;1455639776046520250601;2025-06-01;145;1515012;0
67367;1455639776058620250501;2025-05-01;145;1515012;0
42568;1455778276419520250901;2025-09-01;145;5812356;0
23211;1455778287813020251201;2025-12-01;145;5812356;0
42569;1455778476420120250901;2025-09-01;145;6954227;0
23212;1455778487813320251201;2025-12-01;145;6954227;0
42571;1455780776425720250901;2025-09-01;145;17725364;0
23208;1455780787808520251201;2025-12-01;145;17725364;0
42572;1455781176426320250901;2025-09-01;145;38872133;0
23209;1455781187811220251201;2025-12-01;145;38872133;0
36118;1457029580186620251001;2025-10-01;145;7006501022;0
23206;1457649881725720251201;2025-12-01;145;532276628;0
23210;1459976987811720251201;2025-12-01;145;3010359820;0
26702;147508381363920251101;2025-11-01;14;4220037800;2
26703;147508581364120251101;2025-11-01;14;4220012553;2
26704;147508781364320251101;2025-11-01;14;4220012577;2
26705;147508981364520251101;2025-11-01;14;10005719389;2
26706;147509081364620251101;2025-11-01;14;4220016376;2
26708;147509481365120251101;2025-11-01;14;4220024476;2
26709;147509781365420251101;2025-11-01;14;4220027179;2
26711;147526781382620251101;2025-11-01;14;4220005548;2
26714;147760881945620251101;2025-11-01;14;W0012774977;2
20352;147760887426620251201;2025-12-01;14;W0012774977;2
14086;147760887428020260101;2026-01-01;14;W0012774977;2
26715;147767681952520251101;2025-11-01;14;00002754048;2
26716;147767881952720251101;2025-11-01;14;E5041338872;4
26717;147767981952820251101;2025-11-01;14;00001384055;4
26718;147768081952920251101;2025-11-01;14;W5165292949;2
26719;147768281953120251101;2025-11-01;14;W5106602411;4
26720;147768381953220251101;2025-11-01;14;00001241031;4
26721;147768481953320251101;2025-11-01;14;00001241245;2
26722;147768581953420251101;2025-11-01;14;W5116176917;4
20351;148690983830920251201;2025-12-01;14;W0012646545;2
14085;148690987426820260101;2026-01-01;14;W0012646545;2
26724;148691083830820251101;2025-11-01;14;00003022584;2
26725;148691383831620251101;2025-11-01;14;00002524190;2
14084;148691387426520260101;2026-01-01;14;00002524190;2
20353;148691387426720251201;2025-12-01;14;00002524190;2
61043;1543885770257720250601;2025-06-01;154;917133;2
54535;1543885771298720250701;2025-07-01;154;917133;2
48538;1543885774313020250801;2025-08-01;154;917133;0
61044;1543885870257820250601;2025-06-01;154;16530110;2
54536;1543885871298820250701;2025-07-01;154;16530110;0
48539;1543885874372720250801;2025-08-01;154;16530110;0
61045;1543885970257920250601;2025-06-01;154;17707218;0
54537;1543885971298920250701;2025-07-01;154;17707218;0
48540;1543885974372820250801;2025-08-01;154;17707218;0
61046;1543886070258020250601;2025-06-01;154;901750;0
48537;1544460874080120250801;2025-08-01;154;14674890;2
29621;1544460879672920251101;2025-11-01;154;14674890;2
29622;1546840579673120251101;2025-11-01;154;14017792;0
29623;1546840879673620251101;2025-11-01;154;14339668;0
29624;1546841079675120251101;2025-11-01;154;14339676;0
115227;173507941020241001;2024-10-01;173;3013520385;0
107233;173507941120241101;2024-11-01;173;3013520385;0
184589;17350794120240101;2024-01-01;173;3013520385;0
175511;17350794220240201;2024-02-01;173;3013520385;0
166460;17350794320240301;2024-03-01;173;3013520385;0
157397;17350794420240401;2024-04-01;173;3013520385;0
148631;17350794520240501;2024-05-01;173;3013520385;0
142376;17350794620240601;2024-06-01;173;3013520385;0
135727;17350794720240701;2024-07-01;173;3013520385;0
129505;17350794820240801;2024-08-01;173;3013520385;0
123164;17350794920240901;2024-09-01;173;3013520385;0
115010;173507951020241001;2024-10-01;173;203376604;0
107022;173507951120241101;2024-11-01;173;203376604;0
184368;17350795120240101;2024-01-01;173;203376604;0
98738;173507951220241201;2024-12-01;173;203376604;0
175291;17350795220240201;2024-02-01;173;203376604;0
166240;17350795320240301;2024-03-01;173;203376604;0
157177;17350795420240401;2024-04-01;173;203376604;0
148412;17350795520240501;2024-05-01;173;203376604;0
122947;17350795620240901;2024-09-01;173;203376604;0
142157;17350795720240601;2024-06-01;173;203376604;0
135508;17350795820240701;2024-07-01;173;203376604;0
129289;17350795920240801;2024-08-01;173;203376604;0
115474;173507961020241001;2024-10-01;173;4000844607;0
107477;173507961120241101;2024-11-01;173;4000844607;0
184837;17350796120240101;2024-01-01;173;4000844607;0
175759;17350796220240201;2024-02-01;173;4000844607;0
157645;17350796320240401;2024-04-01;173;4000844607;0
166708;17350796420240301;2024-03-01;173;4000844607;0
148879;17350796520240501;2024-05-01;173;4000844607;0
142624;17350796620240601;2024-06-01;173;4000844607;0
135975;17350796720240701;2024-07-01;173;4000844607;0
129753;17350796820240801;2024-08-01;173;4000844607;0
123412;17350796920240901;2024-09-01;173;4000844607;0
185076;173521611320240101;2024-01-01;173;512901203;0
175998;173521611420240201;2024-02-01;173;512901203;0
166947;173521611520240301;2024-03-01;173;512901203;0
157883;173521611620240401;2024-04-01;173;512901203;0
149116;173521611720240501;2024-05-01;173;512901203;0
142861;173521611820240601;2024-06-01;173;512901203;0
136211;173521611920240701;2024-07-01;173;512901203;0
129962;173521612020240801;2024-08-01;173;512901203;0
123644;173521612120240901;2024-09-01;173;512901203;0
115708;173521612220241001;2024-10-01;173;512901203;0
107684;173521612320241101;2024-11-01;173;512901203;0
98967;173521612420241201;2024-12-01;173;512901203;0
184491;173521621320240101;2024-01-01;173;2579772010;0
175413;173521621420240201;2024-02-01;173;2579772010;0
166362;173521621520240301;2024-03-01;173;2579772010;0
157299;173521621620240401;2024-04-01;173;2579772010;0
148533;173521621720240501;2024-05-01;173;2579772010;0
129408;173521621820240801;2024-08-01;173;2579772010;0
142278;173521621920240601;2024-06-01;173;2579772010;0
135629;173521622020240701;2024-07-01;173;2579772010;0
123066;173521622120240901;2024-09-01;173;2579772010;0
115129;173521622220241001;2024-10-01;173;2579772010;0
107139;173521622320241101;2024-11-01;173;2579772010;0
184804;173521631320240101;2024-01-01;173;34706615;0
175726;173521631420240201;2024-02-01;173;34706615;0
166675;173521631520240301;2024-03-01;173;34706615;0
157612;173521631620240401;2024-04-01;173;34706615;0
148846;173521631720240501;2024-05-01;173;34706615;0
142591;173521631820240601;2024-06-01;173;34706615;0
135942;173521631920240701;2024-07-01;173;34706615;0
129720;173521632020240801;2024-08-01;173;34706615;0
123379;173521632120240901;2024-09-01;173;34706615;0
115441;173521632220241001;2024-10-01;173;34706615;0
107444;173521632320241101;2024-11-01;173;34706615;0
185520;173521641320240101;2024-01-01;173;MTE0011930;0
176442;173521641420240201;2024-02-01;173;MTE0011930;0
167391;173521641520240301;2024-03-01;173;MTE0011930;0
158324;173521641620240401;2024-04-01;173;MTE0011930;0
149557;173521641720240501;2024-05-01;173;MTE0011930;0
143302;173521641820240601;2024-06-01;173;MTE0011930;0
136652;173521641920240701;2024-07-01;173;MTE0011930;0
130381;173521642020240801;2024-08-01;173;MTE0011930;0
124085;173521642120240901;2024-09-01;173;MTE0011930;0
116148;173521642220241001;2024-10-01;173;MTE0011930;0
108099;173521642320241101;2024-11-01;173;MTE0011930;0
99073;173521642420241201;2024-12-01;173;MTE0011930;0
185147;173521651320240101;2024-01-01;173;6290043;0
176069;173521651420240201;2024-02-01;173;6290043;0
167018;173521651520240301;2024-03-01;173;6290043;0
157954;173521651620240401;2024-04-01;173;6290043;0
149187;173521651720240501;2024-05-01;173;6290043;0
142932;173521651820240601;2024-06-01;173;6290043;0
136282;173521651920240701;2024-07-01;173;6290043;0
130011;173521652020240801;2024-08-01;173;6290043;0
123715;173521652120240901;2024-09-01;173;6290043;0
115779;173521652220241001;2024-10-01;173;6290043;0
107733;173521652320241101;2024-11-01;173;6290043;0
98996;173521652420241201;2024-12-01;173;6290043;0
184586;173521661320240101;2024-01-01;173;3013344788;0
175508;173521661420240201;2024-02-01;173;3013344788;0
166457;173521661520240301;2024-03-01;173;3013344788;0
157394;173521661620240401;2024-04-01;173;3013344788;0
148628;173521661720240501;2024-05-01;173;3013344788;0
142373;173521661820240601;2024-06-01;173;3013344788;0
135724;173521661920240701;2024-07-01;173;3013344788;0
129502;173521662020240801;2024-08-01;173;3013344788;0
123161;173521662120240901;2024-09-01;173;3013344788;0
115224;173521662220241001;2024-10-01;173;3013344788;0
107230;173521662320241101;2024-11-01;173;3013344788;0
185215;173521671320240101;2024-01-01;173;7045837577;0
176137;173521671420240201;2024-02-01;173;7045837577;0
167086;173521671520240301;2024-03-01;173;7045837577;0
158022;173521671620240401;2024-04-01;173;7045837577;0
149255;173521671720240501;2024-05-01;173;7045837577;0
143000;173521671820240601;2024-06-01;173;7045837577;0
136350;173521671920240701;2024-07-01;173;7045837577;0
130079;173521672020240801;2024-08-01;173;7045837577;0
123783;173521672120240901;2024-09-01;173;7045837577;0
115847;173521672220241001;2024-10-01;173;7045837577;0
107801;173521672320241101;2024-11-01;173;7045837577;0
184549;173521681320240101;2024-01-01;173;3009020977;0
175471;173521681420240201;2024-02-01;173;3009020977;0
166420;173521681520240301;2024-03-01;173;3009020977;0
157357;173521681620240401;2024-04-01;173;3009020977;0
148591;173521681720240501;2024-05-01;173;3009020977;0
142336;173521681820240601;2024-06-01;173;3009020977;0
135687;173521681920240701;2024-07-01;173;3009020977;0
129465;173521682020240801;2024-08-01;173;3009020977;0
123124;173521682120240901;2024-09-01;173;3009020977;0
115187;173521682220241001;2024-10-01;173;3009020977;0
107193;173521682320241101;2024-11-01;173;3009020977;0
185318;173521691320240101;2024-01-01;173;7073873163;0
176240;173521691420240201;2024-02-01;173;7073873163;0
167189;173521691520240301;2024-03-01;173;7073873163;0
158125;173521691620240401;2024-04-01;173;7073873163;0
149358;173521691720240501;2024-05-01;173;7073873163;0
143103;173521691820240601;2024-06-01;173;7073873163;0
136453;173521691920240701;2024-07-01;173;7073873163;0
130182;173521692020240801;2024-08-01;173;7073873163;0
123886;173521692120240901;2024-09-01;173;7073873163;0
115950;173521692220241001;2024-10-01;173;7073873163;0
107904;173521692320241101;2024-11-01;173;7073873163;0
185050;173521701320240101;2024-01-01;173;480347;0
175972;173521701420240201;2024-02-01;173;480347;0
166921;173521701520240301;2024-03-01;173;480347;0
157857;173521701620240401;2024-04-01;173;480347;0
149090;173521701720240501;2024-05-01;173;480347;0
142835;173521701820240601;2024-06-01;173;480347;0
136185;173521701920240701;2024-07-01;173;480347;0
129943;173521702020240801;2024-08-01;173;480347;0
123618;173521702120240901;2024-09-01;173;480347;0
115682;173521702220241001;2024-10-01;173;480347;0
107665;173521702320241101;2024-11-01;173;480347;0
98960;173521702420241201;2024-12-01;173;480347;0
184780;173521711320240101;2024-01-01;173;3019318663;0
175702;173521711420240201;2024-02-01;173;3019318663;0
166651;173521711520240301;2024-03-01;173;3019318663;0
157588;173521711620240401;2024-04-01;173;3019318663;0
148822;173521711720240501;2024-05-01;173;3019318663;0
142567;173521711820240601;2024-06-01;173;3019318663;0
135918;173521711920240701;2024-07-01;173;3019318663;0
129696;173521712020240801;2024-08-01;173;3019318663;0
123355;173521712120240901;2024-09-01;173;3019318663;0
115418;173521712220241001;2024-10-01;173;3019318663;0
107424;173521712320241101;2024-11-01;173;3019318663;0
98837;173521712420241201;2024-12-01;173;3019318663;0
185140;173521721320240101;2024-01-01;173;611394152;0
176062;173521721420240201;2024-02-01;173;611394152;0
167011;173521721520240301;2024-03-01;173;611394152;0
157947;173521721620240401;2024-04-01;173;611394152;0
149180;173521721720240501;2024-05-01;173;611394152;0
142925;173521721820240601;2024-06-01;173;611394152;0
136275;173521721920240701;2024-07-01;173;611394152;0
130004;173521722020240801;2024-08-01;173;611394152;0
123708;173521722120240901;2024-09-01;173;611394152;0
115772;173521722220241001;2024-10-01;173;611394152;0
107726;173521722320241101;2024-11-01;173;611394152;0
98991;173521722420241201;2024-12-01;173;611394152;0
185149;173521731320240101;2024-01-01;173;65258908;0
176071;173521731420240201;2024-02-01;173;65258908;0
167020;173521731520240301;2024-03-01;173;65258908;0
157956;173521731620240401;2024-04-01;173;65258908;0
149189;173521731720240501;2024-05-01;173;65258908;0
142934;173521731820240601;2024-06-01;173;65258908;0
136284;173521731920240701;2024-07-01;173;65258908;0
130013;173521732020240801;2024-08-01;173;65258908;0
123717;173521732120240901;2024-09-01;173;65258908;0
115781;173521732220241001;2024-10-01;173;65258908;0
107735;173521732320241101;2024-11-01;173;65258908;0
98998;173521732420241201;2024-12-01;173;65258908;0
184503;173521741320240101;2024-01-01;173;28582862;0
175425;173521741420240201;2024-02-01;173;28582862;0
166374;173521741520240301;2024-03-01;173;28582862;0
157311;173521741620240401;2024-04-01;173;28582862;0
148545;173521741720240501;2024-05-01;173;28582862;0
142290;173521741820240601;2024-06-01;173;28582862;0
135641;173521741920240701;2024-07-01;173;28582862;0
129420;173521742020240801;2024-08-01;173;28582862;0
123078;173521742120240901;2024-09-01;173;28582862;0
115141;173521742220241001;2024-10-01;173;28582862;0
185156;173521751320240101;2024-01-01;173;69892342;0
176078;173521751420240201;2024-02-01;173;69892342;0
167027;173521751520240301;2024-03-01;173;69892342;0
157963;173521751620240401;2024-04-01;173;69892342;0
149196;173521751720240501;2024-05-01;173;69892342;0
142941;173521751820240601;2024-06-01;173;69892342;0
136291;173521751920240701;2024-07-01;173;69892342;0
130020;173521752020240801;2024-08-01;173;69892342;0
123724;173521752120240901;2024-09-01;173;69892342;0
115788;173521752220241001;2024-10-01;173;69892342;0
107742;173521752320241101;2024-11-01;173;69892342;0
99004;173521752420241201;2024-12-01;173;69892342;0
185447;173521761320240101;2024-01-01;173;9502731;0
176369;173521761420240201;2024-02-01;173;9502731;0
167318;173521761520240301;2024-03-01;173;9502731;0
158253;173521761620240401;2024-04-01;173;9502731;0
149486;173521761720240501;2024-05-01;173;9502731;0
143231;173521761820240601;2024-06-01;173;9502731;0
136581;173521761920240701;2024-07-01;173;9502731;0
130310;173521762020240801;2024-08-01;173;9502731;0
124014;173521762120240901;2024-09-01;173;9502731;0
116077;173521762220241001;2024-10-01;173;9502731;0
108029;173521762320241101;2024-11-01;173;9502731;0
184101;173521791320240101;2024-01-01;173;1090018953;0
175024;173521791420240201;2024-02-01;173;1090018953;0
165974;173521791520240301;2024-03-01;173;1090018953;0
156911;173521791620240401;2024-04-01;173;1090018953;0
148149;173521791720240501;2024-05-01;173;1090018953;0
141895;173521791820240601;2024-06-01;173;1090018953;0
135247;173521791920240701;2024-07-01;173;1090018953;0
129031;173521792020240801;2024-08-01;173;1090018953;0
122688;173521792120240901;2024-09-01;173;1090018953;0
114751;173521792220241001;2024-10-01;173;1090018953;0
106766;173521792320241101;2024-11-01;173;1090018953;0
98625;173521792420241201;2024-12-01;173;1090018953;0
184657;173521801320240101;2024-01-01;173;301399161;0
175579;173521801420240201;2024-02-01;173;301399161;0
166528;173521801520240301;2024-03-01;173;301399161;0
157465;173521801620240401;2024-04-01;173;301399161;0
148699;173521801720240501;2024-05-01;173;301399161;0
142444;173521801820240601;2024-06-01;173;301399161;0
135795;173521801920240701;2024-07-01;173;301399161;0
129573;173521802020240801;2024-08-01;173;301399161;0
123232;173521802120240901;2024-09-01;173;301399161;0
115295;173521802220241001;2024-10-01;173;301399161;0
107301;173521802320241101;2024-11-01;173;301399161;0
98831;173521802420241201;2024-12-01;173;301399161;0
184536;173521811320240101;2024-01-01;173;3007734106;0
175458;173521811420240201;2024-02-01;173;3007734106;0
166407;173521811520240301;2024-03-01;173;3007734106;0
157344;173521811620240401;2024-04-01;173;3007734106;0
148578;173521811720240501;2024-05-01;173;3007734106;0
142323;173521811820240601;2024-06-01;173;3007734106;0
135674;173521811920240701;2024-07-01;173;3007734106;0
129452;173521812020240801;2024-08-01;173;3007734106;0
123111;173521812120240901;2024-09-01;173;3007734106;0
115174;173521812220241001;2024-10-01;173;3007734106;0
107180;173521812320241101;2024-11-01;173;3007734106;0
98829;173521812420241201;2024-12-01;173;3007734106;0
184749;173521821320240101;2024-01-01;173;3015029616;0
175671;173521821420240201;2024-02-01;173;3015029616;0
166620;173521821520240301;2024-03-01;173;3015029616;0
157557;173521821620240401;2024-04-01;173;3015029616;0
148791;173521821720240501;2024-05-01;173;3015029616;0
142536;173521821820240601;2024-06-01;173;3015029616;0
135887;173521821920240701;2024-07-01;173;3015029616;0
129665;173521822020240801;2024-08-01;173;3015029616;0
123324;173521822120240901;2024-09-01;173;3015029616;0
115387;173521822220241001;2024-10-01;173;3015029616;0
107393;173521822320241101;2024-11-01;173;3015029616;0
98834;173521822420241201;2024-12-01;173;3015029616;0
185394;173521831320240101;2024-01-01;173;9000565;0
176316;173521831420240201;2024-02-01;173;9000565;0
167265;173521831520240301;2024-03-01;173;9000565;0
158200;173521831620240401;2024-04-01;173;9000565;0
149433;173521831720240501;2024-05-01;173;9000565;0
143178;173521831820240601;2024-06-01;173;9000565;0
116024;173521831920241001;2024-10-01;173;9000565;0
136528;173521832020240701;2024-07-01;173;9000565;0
130257;173521832120240801;2024-08-01;173;9000565;0
123961;173521832220240901;2024-09-01;173;9000565;0
107976;173521832320241101;2024-11-01;173;9000565;0
185135;173521841320240101;2024-01-01;173;595063;0
176057;173521841420240201;2024-02-01;173;595063;0
167006;173521841520240301;2024-03-01;173;595063;0
157942;173521841620240401;2024-04-01;173;595063;0
149175;173521841720240501;2024-05-01;173;595063;0
142920;173521841820240601;2024-06-01;173;595063;0
136270;173521841920240701;2024-07-01;173;595063;0
129999;173521842020240801;2024-08-01;173;595063;0
123703;173521842120240901;2024-09-01;173;595063;0
115767;173521842220241001;2024-10-01;173;595063;0
107721;173521842320241101;2024-11-01;173;595063;0
184830;173521851320240101;2024-01-01;173;400037710;0
175752;173521851420240201;2024-02-01;173;400037710;0
166701;173521851520240301;2024-03-01;173;400037710;0
157638;173521851620240401;2024-04-01;173;400037710;0
148872;173521851720240501;2024-05-01;173;400037710;0
142617;173521851820240601;2024-06-01;173;400037710;0
135968;173521851920240701;2024-07-01;173;400037710;0
129746;173521852020240801;2024-08-01;173;400037710;0
123405;173521852120240901;2024-09-01;173;400037710;0
115467;173521852220241001;2024-10-01;173;400037710;0
107470;173521852320241101;2024-11-01;173;400037710;0
98861;173521852420241201;2024-12-01;173;400037710;0
184846;173521861320240101;2024-01-01;173;400195413;0
175768;173521861420240201;2024-02-01;173;400195413;0
166717;173521861520240301;2024-03-01;173;400195413;0
157654;173521861620240401;2024-04-01;173;400195413;0
148888;173521861720240501;2024-05-01;173;400195413;0
142633;173521861820240601;2024-06-01;173;400195413;0
135984;173521861920240701;2024-07-01;173;400195413;0
129762;173521862020240801;2024-08-01;173;400195413;0
123421;173521862120240901;2024-09-01;173;400195413;0
115483;173521862220241001;2024-10-01;173;400195413;0
107486;173521862320241101;2024-11-01;173;400195413;0
98866;173521862420241201;2024-12-01;173;400195413;0
184484;173521871320240101;2024-01-01;173;2436841;0
175406;173521871420240201;2024-02-01;173;2436841;0
166355;173521871520240301;2024-03-01;173;2436841;0
157292;173521871620240401;2024-04-01;173;2436841;0
148526;173521871720240501;2024-05-01;173;2436841;0
142271;173521871820240601;2024-06-01;173;2436841;0
135622;173521871920240701;2024-07-01;173;2436841;0
129401;173521872020240801;2024-08-01;173;2436841;0
123059;173521872120240901;2024-09-01;173;2436841;0
115122;173521872220241001;2024-10-01;173;2436841;0
107132;173521872320241101;2024-11-01;173;2436841;0
184588;173521881320240101;2024-01-01;173;3013410798;0
175510;173521881420240201;2024-02-01;173;3013410798;0
166459;173521881520240301;2024-03-01;173;3013410798;0
157396;173521881620240401;2024-04-01;173;3013410798;0
148630;173521881720240501;2024-05-01;173;3013410798;0
142375;173521881820240601;2024-06-01;173;3013410798;0
135726;173521881920240701;2024-07-01;173;3013410798;0
129504;173521882020240801;2024-08-01;173;3013410798;0
123163;173521882120240901;2024-09-01;173;3013410798;0
115226;173521882220241001;2024-10-01;173;3013410798;0
107232;173521882320241101;2024-11-01;173;3013410798;0
184515;173521891320240101;2024-01-01;173;3007641167;0
175437;173521891420240201;2024-02-01;173;3007641167;0
166386;173521891520240301;2024-03-01;173;3007641167;0
157323;173521891620240401;2024-04-01;173;3007641167;0
148557;173521891720240501;2024-05-01;173;3007641167;0
142302;173521891820240601;2024-06-01;173;3007641167;0
135653;173521891920240701;2024-07-01;173;3007641167;0
129431;173521892020240801;2024-08-01;173;3007641167;0
123090;173521892120240901;2024-09-01;173;3007641167;0
115153;173521892220241001;2024-10-01;173;3007641167;0
107159;173521892320241101;2024-11-01;173;3007641167;0
98828;173521892420241201;2024-12-01;173;3007641167;0
184840;173521901320240101;2024-01-01;173;400108600;0
175762;173521901420240201;2024-02-01;173;400108600;0
166711;173521901520240301;2024-03-01;173;400108600;0
157648;173521901620240401;2024-04-01;173;400108600;0
148882;173521901720240501;2024-05-01;173;400108600;0
142627;173521901820240601;2024-06-01;173;400108600;0
135978;173521901920240701;2024-07-01;173;400108600;0
129756;173521902020240801;2024-08-01;173;400108600;0
123415;173521902120240901;2024-09-01;173;400108600;0
115477;173521902220241001;2024-10-01;173;400108600;0
107480;173521902320241101;2024-11-01;173;400108600;0
98864;173521902420241201;2024-12-01;173;400108600;0
185518;173521911320240101;2024-01-01;173;ATE0015267;0
176440;173521911420240201;2024-02-01;173;ATE0015267;0
167389;173521911520240301;2024-03-01;173;ATE0015267;0
158322;173521911620240401;2024-04-01;173;ATE0015267;0
149555;173521911720240501;2024-05-01;173;ATE0015267;0
143300;173521911820240601;2024-06-01;173;ATE0015267;0
136650;173521911920240701;2024-07-01;173;ATE0015267;0
130379;173521912020240801;2024-08-01;173;ATE0015267;0
124083;173521912120240901;2024-09-01;173;ATE0015267;0
116146;173521912220241001;2024-10-01;173;ATE0015267;0
108097;173521912320241101;2024-11-01;173;ATE0015267;0
185047;173521921320240101;2024-01-01;173;4787153;0
175969;173521921420240201;2024-02-01;173;4787153;0
166918;173521921520240301;2024-03-01;173;4787153;0
157854;173521921620240401;2024-04-01;173;4787153;0
149087;173521921720240501;2024-05-01;173;4787153;0
142832;173521921820240601;2024-06-01;173;4787153;0
136182;173521921920240701;2024-07-01;173;4787153;0
129942;173521922020240801;2024-08-01;173;4787153;0
123615;173521922120240901;2024-09-01;173;4787153;0
115679;173521922220241001;2024-10-01;173;4787153;0
107664;173521922320241101;2024-11-01;173;4787153;0
184298;173521931320240101;2024-01-01;173;202430527;0
175221;173521931420240201;2024-02-01;173;202430527;0
166170;173521931520240301;2024-03-01;173;202430527;0
157107;173521931620240401;2024-04-01;173;202430527;0
148344;173521931720240501;2024-05-01;173;202430527;0
142089;173521931820240601;2024-06-01;173;202430527;0
135440;173521931920240701;2024-07-01;173;202430527;0
129223;173521932020240801;2024-08-01;173;202430527;0
122879;173521932120240901;2024-09-01;173;202430527;0
114942;173521932220241001;2024-10-01;173;202430527;0
106955;173521932320241101;2024-11-01;173;202430527;0
98672;173521932420241201;2024-12-01;173;202430527;0
184975;173521941320240101;2024-01-01;173;430034447;0
149016;173521941420240501;2024-05-01;173;430034447;0
175897;173521941520240201;2024-02-01;173;430034447;0
166846;173521941620240301;2024-03-01;173;430034447;0
157782;173521941720240401;2024-04-01;173;430034447;0
142761;173521941820240601;2024-06-01;173;430034447;0
136111;173521941920240701;2024-07-01;173;430034447;0
129883;173521942020240801;2024-08-01;173;430034447;0
123548;173521942120240901;2024-09-01;173;430034447;0
115610;173521942220241001;2024-10-01;173;430034447;0
107605;173521942320241101;2024-11-01;173;430034447;0
184976;173521951320240101;2024-01-01;173;430034565;0
175898;173521951420240201;2024-02-01;173;430034565;0
166847;173521951520240301;2024-03-01;173;430034565;0
157783;173521951620240401;2024-04-01;173;430034565;0
149017;173521951720240501;2024-05-01;173;430034565;0
142762;173521951820240601;2024-06-01;173;430034565;0
136112;173521951920240701;2024-07-01;173;430034565;0
129884;173521952020240801;2024-08-01;173;430034565;0
123549;173521952120240901;2024-09-01;173;430034565;0
115611;173521952220241001;2024-10-01;173;430034565;0
107606;173521952320241101;2024-11-01;173;430034565;0
184898;173521961320240101;2024-01-01;173;40550320;0
175820;173521961420240201;2024-02-01;173;40550320;0
166769;173521961520240301;2024-03-01;173;40550320;0
157705;173521961620240401;2024-04-01;173;40550320;0
148939;173521961720240501;2024-05-01;173;40550320;0
142684;173521961820240601;2024-06-01;173;40550320;0
136035;173521961920240701;2024-07-01;173;40550320;0
129811;173521962020240801;2024-08-01;173;40550320;0
123472;173521962120240901;2024-09-01;173;40550320;0
115534;173521962220241001;2024-10-01;173;40550320;0
107534;173521962320241101;2024-11-01;173;40550320;0
185152;173521971420240101;2024-01-01;173;66899942;0
176074;173521971520240201;2024-02-01;173;66899942;0
167023;173521971620240301;2024-03-01;173;66899942;0
157959;173521971720240401;2024-04-01;173;66899942;0
149192;173521971820240501;2024-05-01;173;66899942;0
115784;173521971920241001;2024-10-01;173;66899942;0
142937;173521972020240601;2024-06-01;173;66899942;0
136287;173521972120240701;2024-07-01;173;66899942;0
130016;173521972220240801;2024-08-01;173;66899942;0
123720;173521972320240901;2024-09-01;173;66899942;0
107738;173521972420241101;2024-11-01;173;66899942;0
99001;173521972520241201;2024-12-01;173;66899942;0
176241;173521981420240201;2024-02-01;173;7095724;0
167190;173521981520240301;2024-03-01;173;7095724;0
158126;173521981620240401;2024-04-01;173;7095724;0
149359;173521981720240501;2024-05-01;173;7095724;0
143104;173521981820240601;2024-06-01;173;7095724;0
136454;173521981920240701;2024-07-01;173;7095724;0
130183;173521982020240801;2024-08-01;173;7095724;0
123887;173521982120240901;2024-09-01;173;7095724;0
115951;173521982220241001;2024-10-01;173;7095724;0
107905;173521982320241101;2024-11-01;173;7095724;0
99006;173521982420241201;2024-12-01;173;7095724;0
185319;17352198920240101;2024-01-01;173;7095724;0
184955;173521991320240101;2024-01-01;173;42245940;0
175877;173521991420240201;2024-02-01;173;42245940;0
166826;173521991520240301;2024-03-01;173;42245940;0
157762;173521991620240401;2024-04-01;173;42245940;0
148996;173521991720240501;2024-05-01;173;42245940;0
142741;173521991820240601;2024-06-01;173;42245940;0
136092;173521991920240701;2024-07-01;173;42245940;0
129864;173521992020240801;2024-08-01;173;42245940;0
123529;173521992120240901;2024-09-01;173;42245940;0
115591;173521992220241001;2024-10-01;173;42245940;0
107587;173521992320241101;2024-11-01;173;42245940;0
166143;173522001320240301;2024-03-01;173;1972367;0
184271;173522001420240101;2024-01-01;173;1972367;0
175194;173522001520240201;2024-02-01;173;1972367;0
157080;173522001620240401;2024-04-01;173;1972367;0
148318;173522001720240501;2024-05-01;173;1972367;0
142064;173522001820240601;2024-06-01;173;1972367;0
135415;173522001920240701;2024-07-01;173;1972367;0
129198;173522002020240801;2024-08-01;173;1972367;0
122855;173522002120240901;2024-09-01;173;1972367;0
114918;173522002220241001;2024-10-01;173;1972367;0
106930;173522002320241101;2024-11-01;173;1972367;0
98664;173522002420241201;2024-12-01;173;1972367;0
184100;173522011320240101;2024-01-01;173;1083473;0
175023;173522011420240201;2024-02-01;173;1083473;0
165973;173522011520240301;2024-03-01;173;1083473;0
156910;173522011620240401;2024-04-01;173;1083473;0
148148;173522011720240501;2024-05-01;173;1083473;0
141894;173522011820240601;2024-06-01;173;1083473;0
135246;173522011920240701;2024-07-01;173;1083473;0
129030;173522012020240801;2024-08-01;173;1083473;0
122687;173522012120240901;2024-09-01;173;1083473;0
114750;173522012220241001;2024-10-01;173;1083473;0
106765;173522012320241101;2024-11-01;173;1083473;0
184800;173522021320240101;2024-01-01;173;33137;0
175722;173522021420240201;2024-02-01;173;33137;0
166671;173522021520240301;2024-03-01;173;33137;0
157608;173522021620240401;2024-04-01;173;33137;0
148842;173522021720240501;2024-05-01;173;33137;0
142587;173522021820240601;2024-06-01;173;33137;0
135938;173522021920240701;2024-07-01;173;33137;0
129716;173522022020240801;2024-08-01;173;33137;0
123375;173522022120240901;2024-09-01;173;33137;0
115437;173522022220241001;2024-10-01;173;33137;0
107440;173522022320241101;2024-11-01;173;33137;0
98849;173522022420241201;2024-12-01;173;33137;0
185250;173522031320240101;2024-01-01;173;7049504106;0
176172;173522031420240201;2024-02-01;173;7049504106;0
167121;173522031520240301;2024-03-01;173;7049504106;0
158057;173522031620240401;2024-04-01;173;7049504106;0
123818;173522031720240901;2024-09-01;173;7049504106;0
149290;173522031820240501;2024-05-01;173;7049504106;0
143035;173522031920240601;2024-06-01;173;7049504106;0
136385;173522032020240701;2024-07-01;173;7049504106;0
130114;173522032120240801;2024-08-01;173;7049504106;0
115882;173522032220241001;2024-10-01;173;7049504106;0
107836;173522032320241101;2024-11-01;173;7049504106;0
185116;173522041320240101;2024-01-01;173;53479520;0
176038;173522041420240201;2024-02-01;173;53479520;0
166987;173522041520240301;2024-03-01;173;53479520;0
157923;173522041620240401;2024-04-01;173;53479520;0
149156;173522041720240501;2024-05-01;173;53479520;0
142901;173522041820240601;2024-06-01;173;53479520;0
136251;173522041920240701;2024-07-01;173;53479520;0
129991;173522042020240801;2024-08-01;173;53479520;0
123684;173522042120240901;2024-09-01;173;53479520;0
115748;173522042220241001;2024-10-01;173;53479520;0
107713;173522042320241101;2024-11-01;173;53479520;0
185395;173522051320240101;2024-01-01;173;9004371;0
176317;173522051420240201;2024-02-01;173;9004371;0
167266;173522051520240301;2024-03-01;173;9004371;0
158201;173522051620240401;2024-04-01;173;9004371;0
149434;173522051720240501;2024-05-01;173;9004371;0
143179;173522051820240601;2024-06-01;173;9004371;0
136529;173522051920240701;2024-07-01;173;9004371;0
130258;173522052020240801;2024-08-01;173;9004371;0
123962;173522052120240901;2024-09-01;173;9004371;0
116025;173522052220241001;2024-10-01;173;9004371;0
107977;173522052320241101;2024-11-01;173;9004371;0
99016;173522052420241201;2024-12-01;173;9004371;0
184176;173522061320240101;2024-01-01;173;15559865;0
175099;173522061420240201;2024-02-01;173;15559865;0
156985;173522061520240401;2024-04-01;173;15559865;0
166048;173522061620240301;2024-03-01;173;15559865;0
148223;173522061720240501;2024-05-01;173;15559865;0
141969;173522061820240601;2024-06-01;173;15559865;0
135321;173522061920240701;2024-07-01;173;15559865;0
129104;173522062020240801;2024-08-01;173;15559865;0
122761;173522062120240901;2024-09-01;173;15559865;0
114824;173522062220241001;2024-10-01;173;15559865;0
106836;173522062320241101;2024-11-01;173;15559865;0
98658;173522062420241201;2024-12-01;173;15559865;0
184974;173522071320240101;2024-01-01;173;430034445;0
149015;173522071420240501;2024-05-01;173;430034445;0
175896;173522071520240201;2024-02-01;173;430034445;0
166845;173522071620240301;2024-03-01;173;430034445;0
157781;173522071720240401;2024-04-01;173;430034445;0
142760;173522071820240601;2024-06-01;173;430034445;0
136110;173522071920240701;2024-07-01;173;430034445;0
129882;173522072020240801;2024-08-01;173;430034445;0
123547;173522072120240901;2024-09-01;173;430034445;0
115609;173522072220241001;2024-10-01;173;430034445;0
107604;173522072320241101;2024-11-01;173;430034445;0
185206;173522091320240101;2024-01-01;173;70363501;0
176128;173522091420240201;2024-02-01;173;70363501;0
167077;173522091520240301;2024-03-01;173;70363501;0
158013;173522091620240401;2024-04-01;173;70363501;0
149246;173522091720240501;2024-05-01;173;70363501;0
142991;173522091820240601;2024-06-01;173;70363501;0
136341;173522091920240701;2024-07-01;173;70363501;0
130070;173522092020240801;2024-08-01;173;70363501;0
123774;173522092120240901;2024-09-01;173;70363501;0
115838;173522092220241001;2024-10-01;173;70363501;0
107792;173522092320241101;2024-11-01;173;70363501;0
99005;173522092420241201;2024-12-01;173;70363501;0
185154;173522101320240101;2024-01-01;173;68524900;0
176076;173522101420240201;2024-02-01;173;68524900;0
167025;173522101520240301;2024-03-01;173;68524900;0
157961;173522101620240401;2024-04-01;173;68524900;0
149194;173522101720240501;2024-05-01;173;68524900;0
142939;173522101820240601;2024-06-01;173;68524900;0
136289;173522101920240701;2024-07-01;173;68524900;0
130018;173522102020240801;2024-08-01;173;68524900;0
123722;173522102120240901;2024-09-01;173;68524900;0
115786;173522102220241001;2024-10-01;173;68524900;0
107740;173522102320241101;2024-11-01;173;68524900;0
99003;173522102420241201;2024-12-01;173;68524900;0
184299;173522111320240101;2024-01-01;173;202469;0
175222;173522111420240201;2024-02-01;173;202469;0
166171;173522111520240301;2024-03-01;173;202469;0
157108;173522111620240401;2024-04-01;173;202469;0
148345;173522111720240501;2024-05-01;173;202469;0
142090;173522111820240601;2024-06-01;173;202469;0
135441;173522111920240701;2024-07-01;173;202469;0
129224;173522112020240801;2024-08-01;173;202469;0
122880;173522112120240901;2024-09-01;173;202469;0
114943;173522112220241001;2024-10-01;173;202469;0
106956;173522112320241101;2024-11-01;173;202469;0
98673;173522112420241201;2024-12-01;173;202469;0
185214;173522121320240101;2024-01-01;173;7043166071;0
176136;173522121420240201;2024-02-01;173;7043166071;0
167085;173522121520240301;2024-03-01;173;7043166071;0
158021;173522121620240401;2024-04-01;173;7043166071;0
149254;173522121720240501;2024-05-01;173;7043166071;0
142999;173522121820240601;2024-06-01;173;7043166071;0
136349;173522121920240701;2024-07-01;173;7043166071;0
130078;173522122020240801;2024-08-01;173;7043166071;0
115846;173522122120241001;2024-10-01;173;7043166071;0
123782;173522122220240901;2024-09-01;173;7043166071;0
107800;173522122320241101;2024-11-01;173;7043166071;0
184585;173522131320240101;2024-01-01;173;3013326626;0
175507;173522131420240201;2024-02-01;173;3013326626;0
166456;173522131520240301;2024-03-01;173;3013326626;0
157393;173522131620240401;2024-04-01;173;3013326626;0
148627;173522131720240501;2024-05-01;173;3013326626;0
142372;173522131820240601;2024-06-01;173;3013326626;0
135723;173522131920240701;2024-07-01;173;3013326626;0
129501;173522132020240801;2024-08-01;173;3013326626;0
123160;173522132120240901;2024-09-01;173;3013326626;0
115223;173522132220241001;2024-10-01;173;3013326626;0
107229;173522132320241101;2024-11-01;173;3013326626;0
185519;173522141320240101;2024-01-01;173;MTE0005661;0
176441;173522141420240201;2024-02-01;173;MTE0005661;0
167390;173522141520240301;2024-03-01;173;MTE0005661;0
158323;173522141620240401;2024-04-01;173;MTE0005661;0
149556;173522141720240501;2024-05-01;173;MTE0005661;0
143301;173522141820240601;2024-06-01;173;MTE0005661;0
136651;173522141920240701;2024-07-01;173;MTE0005661;0
130380;173522142020240801;2024-08-01;173;MTE0005661;0
124084;173522142120240901;2024-09-01;173;MTE0005661;0
116147;173522142220241001;2024-10-01;173;MTE0005661;0
108098;173522142320241101;2024-11-01;173;MTE0005661;0
99072;173522142420241201;2024-12-01;173;MTE0005661;0
184587;173522151320240101;2024-01-01;173;3013383888;0
175509;173522151420240201;2024-02-01;173;3013383888;0
166458;173522151520240301;2024-03-01;173;3013383888;0
157395;173522151620240401;2024-04-01;173;3013383888;0
148629;173522151720240501;2024-05-01;173;3013383888;0
142374;173522151820240601;2024-06-01;173;3013383888;0
135725;173522151920240701;2024-07-01;173;3013383888;0
129503;173522152020240801;2024-08-01;173;3013383888;0
123162;173522152120240901;2024-09-01;173;3013383888;0
115225;173522152220241001;2024-10-01;173;3013383888;0
107231;173522152320241101;2024-11-01;173;3013383888;0
184506;173522161320240101;2024-01-01;173;29835799;0
175428;173522161420240201;2024-02-01;173;29835799;0
166377;173522161520240301;2024-03-01;173;29835799;0
157314;173522161620240401;2024-04-01;173;29835799;0
148548;173522161720240501;2024-05-01;173;29835799;0
142293;173522161820240601;2024-06-01;173;29835799;0
135644;173522161920240701;2024-07-01;173;29835799;0
129422;173522162020240801;2024-08-01;173;29835799;0
123081;173522162120240901;2024-09-01;173;29835799;0
115144;173522162220241001;2024-10-01;173;29835799;0
184947;173522171320240101;2024-01-01;173;421110867;0
175869;173522171420240201;2024-02-01;173;421110867;0
166818;173522171520240301;2024-03-01;173;421110867;0
157754;173522171620240401;2024-04-01;173;421110867;0
148988;173522171720240501;2024-05-01;173;421110867;0
142733;173522171820240601;2024-06-01;173;421110867;0
136084;173522171920240701;2024-07-01;173;421110867;0
129857;173522172020240801;2024-08-01;173;421110867;0
123521;173522172120240901;2024-09-01;173;421110867;0
115583;173522172220241001;2024-10-01;173;421110867;0
107580;173522172320241101;2024-11-01;173;421110867;0
98910;173522172420241201;2024-12-01;173;421110867;0
184845;173522181320240101;2024-01-01;173;400188050;0
175767;173522181420240201;2024-02-01;173;400188050;0
166716;173522181520240301;2024-03-01;173;400188050;0
157653;173522181620240401;2024-04-01;173;400188050;0
148887;173522181720240501;2024-05-01;173;400188050;0
142632;173522181820240601;2024-06-01;173;400188050;0
135983;173522181920240701;2024-07-01;173;400188050;0
129761;173522182020240801;2024-08-01;173;400188050;0
123420;173522182120240901;2024-09-01;173;400188050;0
115482;173522182220241001;2024-10-01;173;400188050;0
107485;173522182320241101;2024-11-01;173;400188050;0
98865;173522182420241201;2024-12-01;173;400188050;0
184781;173522191320240101;2024-01-01;173;3025464876;0
175703;173522191420240201;2024-02-01;173;3025464876;0
166652;173522191520240301;2024-03-01;173;3025464876;0
157589;173522191620240401;2024-04-01;173;3025464876;0
148823;173522191720240501;2024-05-01;173;3025464876;0
142568;173522191820240601;2024-06-01;173;3025464876;0
135919;173522191920240701;2024-07-01;173;3025464876;0
129697;173522192020240801;2024-08-01;173;3025464876;0
123356;173522192120240901;2024-09-01;173;3025464876;0
115419;173522192220241001;2024-10-01;173;3025464876;0
107425;173522192320241101;2024-11-01;173;3025464876;0
98838;173522192420241201;2024-12-01;173;3025464876;0
156916;173522201020240401;2024-04-01;173;11613351;0
148154;173522201120240501;2024-05-01;173;11613351;0
141900;173522201220240601;2024-06-01;173;11613351;0
135252;173522201320240701;2024-07-01;173;11613351;0
129036;173522201420240801;2024-08-01;173;11613351;0
122693;173522201520240901;2024-09-01;173;11613351;0
114756;173522201620241001;2024-10-01;173;11613351;0
106771;173522201720241101;2024-11-01;173;11613351;0
98629;173522201820241201;2024-12-01;173;11613351;0
175029;17352220620240201;2024-02-01;173;11613351;0
184106;17352220820240101;2024-01-01;173;11613351;0
165979;17352220920240301;2024-03-01;173;11613351;0
149193;173522211020240501;2024-05-01;173;6817580;0
142938;173522211120240601;2024-06-01;173;6817580;0
136288;173522211220240701;2024-07-01;173;6817580;0
130017;173522211320240801;2024-08-01;173;6817580;0
123721;173522211420240901;2024-09-01;173;6817580;0
115785;173522211520241001;2024-10-01;173;6817580;0
107739;173522211620241101;2024-11-01;173;6817580;0
99002;173522211720241201;2024-12-01;173;6817580;0
185153;17352221620240101;2024-01-01;173;6817580;0
176075;17352221720240201;2024-02-01;173;6817580;0
167024;17352221820240301;2024-03-01;173;6817580;0
157960;17352221920240401;2024-04-01;173;6817580;0
107718;173522231020241101;2024-11-01;173;56421734;0
176054;17352223120240201;2024-02-01;173;56421734;0
167003;17352223220240301;2024-03-01;173;56421734;0
157939;17352223320240401;2024-04-01;173;56421734;0
149172;17352223420240501;2024-05-01;173;56421734;0
142917;17352223520240601;2024-06-01;173;56421734;0
136267;17352223620240701;2024-07-01;173;56421734;0
129996;17352223720240801;2024-08-01;173;56421734;0
123700;17352223820240901;2024-09-01;173;56421734;0
115764;17352223920241001;2024-10-01;173;56421734;0
67388;17391191595220250501;2025-05-01;173;311923083;0
116270;17868471020241001;2024-10-01;178;5627508;0
108283;17868471120241101;2024-11-01;178;5627508;0
185622;1786847120240101;2024-01-01;178;5627508;0
176539;1786847220240201;2024-02-01;178;5627508;0
167491;1786847320240301;2024-03-01;178;5627508;0
158432;1786847420240401;2024-04-01;178;5627508;0
149666;1786847520240501;2024-05-01;178;5627508;0
143412;1786847620240601;2024-06-01;178;5627508;0
136764;1786847720240701;2024-07-01;178;5627508;0
130548;1786847820240801;2024-08-01;178;5627508;0
124206;1786847920240901;2024-09-01;178;5627508;0
116271;17868481020241001;2024-10-01;178;5627516;0
108284;17868481120241101;2024-11-01;178;5627516;0
185624;1786848120240101;2024-01-01;178;5627516;0
176541;1786848220240201;2024-02-01;178;5627516;0
167493;1786848320240301;2024-03-01;178;5627516;0
158434;1786848420240401;2024-04-01;178;5627516;0
149668;1786848520240501;2024-05-01;178;5627516;0
143413;1786848620240601;2024-06-01;178;5627516;0
136765;1786848720240701;2024-07-01;178;5627516;0
130549;1786848820240801;2024-08-01;178;5627516;0
124207;1786848920240901;2024-09-01;178;5627516;0
185623;17868493520240101;2024-01-01;178;5627508;0
176540;17868493620240201;2024-02-01;178;5627508;0
167492;17868493720240301;2024-03-01;178;5627508;0
158433;17868493820240401;2024-04-01;178;5627508;0
149667;17868493920240501;2024-05-01;178;5627508;0
185625;17868503520240101;2024-01-01;178;5627516;0
176542;17868503620240201;2024-02-01;178;5627516;0
167494;17868503720240301;2024-03-01;178;5627516;0
158435;17868503820240401;2024-04-01;178;5627516;0
149669;17868503920240501;2024-05-01;178;5627516;0
116272;17968401020241001;2024-10-01;179;200541652;0
108285;17968401120241101;2024-11-01;179;200541652;0
185626;1796840120240101;2024-01-01;179;200541652;0
176543;1796840220240201;2024-02-01;179;200541652;0
167495;1796840320240301;2024-03-01;179;200541652;0
158436;1796840420240401;2024-04-01;179;200541652;0
149670;1796840520240501;2024-05-01;179;200541652;0
143414;1796840620240601;2024-06-01;179;200541652;0
136766;1796840720240701;2024-07-01;179;200541652;0
130550;1796840820240801;2024-08-01;179;200541652;0
124208;1796840920240901;2024-09-01;179;200541652;0
116273;17968411020241001;2024-10-01;179;MTE0004331;0
108286;17968411120241101;2024-11-01;179;MTE0004331;0
185628;1796841120240101;2024-01-01;179;MTE0004331;0
176545;1796841220240201;2024-02-01;179;MTE0004331;0
167497;1796841320240301;2024-03-01;179;MTE0004331;0
158438;1796841420240401;2024-04-01;179;MTE0004331;0
149671;1796841520240501;2024-05-01;179;MTE0004331;0
143415;1796841620240601;2024-06-01;179;MTE0004331;0
136767;1796841720240701;2024-07-01;179;MTE0004331;0
130551;1796841820240801;2024-08-01;179;MTE0004331;0
124209;1796841920240901;2024-09-01;179;MTE0004331;0
185629;17968422520240101;2024-01-01;179;MTE0004331;0
176546;17968422620240201;2024-02-01;179;MTE0004331;0
167498;17968422720240301;2024-03-01;179;MTE0004331;0
158439;17968422820240401;2024-04-01;179;MTE0004331;0
185627;17968432520240101;2024-01-01;179;200541652;0
176544;17968432620240201;2024-02-01;179;200541652;0
167496;17968432720240301;2024-03-01;179;200541652;0
158437;17968432820240401;2024-04-01;179;200541652;0
14197;1810072288249820260101;2026-01-01;18;2217724;0
14198;1810350989677420260101;2026-01-01;18;264833901800;0
14199;1810351089683320260101;2026-01-01;18;7248034;0
14205;1810426290010420260101;2026-01-01;18;499405412;0
14206;1810426390010520260101;2026-01-01;18;65093805483;0
14207;1810426490010620260101;2026-01-01;18;245553405424;0
95739;1810712420241201;2024-12-01;18;2095020365;0
58276;1810752247720250601;2025-06-01;18;2095020365;0
26963;1810780812120251101;2025-11-01;18;2095020365;0
95740;1810812520241201;2024-12-01;18;4002253795;0
14208;1810826294013520260101;2026-01-01;18;86664611;0
14209;1810826394013620260101;2026-01-01;18;202678370;0
95741;1810912620241201;2024-12-01;18;2094545898;0
20442;1810983002320251201;2025-12-01;18;2094545898;0
95742;1811012720241201;2024-12-01;18;2092478743;0
14182;1811087431120260101;2026-01-01;18;2092478743;0
95743;1811112820241201;2024-12-01;18;2084287489;0
58334;1811170278420250601;2025-06-01;18;2084287489;0
26965;1811180812320251101;2025-11-01;18;2084287489;0
14189;1811187448320260101;2026-01-01;18;2084287489;0
95744;1811212920241201;2024-12-01;18;2023244038;0
20445;1811283002920251201;2025-12-01;18;2023244038;0
95745;1811313020241201;2024-12-01;18;2023040416;0
95746;1811413120241201;2024-12-01;18;2023238046;0
95747;1811513220241201;2024-12-01;18;2021582726;0
58249;1811549834520250601;2025-06-01;18;2021582726;0
36139;1816453578610120251001;2025-10-01;181;MTE0004836;0
64462;181803021381220250501;2025-05-01;18;10021808951;0
33322;181803079101420251001;2025-10-01;18;10021808951;0
27044;181803081174420251101;2025-11-01;18;10021808951;0
58197;181803121381320250601;2025-06-01;18;10303492;0
20507;181803183019620251201;2025-12-01;18;10303492;0
58198;181803221381420250601;2025-06-01;18;6888422;0
26844;181803279382120251101;2025-11-01;18;6888422;0
20511;181803283020220251201;2025-12-01;18;6888422;0
58199;181803321381520250601;2025-06-01;18;4000794251;0
20468;181803383008220251201;2025-12-01;18;4000794251;0
70781;181803421381620250401;2025-04-01;18;7559607;0
64463;181803421381720250501;2025-05-01;18;7559607;0
58200;181803421381820250601;2025-06-01;18;7559607;0
77046;181803474314120250301;2025-03-01;18;7559607;0
46225;181803474314220250801;2025-08-01;18;7559607;0
26861;181803479418720251101;2025-11-01;18;7559607;0
64464;181803521381920250501;2025-05-01;18;2000486441;0
58201;181803521382020250601;2025-06-01;18;2000486441;0
26864;181803579420220251101;2025-11-01;18;2000486441;0
58202;181803621382120250601;2025-06-01;18;2089329317;0
58203;181803721382220250601;2025-06-01;18;48469305969;0
46222;181803774313820250801;2025-08-01;18;48469305969;0
39775;181803775193620250901;2025-09-01;18;48469305969;0
26870;181803779424620251101;2025-11-01;18;48469305969;0
58204;181803821382320250601;2025-06-01;18;200492275;0
52173;181803874210720250701;2025-07-01;18;200492275;0
46214;181803874210820250801;2025-08-01;18;200492275;0
39770;181803875192020250901;2025-09-01;18;200492275;0
26816;181803879344120251101;2025-11-01;18;200492275;0
58205;181803921382420250601;2025-06-01;18;123795826;0
26821;181803979348020251101;2025-11-01;18;123795826;0
64465;181804021382520250501;2025-05-01;18;924018798;0
58206;181804021382620250601;2025-06-01;18;924018798;0
39791;181804078994220250901;2025-09-01;18;924018798;0
58207;181804121382720250601;2025-06-01;18;67967841;0
52171;181804174210020250701;2025-07-01;18;67967841;0
46211;181804174210120250801;2025-08-01;18;67967841;0
33307;181804178998420251001;2025-10-01;18;67967841;0
26806;181804179111420251101;2025-11-01;18;67967841;0
77044;181804221382820250301;2025-03-01;18;00002519236;0
64466;181804221382920250501;2025-05-01;18;00002519236;0
58208;181804221383220250601;2025-06-01;18;00002519236;0
64467;181804621383920250501;2025-05-01;18;00009079333;0
58209;181804621384020250601;2025-06-01;18;00009079333;0
27027;181804681169320251101;2025-11-01;18;00009079333;0
58210;181804821385320250601;2025-06-01;18;51356449;0
26814;181804879340320251101;2025-11-01;18;51356449;0
58211;181805121385720250601;2025-06-01;18;42136547;0
26909;181805179924420251101;2025-11-01;18;42136547;0
58212;181805221385820250601;2025-06-01;18;40745910;0
20469;181805283008320251201;2025-12-01;18;40745910;0
64468;181805321385920250501;2025-05-01;18;39071359;0
58213;181805321386020250601;2025-06-01;18;39071359;0
58214;181805421386120250601;2025-06-01;18;25292307;0
52167;181805474209420250701;2025-07-01;18;25292307;0
46209;181805474209520250801;2025-08-01;18;25292307;0
33304;181805478998120251001;2025-10-01;18;25292307;0
26805;181805479111320251101;2025-11-01;18;25292307;0
70782;181805521386220250401;2025-04-01;18;00002423112;0
64469;181805521386320250501;2025-05-01;18;00002423112;0
58215;181805521386420250601;2025-06-01;18;00002423112;0
58216;182475241609320250601;2025-06-01;18;9007823;0
46237;182475274346620250801;2025-08-01;18;9007823;0
52198;182475274346720250701;2025-07-01;18;9007823;0
27089;182475287425020251101;2025-11-01;18;9007823;0
20551;182475287425120251201;2025-12-01;18;9007823;0
58217;182548641757520250601;2025-06-01;18;20400424;0
58218;182548741757620250601;2025-06-01;18;0000857709;0
39784;182548775194520250901;2025-09-01;18;0000857709;0
58219;182548841757720250601;2025-06-01;18;828597601850;0
39772;182548875193320250901;2025-09-01;18;828597601850;0
20545;182548883024520251201;2025-12-01;18;828597601850;0
58220;182548941757820250601;2025-06-01;18;834572301851;0
20550;182548983025020251201;2025-12-01;18;834572301851;0
58221;182549041757920250601;2025-06-01;18;3013446527;0
58222;182549141758020250601;2025-06-01;18;4003420571;0
26850;182549179402920251101;2025-11-01;18;4003420571;0
20461;182549183007520251201;2025-12-01;18;4003420571;0
58223;182549241758120250601;2025-06-01;18;90260207;0
20512;182549283020320251201;2025-12-01;18;90260207;0
64470;182549341758220250501;2025-05-01;18;6622126;0
95762;182549379002220241201;2024-12-01;18;6622126;0
33351;182549388720920251001;2025-10-01;18;6622126;0
39801;182549388721020250901;2025-09-01;18;6622126;0
58224;182549441758320250601;2025-06-01;18;3003985541;0
58225;182549541758420250601;2025-06-01;18;2094545472;0
26848;182549579398820251101;2025-11-01;18;2094545472;0
20464;182549583007820251201;2025-12-01;18;2094545472;0
58226;182549641758520250601;2025-06-01;18;203875859;0
52176;182549674211320250701;2025-07-01;18;203875859;0
39765;182549675191520250901;2025-09-01;18;203875859;0
33289;182549678993520251001;2025-10-01;18;203875859;0
26811;182549679112020251101;2025-11-01;18;203875859;0
58246;182997044502520250601;2025-06-01;18;99904489;0
26991;182997080906320251101;2025-11-01;18;99904489;0
14194;182997087812520260101;2026-01-01;18;99904489;0
58227;182997144497520250601;2025-06-01;18;1339923;0
58247;182997244502620250601;2025-06-01;18;7212143;0
27056;182997281176620251101;2025-11-01;18;7212143;0
58228;182997344497620250601;2025-06-01;18;44048906;0
52189;182997374315220250701;2025-07-01;18;44048906;0
46227;182997374315320250801;2025-08-01;18;44048906;0
27048;182997381175120251101;2025-11-01;18;44048906;0
58229;182997444497720250601;2025-06-01;18;0001395658;0
52181;182997474288020250701;2025-07-01;18;0001395658;0
64483;182997474288120250501;2025-05-01;18;0001395658;0
58230;182997544497820250601;2025-06-01;18;3283101;0
58231;182997644498020250601;2025-06-01;18;12208493;0
33317;182997679100720251001;2025-10-01;18;12208493;0
26949;182997680810520251101;2025-11-01;18;12208493;0
58232;182997744498120250601;2025-06-01;18;27831477;0
26967;182997780812720251101;2025-11-01;18;27831477;0
58233;182997844498220250601;2025-06-01;18;81719370;0
33285;182997876118820251001;2025-10-01;18;81719370;0
20490;182997883016420251201;2025-12-01;18;81719370;0
58234;182997944498320250601;2025-06-01;18;556061;0
58235;182998044498420250601;2025-06-01;18;000000T6120;0
27035;182998081171120251101;2025-11-01;18;000000T6120;0
58248;182998144502720250601;2025-06-01;18;2000512780;0
58236;182998444500820250601;2025-06-01;18;627693811;0
58237;182998744501120250601;2025-06-01;18;38796821;0
58238;182998844501220250601;2025-06-01;18;201085737;0
58239;182999044501420250601;2025-06-01;18;10367906;0
33319;182999079101120251001;2025-10-01;18;10367906;0
58240;182999244501620250601;2025-06-01;18;1001271421;0
58241;182999444501820250601;2025-06-01;18;72517387;0
64484;182999474288320250501;2025-05-01;18;72517387;0
39787;182999478993320250901;2025-09-01;18;72517387;0
33291;182999478994020251001;2025-10-01;18;72517387;0
26944;182999480794620251101;2025-11-01;18;72517387;0
58242;182999544501920250601;2025-06-01;18;00001644243;0
58243;182999644502020250601;2025-06-01;18;2020338950;0
39773;182999675193420250901;2025-09-01;18;2020338950;0
58244;182999744502120250601;2025-06-01;18;47906758;0
39781;182999775194220250901;2025-09-01;18;47906758;0
70783;182999844502220250401;2025-04-01;18;619750132;0
64471;182999944502320250501;2025-05-01;18;00003020249;0
27017;182999981168120251101;2025-11-01;18;00003020249;0
58245;183000044502420250601;2025-06-01;18;8547243;0
16857;18310154888445120260101;2026-01-01;183;138187901891;2
16858;18310154988446220260101;2026-01-01;183;138972301878;2
16863;18310441590308320260101;2026-01-01;183;528974205949;0
3299;183113126194029420260401;2026-04-01;183;72532601253;0
67394;1831806521387420250501;2025-05-01;183;3085309806;0
48572;1831806574370020250801;2025-08-01;183;3085309806;0
29689;1831806581610720251101;2025-11-01;183;3085309806;0
4766;18319993190602120260301;2026-03-01;183;50131079;0
67395;1831999324501220250501;2025-05-01;183;50131079;0
61098;1831999356154920250601;2025-06-01;183;50131079;0
48555;1831999374305220250801;2025-08-01;183;50131079;0
36164;1831999376093720251001;2025-10-01;183;50131079;0
54578;1831999377563620250701;2025-07-01;183;50131079;0
29641;1831999378765520251101;2025-11-01;183;50131079;0
23262;1831999382835820251201;2025-12-01;183;50131079;0
61055;1831999524501520250601;2025-06-01;183;2087572991;0
42610;1831999575120620250901;2025-09-01;183;2087572991;0
16849;1831999587352420260101;2026-01-01;183;2087572991;0
61056;1831999624501620250601;2025-06-01;183;2020704275;0
36157;1831999675967120251001;2025-10-01;183;2020704275;0
23284;1831999687345120251201;2025-12-01;183;2020704275;0
61057;1831999724501720250601;2025-06-01;183;8095418;0
36158;1831999775967420251001;2025-10-01;183;8095418;0
61058;1831999924854220250601;2025-06-01;183;692970;0
42619;1831999975121520250901;2025-09-01;183;692970;0
36142;1831999975446620251001;2025-10-01;183;692970;0
48582;1831999977567820250801;2025-08-01;183;692970;0
23234;1831999981533520251201;2025-12-01;183;692970;0
61059;1832000024854320250601;2025-06-01;183;39816150;0
36159;1832000075967620251001;2025-10-01;183;39816150;0
61060;1832000124854520250601;2025-06-01;183;4001177999;0
10663;1832000188445320260201;2026-02-01;183;4001177999;2
23286;1832000189243020251201;2025-12-01;183;4001177999;0
61061;1832000224854620250601;2025-06-01;183;38609509;0
61062;1832000324854720250601;2025-06-01;183;38232111;0
61063;1832005628668120250601;2025-06-01;183;100132423614;0
42591;1832005674782520250901;2025-09-01;183;100132423614;0
36153;1832005675517520251001;2025-10-01;183;100132423614;0
23253;1832005682105820251201;2025-12-01;183;100132423614;0
10662;1832005688392420260201;2026-02-01;183;100132423614;0
10691;18323505191739320260201;2026-02-01;183;200004170361;0
23285;1832350587521220251201;2025-12-01;183;200004170361;0
61064;1832475341609420250601;2025-06-01;183;100121963396;2
23271;1832475383014920251201;2025-12-01;183;100121963396;0
16843;1832475386004420260101;2026-01-01;183;100121963396;2
10652;1832475388270320260201;2026-02-01;183;100121963396;0
4783;18324754191740520260301;2026-03-01;183;129080105930;0
61065;1832475441609520250601;2025-06-01;183;129080105930;0
54557;1832475470254420250701;2025-07-01;183;129080105930;0
48570;1832475474369820250801;2025-08-01;183;129080105930;0
36160;1832475476077820251001;2025-10-01;183;129080105930;0
29649;1832475479379620251101;2025-11-01;183;129080105930;0
16850;1832475487816720260101;2026-01-01;183;129080105930;0
4781;18324756191740320260301;2026-03-01;183;20619704;2
61066;1832475641609720250601;2025-06-01;183;20619704;0
73632;1832475675322620250401;2025-04-01;183;20619704;0
42631;1832475676396020250901;2025-09-01;183;20619704;0
48579;1832475676703020250801;2025-08-01;183;20619704;0
61067;1832475741609820250601;2025-06-01;183;00008397053;0
54558;1832475770256720250701;2025-07-01;183;00008397053;0
23258;1832475782367920251201;2025-12-01;183;00008397053;0
16826;1832475784940320260101;2026-01-01;183;00008397053;0
61068;1832475841610020250601;2025-06-01;183;5626935;0
54553;1832475869997420250701;2025-07-01;183;5626935;0
42616;1832475875121220250901;2025-09-01;183;5626935;0
4762;18324759189787220260301;2026-03-01;183;1060070434;0
61069;1832475941610120250601;2025-06-01;183;1060070434;0
42593;1832475974822720250901;2025-09-01;183;1060070434;0
54569;1832475976695420250701;2025-07-01;183;1060070434;0
48578;1832475976702820250801;2025-08-01;183;1060070434;0
61070;1832476041610220250601;2025-06-01;183;4000254643;0
42607;1832476075120320250901;2025-09-01;183;4000254643;0
73629;1832477341621520250401;2025-04-01;183;2323720;0
61110;1832477369992820250601;2025-06-01;183;2323720;0
54562;1832477371296820250701;2025-07-01;183;2323720;0
48573;1832477374825620250801;2025-08-01;183;2323720;0
42625;1832477375321220250901;2025-09-01;183;2323720;0
86160;1832477375920820250201;2025-02-01;183;2323720;0
92319;1832477375920920250101;2025-01-01;183;2323720;0
79883;1832477375921020250301;2025-03-01;183;2323720;0
67405;1832477376093120250501;2025-05-01;183;2323720;0
36176;1832477377572920251001;2025-10-01;183;2323720;0
29653;1832477379589420251101;2025-11-01;183;2323720;0
23276;1832477383399020251201;2025-12-01;183;2323720;0
61071;1832477441621620250601;2025-06-01;183;3085474585;0
42590;1832477474782420250901;2025-09-01;183;3085474585;0
42596;1832566274936920250901;2025-09-01;183;1345874;0
36151;1832566275500520251001;2025-10-01;183;1345874;0
29640;1832566278745620251101;2025-11-01;183;1345874;0
23252;1832566282053720251201;2025-12-01;183;1345874;0
10677;1832566290307820260201;2026-02-01;183;1345874;0
16861;1832566290307920260101;2026-01-01;183;1345874;0
4767;18325663190636320260301;2026-03-01;183;10571973;0
54552;1832566369992620250701;2025-07-01;183;10571973;0
48548;1832566373941520250801;2025-08-01;183;10571973;0
61120;1832566375320720250601;2025-06-01;183;10571973;0
23275;1832566383306320251201;2025-12-01;183;10571973;0
16835;1832566385573020260101;2026-01-01;183;10571973;0
58250;183270649834620250601;2025-06-01;18;3085510915;0
26897;183270679785820251101;2025-11-01;18;3085510915;0
58251;183270749834720250601;2025-06-01;18;3034057023;0
33347;183270781588020251001;2025-10-01;18;3034057023;0
20441;183270783002020251201;2025-12-01;18;3034057023;0
58252;183270849834820250601;2025-06-01;18;3085023646;0
26895;183270879785620251101;2025-11-01;18;3085023646;0
58253;183270949834920250601;2025-06-01;18;3030329886;0
4765;18329283190529020260301;2026-03-01;183;27108473;0
61072;1832928344417720250601;2025-06-01;183;27108473;0
42601;1832928375119120250901;2025-09-01;183;27108473;0
36156;1832928375913720251001;2025-10-01;183;27108473;0
67406;1832928376677920250501;2025-05-01;183;27108473;0
23260;1832928382626320251201;2025-12-01;183;27108473;0
10665;1832928388858120260201;2026-02-01;183;27108473;0
61073;1832928444417920250601;2025-06-01;183;55747301821;0
42599;1832928474940120250901;2025-09-01;183;55747301821;2
23256;1832928482106120251201;2025-12-01;183;55747301821;0
1133;18329285193432620260401;2026-04-01;183;135703400410;0
61074;1832928544418120250601;2025-06-01;183;135703400410;0
54556;1832928570052220250701;2025-07-01;183;135703400410;0
42612;1832928575120820250901;2025-09-01;183;135703400410;0
29666;1832928579705920251101;2025-11-01;183;135703400410;0
58254;183315949907920250601;2025-06-01;18;10013680127;0
46240;183315974825720250801;2025-08-01;18;10013680127;0
39771;183315975193120250901;2025-09-01;18;10013680127;0
26858;183315979416920251101;2025-11-01;18;10013680127;0
58255;183316049908020250601;2025-06-01;18;123985978;0
26826;183316079357120251101;2025-11-01;18;123985978;0
58256;183316149908120250601;2025-06-01;18;65727240;0
58257;183316249908220250601;2025-06-01;18;8344100457;0
26815;183316279343020251101;2025-11-01;18;8344100457;0
58258;183316349908320250601;2025-06-01;18;65756614;0
58259;183316449908420250601;2025-06-01;18;10090048;0
26840;183316479381420251101;2025-11-01;18;10090048;0
20513;183316483020420251201;2025-12-01;18;10090048;0
58260;183316549908520250601;2025-06-01;18;02003037879;0
58261;183316649908620250601;2025-06-01;18;W7050163544;0
58262;183316749908720250601;2025-06-01;18;102276418;0
58263;183316849908820250601;2025-06-01;18;0161119426;0
27081;183316881233020251101;2025-11-01;18;0161119426;0
58264;183316949908920250601;2025-06-01;18;252832405904;0
46241;183316975192720250801;2025-08-01;18;252832405904;0
26872;183316979425920251101;2025-11-01;18;252832405904;0
58265;183317049909020250601;2025-06-01;18;70879541;0
39755;183317074825020250901;2025-09-01;18;70879541;0
58266;183317149909120250601;2025-06-01;18;03001029346;0
58267;183317249909220250601;2025-06-01;18;107562087;0
26868;183317279423420251101;2025-11-01;18;107562087;0
58268;183317349909320250601;2025-06-01;18;2000276678;0
26865;183317379420920251101;2025-11-01;18;2000276678;0
58269;183317449909420250601;2025-06-01;18;10141688;0
20510;183317483020020251201;2025-12-01;18;10141688;0
58270;183317549909520250601;2025-06-01;18;65735137;0
26812;183317579336920251101;2025-11-01;18;65735137;0
58271;183317649909620250601;2025-06-01;18;204042119;0
52177;183317674211420250701;2025-07-01;18;204042119;0
58272;183317749909720250601;2025-06-01;18;33673012;0
58273;183317849909820250601;2025-06-01;18;10001100058;0
26859;183317879417520251101;2025-11-01;18;10001100058;0
58274;183318049910020250601;2025-06-01;18;02000010094;0
58275;183318149910120250601;2025-06-01;18;2;0
4773;18332795191077320260301;2026-03-01;183;42931452;0
61121;1833279575321620250601;2025-06-01;183;42931452;2
36169;1833279576123220251001;2025-10-01;183;42931452;0
29644;1833279579342920251101;2025-11-01;183;42931452;0
23261;1833279582825820251201;2025-12-01;183;42931452;0
16829;1833279585265220260101;2026-01-01;183;42931452;0
10673;1833279589296420260201;2026-02-01;183;42931452;0
61075;1833289449854920250601;2025-06-01;183;681384;0
42598;1833289474937320250901;2025-09-01;183;681384;0
36172;1833289476397120251001;2025-10-01;183;681384;0
29642;1833289479274420251101;2025-11-01;183;681384;0
16838;1833289485801420260101;2026-01-01;183;681384;0
61076;1833603355940820250601;2025-06-01;183;113166;0
54560;1833603370285220250701;2025-07-01;183;113166;0
42602;1833603375119220250901;2025-09-01;183;113166;0
67401;1833603375321120250501;2025-05-01;183;113166;0
23274;1833603383210620251201;2025-12-01;183;113166;0
10675;1833603390204920260201;2026-02-01;183;113166;0
61077;1833635455940920250601;2025-06-01;183;18612024;0
48566;1833635474369320250801;2025-08-01;183;18612024;0
42622;1833635475190820250901;2025-09-01;183;18612024;2
29670;1833635480050620251101;2025-11-01;183;18612024;0
4780;18336355191737620260301;2026-03-01;183;5190017179;0
61078;1833635555941020250601;2025-06-01;183;5190017179;0
42600;1833635575117920250901;2025-09-01;183;5190017179;0
48576;1833635575120220250801;2025-08-01;183;5190017179;0
67402;1833635575322420250501;2025-05-01;183;5190017179;0
54570;1833635576702520250701;2025-07-01;183;5190017179;0
29668;1833635579898420251101;2025-11-01;183;5190017179;0
23273;1833635583183220251201;2025-12-01;183;5190017179;0
61079;1833635655941120250601;2025-06-01;183;9758330;0
48549;1833635674201120250801;2025-08-01;183;9758330;0
29671;1833635680358720251101;2025-11-01;183;9758330;0
61080;1833635755941220250601;2025-06-01;183;10370188;0
29672;1833635780359620251101;2025-11-01;183;10370188;0
61081;1833635855941320250601;2025-06-01;183;36735505405;2
73630;1833635870051320250401;2025-04-01;183;36735505405;0
61082;1833635955941420250601;2025-06-01;183;9570143;2
48564;1833635974369120250801;2025-08-01;183;9570143;2
42603;1833635975119320250901;2025-09-01;183;9570143;2
36174;1833635976655720251001;2025-10-01;183;9570143;0
4777;18336360191470820260301;2026-03-01;183;1171510;0
61083;1833636055941520250601;2025-06-01;183;1171510;0
36175;1833636076746120251001;2025-10-01;183;1171510;0
29652;1833636079511020251101;2025-11-01;183;1171510;0
10676;1833636090216520260201;2026-02-01;183;1171510;0
61084;1833639755949320250601;2025-06-01;183;18729495;0
48567;1833639774369420250801;2025-08-01;183;18729495;0
42623;1833639775190920250901;2025-09-01;183;18729495;0
29669;1833639780050020251101;2025-11-01;183;18729495;0
61085;1833639855949620250601;2025-06-01;183;72810101840;0
29650;1833639879398720251101;2025-11-01;183;72810101840;2
23267;1833639882911120251201;2025-12-01;183;72810101840;0
16859;1833639888446320260101;2026-01-01;183;72810101840;2
4784;18336400192126820260301;2026-03-01;183;D7027864666;0
61086;1833640055949920250601;2025-06-01;183;D7027864666;0
23279;1833640084225420251201;2025-12-01;183;D7027864666;0
61087;1833644955967120250601;2025-06-01;183;1184830801847;0
23249;1833644982049120251201;2025-12-01;183;1184830801847;0
16855;1833644988444320260101;2026-01-01;183;1184830801847;2
61088;1833727356153820250601;2025-06-01;183;31386024;0
42606;1833727375119720250901;2025-09-01;183;31386024;0
4770;18337274190675420260301;2026-03-01;183;62650521;0
61089;1833727456153920250601;2025-06-01;183;62650521;0
42614;1833727475121020250901;2025-09-01;183;62650521;2
36165;1833727476106320251001;2025-10-01;183;62650521;0
54574;1833727476706120250701;2025-07-01;183;62650521;0
23250;1833727482049620251201;2025-12-01;183;62650521;0
16832;1833727485332520260101;2026-01-01;183;62650521;0
4769;18337275190675320260301;2026-03-01;183;106226185;0
3301;18337275194029720260401;2026-04-01;183;106226185;0
61090;1833727556154020250601;2025-06-01;183;106226185;0
42611;1833727575120720250901;2025-09-01;183;106226185;0
36167;1833727576106520251001;2025-10-01;183;106226185;0
54573;1833727576706020250701;2025-07-01;183;106226185;0
29647;1833727579358020251101;2025-11-01;183;106226185;0
16830;1833727585331920260101;2026-01-01;183;106226185;0
10669;1833727589210620260201;2026-02-01;183;106226185;0
61091;1833727656154120250601;2025-06-01;183;309695301862;0
48557;1833727674305420250801;2025-08-01;183;309695301862;0
29683;1833727681273720251101;2025-11-01;183;309695301862;0
54547;1833727756154220250701;2025-07-01;183;16883942;0
42594;1833727774823820250901;2025-09-01;183;16883942;0
61092;1833727856154320250601;2025-06-01;183;273614201861;2
48553;1833727874305020250801;2025-08-01;183;273614201861;2
29681;1833727881273520251101;2025-11-01;183;273614201861;0
10690;18337279191737520260201;2026-02-01;183;22962434;2
4792;18337279192449620260301;2026-03-01;183;22962434;2
61093;1833727956154420250601;2025-06-01;183;22962434;2
48568;1833727974369520250801;2025-08-01;183;22962434;2
29678;1833727981120520251101;2025-11-01;183;22962434;2
4791;18337280192441920260301;2026-03-01;183;47096448;2
61094;1833728056154520250601;2025-06-01;183;47096448;2
29677;1833728081110820251101;2025-11-01;183;47096448;2
61095;1833728156154620250601;2025-06-01;183;22252410;0
29663;1833728179705620251101;2025-11-01;183;22252410;0
61096;1833728256154720250601;2025-06-01;183;273613901818;0
48556;1833728274305320250801;2025-08-01;183;273613901818;0
29686;1833728281274020251101;2025-11-01;183;273613901818;0
61097;1833728356154820250601;2025-06-01;183;443593601800;2
48554;1833728374305120250801;2025-08-01;183;443593601800;2
29685;1833728381273920251101;2025-11-01;183;443593601800;0
4775;18337284191377220260301;2026-03-01;183;20041510;2
61099;1833728456155020250601;2025-06-01;183;20041510;2
42626;1833728475323720250901;2025-09-01;183;20041510;2
36173;1833728476655620251001;2025-10-01;183;20041510;2
54579;1833728477567620250701;2025-07-01;183;20041510;2
48583;1833728477568120250801;2025-08-01;183;20041510;2
29643;1833728479286220251101;2025-11-01;183;20041510;2
23272;1833728483044320251201;2025-12-01;183;20041510;2
16845;1833728486036220260101;2026-01-01;183;20041510;2
10674;1833728489861020260201;2026-02-01;183;20041510;2
61111;1833728570008320250601;2025-06-01;183;4000143781;0
42605;1833728575119520250901;2025-09-01;183;4000143781;0
4768;18337286190672020260301;2026-03-01;183;3575160;0
3300;18337286194029520260401;2026-04-01;183;3575160;0
61100;1833728656155120250601;2025-06-01;183;3575160;0
42617;1833728675121320250901;2025-09-01;183;3575160;0
36166;1833728676106420251001;2025-10-01;183;3575160;0
54575;1833728676706220250701;2025-07-01;183;3575160;0
29645;1833728679357820251101;2025-11-01;183;3575160;0
16833;1833728685332920260101;2026-01-01;183;3575160;0
10670;1833728689210720260201;2026-02-01;183;3575160;0
61101;1833728756155220250601;2025-06-01;183;437765901819;2
48550;1833728774304720250801;2025-08-01;183;437765901819;2
29684;1833728781273820251101;2025-11-01;183;437765901819;0
4771;18337288190676320260301;2026-03-01;183;79614906;0
3298;18337288194029220260401;2026-04-01;183;79614906;0
61102;1833728856155320250601;2025-06-01;183;79614906;0
42613;1833728875120920250901;2025-09-01;183;79614906;0
36168;1833728876106620251001;2025-10-01;183;79614906;0
54572;1833728876705920250701;2025-07-01;183;79614906;0
29646;1833728879357920251101;2025-11-01;183;79614906;0
16831;1833728885332020260101;2026-01-01;183;79614906;0
10668;1833728889210420260201;2026-02-01;183;79614906;0
61103;1833728956155420250601;2025-06-01;183;273613801822;2
48552;1833728974304920250801;2025-08-01;183;273613801822;2
29687;1833728981274620251101;2025-11-01;183;273613801822;0
23280;1833728984237620251201;2025-12-01;183;273613801822;0
61104;1833729056155520250601;2025-06-01;183;4003164753;0
42604;1833729075119420250901;2025-09-01;183;4003164753;0
67396;1833857867424420250501;2025-05-01;183;46755454;0
61105;1833857867424520250601;2025-06-01;183;46755454;0
48569;1833857874369620250801;2025-08-01;183;46755454;0
54576;1833857876706720250701;2025-07-01;183;46755454;0
36177;1833857877801820251001;2025-10-01;183;46755454;2
29680;1833857881273320251101;2025-11-01;183;46755454;0
23281;1833857884283320251201;2025-12-01;183;46755454;0
10681;1833857892740320260201;2026-02-01;183;46755454;0
61106;1833857967424620250601;2025-06-01;183;452246;0
54548;1833857967424720250701;2025-07-01;183;452246;0
42621;1833857975121720250901;2025-09-01;183;452246;0
29659;1833857979704920251101;2025-11-01;183;452246;0
23245;1833857982021320251201;2025-12-01;183;452246;0
61107;1833858067424820250601;2025-06-01;183;751405;0
54549;1833858067430920250701;2025-07-01;183;751405;0
67398;1833858069997620250501;2025-05-01;183;751405;0
42618;1833858075121420250901;2025-09-01;183;751405;0
29660;1833858079705220251101;2025-11-01;183;751405;0
10692;18338593191740220260201;2026-02-01;183;12428782;0
67397;1833859367431020250501;2025-05-01;183;12428782;0
61108;1833859367455220250601;2025-06-01;183;12428782;0
48565;1833859374369220250801;2025-08-01;183;12428782;0
29662;1833859379705520251101;2025-11-01;183;12428782;0
54550;1833860467456220250701;2025-07-01;183;100211905921;2
36171;1833860476372820251001;2025-10-01;183;100211905921;0
29636;1833860478610420251101;2025-11-01;183;100211905921;0
54551;1833860667457420250701;2025-07-01;183;19903478;2
42615;1833860675121120250901;2025-09-01;183;19903478;2
36141;1833860675385120251001;2025-10-01;183;19903478;2
29637;1833860678616620251101;2025-11-01;183;19903478;2
23228;1833860681423820251201;2025-12-01;183;19903478;2
16824;1833860684714020260101;2026-01-01;183;19903478;0
10650;1833860688128320260201;2026-02-01;183;19903478;2
61109;1833860767457520250601;2025-06-01;183;701513901809;2
36178;1833860778673920251001;2025-10-01;183;701513901809;2
29675;1833860780831920251101;2025-11-01;183;701513901809;2
23283;1833860787309620251201;2025-12-01;183;701513901809;2
10682;1833860792756120260201;2026-02-01;183;701513901809;0
54554;1833873169997520250701;2025-07-01;183;100043930073;0
36162;1833873176078720251001;2025-10-01;183;100043930073;0
23242;1833873181538520251201;2025-12-01;183;100043930073;0
16827;1833873184972620260101;2026-01-01;183;100043930073;0
10655;1833873188277320260201;2026-02-01;183;100043930073;0
4786;18338736192381720260301;2026-03-01;183;132005995;0
16851;1833873687935220260101;2026-01-01;183;132005995;0
10684;1833873693029920260201;2026-02-01;183;132005995;0
4778;18338738191737320260301;2026-03-01;183;71393323;0
61112;1833873970051520250601;2025-06-01;183;30194237;0
42624;1833873975313320250901;2025-09-01;183;30194237;0
48580;1833873976706820250801;2025-08-01;183;30194237;2
4776;18338740191380320260301;2026-03-01;183;56324197;0
61113;1833874070051620250601;2025-06-01;183;56324197;0
67399;1833874075320920250501;2025-05-01;183;56324197;0
16844;1833874086033720260101;2026-01-01;183;56324197;0
4761;18338742189786820260301;2026-03-01;183;134910100444;0
54555;1833874270052120250701;2025-07-01;183;134910100444;2
73631;1833875170055220250401;2025-04-01;183;3000149695;0
61114;1833875270055420250601;2025-06-01;183;273614301857;2
48559;1833875274305720250801;2025-08-01;183;273614301857;2
29682;1833875281273620251101;2025-11-01;183;273614301857;0
61115;1833884170253920250601;2025-06-01;183;2000120733;0
48571;1833884174369920250801;2025-08-01;183;2000120733;0
54559;1833885270256820250701;2025-07-01;183;20151761;0
42634;1833885277674720250901;2025-09-01;183;20151761;0
23232;1833885281532720251201;2025-12-01;183;20151761;0
16823;1833885284635620260101;2026-01-01;183;20151761;0
10649;1833885288036220260201;2026-02-01;183;20151761;0
61116;1833885470257320250601;2025-06-01;183;5026380;0
48563;1833885474369020250801;2025-08-01;183;5026380;0
29661;1833885479705320251101;2025-11-01;183;5026380;0
10689;18338855191379820260201;2026-02-01;183;2869672;0
61117;1833885670257520250601;2025-06-01;183;1399934;0
4996;18339947193431020260301;2026-03-01;183;117175100454;0
54561;1833994771142120250701;2025-07-01;183;117175100454;2
48585;1833994777568420250801;2025-08-01;183;117175100454;2
29665;1833994779705820251101;2025-11-01;183;117175100454;0
10679;1833994790374920260201;2026-02-01;183;117175100454;0
16864;1833994790440420260101;2026-01-01;183;117175100454;0
4793;18340218192582620260301;2026-03-01;183;498605951;0
10687;1834021893686620260201;2026-02-01;183;498605951;0
48551;1834609174304820250801;2025-08-01;183;172031201890;0
29654;1834609179689120251101;2025-11-01;183;172031201890;0
48558;1834609274305520250801;2025-08-01;183;172030001828;2
29655;1834609279689220251101;2025-11-01;183;172030001828;2
54563;1834632374368520250701;2025-07-01;183;774;0
48560;1834632374368620250801;2025-08-01;183;774;0
23243;1834632381625220251201;2025-12-01;183;774;0
42589;1834632474368720250901;2025-09-01;183;158793;0
61118;1834632475319920250601;2025-06-01;183;158793;0
36140;1834632475354320251001;2025-10-01;183;158793;0
29632;1834632478265520251101;2025-11-01;183;158793;0
23227;1834632481299720251201;2025-12-01;183;158793;0
48561;1834632574368820250801;2025-08-01;183;2336068;0
42597;1834632574937020250901;2025-09-01;183;2336068;0
36152;1834632575516220251001;2025-10-01;183;2336068;0
29648;1834632579358120251101;2025-11-01;183;2336068;0
10678;1834632590308020260201;2026-02-01;183;2336068;0
16862;1834632590308120260101;2026-01-01;183;2336068;0
48562;1834632674368920250801;2025-08-01;183;00002368520;0
42595;1834632674930720250901;2025-09-01;183;00002368520;0
61124;1834632676054320250601;2025-06-01;183;00002368520;0
54567;1834632676061320250701;2025-07-01;183;00002368520;0
58277;183478652247820250601;2025-06-01;18;3007122175;0
26871;183478679425720251101;2025-11-01;18;3007122175;0
20533;183478683023320251201;2025-12-01;18;3007122175;0
58278;183478752247920250601;2025-06-01;18;10075496;0
26975;183478780813920251101;2025-11-01;18;10075496;0
58279;183478852248020250601;2025-06-01;18;12482420;0
33325;183478879101920251001;2025-10-01;18;12482420;0
26956;183478880811420251101;2025-11-01;18;12482420;0
58280;183478952248120250601;2025-06-01;18;3002966553;0
20528;183478983022720251201;2025-12-01;18;3002966553;0
64481;183479073990320250501;2025-05-01;18;3012420287;0
89532;183479074344520250101;2025-01-01;18;3012420287;0
58348;183479074344820250601;2025-06-01;18;3012420287;0
52195;183479074345020250701;2025-07-01;18;3012420287;0
46234;183479074345320250801;2025-08-01;18;3012420287;0
103648;183479079000320241101;2024-11-01;18;3012420287;0
95755;183479079000520241201;2024-12-01;18;3012420287;0
33336;183479080793520251001;2025-10-01;18;3012420287;0
64472;183479152248220250501;2025-05-01;18;3011645692;0
89531;183479174342520250101;2025-01-01;18;3011645692;0
83315;183479174342720250201;2025-02-01;18;3011645692;0
58345;183479174342820250601;2025-06-01;18;3011645692;0
52192;183479174342920250701;2025-07-01;18;3011645692;0
46231;183479174343020250801;2025-08-01;18;3011645692;0
103649;183479179000620241101;2024-11-01;18;3011645692;0
95756;183479179000720241201;2024-12-01;18;3011645692;0
33334;183479180793220251001;2025-10-01;18;3011645692;0
58281;183486853047520250601;2025-06-01;18;78632421;0
33293;183486878997020251001;2025-10-01;18;78632421;0
26838;183486879380820251101;2025-11-01;18;78632421;0
58282;183486953047620250601;2025-06-01;18;1542603;0
26957;183486980811520251101;2025-11-01;18;1542603;0
58283;183487053047720250601;2025-06-01;18;W7029404761;0
39790;183487078994120250901;2025-09-01;18;W7029404761;0
27034;183487081171020251101;2025-11-01;18;W7029404761;0
42592;1834967674782620250901;2025-09-01;183;100132600834;0
36154;1834967675517720251001;2025-10-01;183;100132600834;0
29633;1834967678564720251101;2025-11-01;183;100132600834;0
23254;1834967682105920251201;2025-12-01;183;100132600834;0
10660;1834967688391220260201;2026-02-01;183;100132600834;0
4782;18351359191740420260301;2026-03-01;183;30020943;0
48574;1835135975119020250801;2025-08-01;183;30020943;0
61122;1835135975322120250601;2025-06-01;183;30020943;0
54571;1835135976702920250701;2025-07-01;183;30020943;0
4774;18351361191122520260301;2026-03-01;183;10024086868;0
48575;1835136175120120250801;2025-08-01;183;10024086868;0
67403;1835136175322520250501;2025-05-01;183;10024086868;0
10672;1835136189276020260201;2026-02-01;183;10024086868;0
42608;1835136275120420250901;2025-09-01;183;926785101811;2
23235;1835136281533620251201;2025-12-01;183;926785101811;0
16856;1835136288444920260101;2026-01-01;183;926785101811;2
42609;1835136375120520250901;2025-09-01;183;89152601835;2
23247;1835136382047820251201;2025-12-01;183;89152601835;0
16854;1835136388444220260101;2026-01-01;183;89152601835;2
4779;18351364191737420260301;2026-03-01;183;512860;2
42620;1835136475121620250901;2025-09-01;183;512860;0
23248;1835136482049020251201;2025-12-01;183;512860;0
4790;18352096192428220260301;2026-03-01;183;9434828;0
61119;1835209675320620250601;2025-06-01;183;9434828;0
4788;18352097192404820260301;2026-03-01;183;102373485;0
10693;18352097192428620260201;2026-02-01;183;102373485;0
67400;1835209775321020250501;2025-05-01;183;102373485;0
4785;18352118192147720260301;2026-03-01;183;11273306;0
16865;18352118192407420260101;2026-01-01;183;11273306;0
29690;1835211882266720251101;2025-11-01;183;11273306;0
36143;1835288875460420251001;2025-10-01;183;100012644060;0
23263;1835288882908920251201;2025-12-01;183;100012644060;0
10658;1835288888316220260201;2026-02-01;183;100012644060;0
36144;1835289175460720251001;2025-10-01;183;100081067123;0
42628;1835289175894420250901;2025-09-01;183;100081067123;0
23230;1835289181511120251201;2025-12-01;183;100081067123;2
16839;1835289185997220260101;2026-01-01;183;100081067123;0
10654;1835289188271220260201;2026-02-01;183;100081067123;0
36145;1835289275460820251001;2025-10-01;183;100151039832;0
61129;1835289276675920250601;2025-06-01;183;100151039832;2
23229;1835289281511020251201;2025-12-01;183;100151039832;0
16841;1835289286002820260101;2026-01-01;183;100151039832;0
10651;1835289288267020260201;2026-02-01;183;100151039832;0
36146;1835289375460920251001;2025-10-01;183;100012643820;0
61130;1835289376676020250601;2025-06-01;183;100012643820;0
23265;1835289382909220251201;2025-12-01;183;100012643820;0
16840;1835289385997320260101;2026-01-01;183;100012643820;0
10656;1835289388314320260201;2026-02-01;183;100012643820;0
4772;18352896190918720260301;2026-03-01;183;100151039891;0
36147;1835289675461220251001;2025-10-01;183;100151039891;0
29635;1835289678566320251101;2025-11-01;183;100151039891;0
23266;1835289682909620251201;2025-12-01;183;100151039891;2
16828;1835289685091620260101;2026-01-01;183;100151039891;0
10667;1835289689161120260201;2026-02-01;183;100151039891;0
36148;1835289775461320251001;2025-10-01;183;100226188791;0
61131;1835289776676120250601;2025-06-01;183;100226188791;0
23270;1835289783014820251201;2025-12-01;183;100226188791;0
10661;1835289788391920260201;2026-02-01;183;100226188791;0
16853;1835289788444120260101;2026-01-01;183;100226188791;2
36149;1835300875485220251001;2025-10-01;183;0410260629;0
54577;1835300877309820250701;2025-07-01;183;0410260629;0
42632;1835300877568620250901;2025-09-01;183;0410260629;0
29638;1835300878700420251101;2025-11-01;183;0410260629;0
4764;18353045190277320260301;2026-03-01;183;1789204;0
36150;1835304575492520251001;2025-10-01;183;1789204;0
42627;1835304575894220250901;2025-09-01;183;1789204;0
29639;1835304578745420251101;2025-11-01;183;1789204;0
16846;1835304586367420260101;2026-01-01;183;1789204;0
36155;1835468975662420251001;2025-10-01;183;620520;0
42629;1835468975935020250901;2025-09-01;183;620520;0
48581;1835468976740520250801;2025-08-01;183;620520;0
23240;1835468981534120251201;2025-12-01;183;620520;0
54564;1835581675894120250701;2025-07-01;183;7668;0
4787;18355861192381920260301;2026-03-01;183;62354105465;0
48577;1835586175902420250801;2025-08-01;183;62354105465;0
61123;1835586176036220250601;2025-06-01;183;62354105465;2
29676;1835586181098520251101;2025-11-01;183;62354105465;2
16852;1835586188002420260101;2026-01-01;183;62354105465;0
10683;1835586192899220260201;2026-02-01;183;62354105465;0
29631;1835586275902620251101;2025-11-01;183;3209113;2
23246;1835586282047320251201;2025-12-01;183;3209113;2
42630;1835608075935120250901;2025-09-01;183;977;0
54566;1835608076037320250701;2025-07-01;183;977;0
23233;1835608081533420251201;2025-12-01;183;977;0
16847;1835608087350820260101;2026-01-01;183;977;0
54565;1835638076037220250701;2025-07-01;183;307981095;2
29667;1835638079706020251101;2025-11-01;183;307981095;0
61125;1835645576064020250601;2025-06-01;183;N7075602849;0
54568;1835645576064120250701;2025-07-01;183;N7075602849;0
16848;1835645587351820260101;2026-01-01;183;N7075602849;0
61126;1835646976069620250601;2025-06-01;183;3095699049;0
4789;18356470192412720260301;2026-03-01;183;1013011267;2
67404;1835647076069720250501;2025-05-01;183;1013011267;0
61127;1835647076069820250601;2025-06-01;183;1013011267;0
48586;1835647077675020250801;2025-08-01;183;1013011267;2
23277;1835647083444520251201;2025-12-01;183;1013011267;2
10680;1835647090773320260201;2026-02-01;183;1013011267;0
36161;1835651676078420251001;2025-10-01;183;100070750030;0
61133;1835651676678020250601;2025-06-01;183;100070750030;0
23241;1835651681538320251201;2025-12-01;183;100070750030;0
16837;1835651685751520260101;2026-01-01;183;100070750030;0
10657;1835651688314920260201;2026-02-01;183;100070750030;0
36163;1835652076078920251001;2025-10-01;183;100072608516;0
61128;1835652076675720250601;2025-06-01;183;100072608516;0
29634;1835652078566020251101;2025-11-01;183;100072608516;0
23259;1835652082620520251201;2025-12-01;183;100072608516;0
36170;1835740376369920251001;2025-10-01;183;100017554612;0
23231;1835740381511720251201;2025-12-01;183;100017554612;0
16834;1835740385414220260101;2026-01-01;183;100017554612;0
10653;1835740388270420260201;2026-02-01;183;100017554612;2
61132;1835891976676220250601;2025-06-01;183;100180482234;2
23257;1835891982106620251201;2025-12-01;183;100180482234;0
16836;1835891985594320260101;2026-01-01;183;100180482234;0
10671;1835891989244720260201;2026-02-01;183;100180482234;0
4995;18360034193430920260301;2026-03-01;183;42618100407;0
54580;1836003477567720250701;2025-07-01;183;42618100407;0
48584;1836003477568320250801;2025-08-01;183;42618100407;0
29664;1836003479705720251101;2025-11-01;183;42618100407;0
54581;1836015977626920250701;2025-07-01;183;121085741;0
29674;1836015980816920251101;2025-11-01;183;121085741;0
4763;18360160190184520260301;2026-03-01;183;12874305489;2
1132;18360160193431120260401;2026-04-01;183;12874305489;0
42633;1836016077627020250901;2025-09-01;183;12874305489;0
29651;1836016079405220251101;2025-11-01;183;12874305489;0
23255;1836016082106020251201;2025-12-01;183;12874305489;0
10666;1836016088891620260201;2026-02-01;183;12874305489;0
42635;1836038177674820250901;2025-09-01;183;39783028;0
23251;1836038182050920251201;2025-12-01;183;39783028;0
16825;1836038184771220260101;2026-01-01;183;39783028;0
10664;1836038188447620260201;2026-02-01;183;39783028;0
42636;1836038377675220250901;2025-09-01;183;54640843;0
58284;183625155928920250601;2025-06-01;18;30335141;0
58285;183625255929020250601;2025-06-01;18;3080602465;0
26890;183625279435720251101;2025-11-01;18;3080602465;0
58286;183625355929120250601;2025-06-01;18;3092070117;0
52187;183625374315020250701;2025-07-01;18;3092070117;0
26900;183625379786220251101;2025-11-01;18;3092070117;0
58287;183625455929220250601;2025-06-01;18;13359916;0
58288;183625555929320250601;2025-06-01;18;28115350;0
58289;183625655929420250601;2025-06-01;18;30745373;0
27024;183625781168920251101;2025-11-01;18;W0002617416;0
58290;183625855929520250601;2025-06-01;18;3013440;0
26964;183625880812220251101;2025-11-01;18;3013440;0
29656;1836848979689320251101;2025-11-01;183;84342801805;2
29657;1836849079689420251101;2025-11-01;183;606481801833;2
29658;1836849179689620251101;2025-11-01;183;180322101838;2
23387;1836858020251201;2025-12-01;183;1134069-0;0
16968;1836858020260101;2026-01-01;183;1134069-0;0
10791;1836858020260201;2026-02-01;183;1134069-0;0
4874;1836858020260301;2026-03-01;183;1134069-0;0
4876;1836863020260301;2026-03-01;183;200008876382;0
4877;1836866020260301;2026-03-01;183;4000452655;0
4878;1836871020260301;2026-03-01;183;3083022201;0
4798;18369486120260301;2026-03-01;183;117175100454;0
4844;18369506420260301;2026-03-01;183;42618100407;0
4881;1836957020260301;2026-03-01;183;681384;2
933089;1836957020260401;2026-04-01;183;681384;0
933099;1836989020260401;2026-04-01;183;164693801218;0
933103;1836993020260401;2026-04-01;183;452246;2
933106;1836996020260401;2026-04-01;183;96453001972;0
4883;1837135020260301;2026-03-01;183;528974205949 - DEVEC;0
23363;18371352020251201;2025-12-01;183;528974205949 - DEVEC;0
10762;18371352220260201;2026-02-01;183;528974205949 - DEVEC;0
321507;18371621020210701;2021-07-01;183;32371833;0
320055;18371621120210801;2021-08-01;183;32371833;0
333267;1837162120201001;2020-10-01;183;32371833;0
318521;18371621220210901;2021-09-01;183;32371833;0
316909;18371621320211001;2021-10-01;183;32371833;0
332215;1837162220201101;2020-11-01;183;32371833;0
331113;1837162320201201;2020-12-01;183;32371833;0
329991;1837162420210101;2021-01-01;183;32371833;0
328617;1837162520210201;2021-02-01;183;32371833;0
327210;1837162620210301;2021-03-01;183;32371833;0
325805;1837162720210401;2021-04-01;183;32371833;0
324358;1837162820210501;2021-05-01;183;32371833;0
322925;1837162920210601;2021-06-01;183;32371833;0
331078;1837208220201201;2020-12-01;183;18731;0
149722;1837242120240501;2024-05-01;183;158793;0
143467;1837242220240601;2024-06-01;183;158793;0
29673;1837259680816420251101;2025-11-01;183;764974301871;2
23278;1837259683645120251201;2025-12-01;183;764974301871;2
10685;1837259693135220260201;2026-02-01;183;764974301871;2
58291;183729256155720250601;2025-06-01;18;4002677086;0
26913;183729279925620251101;2025-11-01;18;4002677086;0
58292;183729356155820250601;2025-06-01;18;78608945;0
58293;183729456155920250601;2025-06-01;18;109205405;0
14195;183729487812920260101;2026-01-01;18;109205405;0
58294;183729556156020250601;2025-06-01;18;3011965312;0
27001;183729580908320251101;2025-11-01;18;3011965312;0
58295;183729656156120250601;2025-06-01;18;3007286782;0
20519;183729683021420251201;2025-12-01;18;3007286782;0
58296;183729756156220250601;2025-06-01;18;3095194794;0
26884;183729779431620251101;2025-11-01;18;3095194794;0
58297;183729856156320250601;2025-06-01;18;69503230;0
58298;183729956156420250601;2025-06-01;18;4002253796;0
27082;183729981233920251101;2025-11-01;18;4002253796;0
58299;183730056156520250601;2025-06-01;18;3012145213;0
20517;183730083021120251201;2025-12-01;18;3012145213;0
58300;183730156156620250601;2025-06-01;18;3010108418;0
58301;183730256156720250601;2025-06-01;18;3010169558;0
26894;183730279451220251101;2025-11-01;18;3010169558;0
20518;183730283021320251201;2025-12-01;18;3010169558;0
58302;183730356156820250601;2025-06-01;18;104946237;0
52206;183730374376920250701;2025-07-01;18;104946237;0
39795;183730378996620250901;2025-09-01;18;104946237;0
46254;183730378996720250801;2025-08-01;18;104946237;0
95760;183730379001820241201;2024-12-01;18;104946237;0
26941;183730380793020251101;2025-11-01;18;104946237;0
14196;183730388038020260101;2026-01-01;18;104946237;0
29679;1837428281231820251101;2025-11-01;183;269853501856;0
58303;183746756182220250601;2025-06-01;18;116719303;0
33330;183746779401320251001;2025-10-01;18;116719303;0
58304;183746856182320250601;2025-06-01;18;88392066;0
58305;183746956182420250601;2025-06-01;18;74807731;0
26908;183747079898320251101;2025-11-01;18;55165025;0
58306;183747156182520250601;2025-06-01;18;56276443;0
29688;1837471581278320251101;2025-11-01;183;567182801812;0
10686;1837471593378320260201;2026-02-01;183;567182801812;2
58307;183747256182620250601;2025-06-01;18;1549598;0
26960;183747280811820251101;2025-11-01;18;1549598;0
58308;183747356182720250601;2025-06-01;18;00001164749;0
27023;183747381168820251101;2025-11-01;18;00001164749;0
23236;1837582481533720251201;2025-12-01;183;848276;0
23237;1837582581533820251201;2025-12-01;183;848279;0
23238;1837582681533920251201;2025-12-01;183;842755;0
23239;1837582781534020251201;2025-12-01;183;1108508;0
23244;1837617381627020251201;2025-12-01;183;728;0
23264;1838142082909020251201;2025-12-01;183;100135591178;0
16842;1838142086002920260101;2026-01-01;183;100135591178;0
10659;1838142088316520260201;2026-02-01;183;100135591178;0
23268;1838143982915520251201;2025-12-01;183;11980901810;0
16860;1838143988446420260101;2026-01-01;183;11980901810;0
23269;1838144082915620251201;2025-12-01;183;129080105930;0
52150;183888370274320250701;2025-07-01;18;203274555;0
52151;183888470274420250701;2025-07-01;18;202924012;0
26856;183888479414020251101;2025-11-01;18;202924012;0
58309;183888570274520250601;2025-06-01;18;3095311489;0
52186;183888574314820250701;2025-07-01;18;3095311489;0
46226;183888574314920250801;2025-08-01;18;3095311489;0
26905;183888579897420251101;2025-11-01;18;3095311489;0
58310;183888670274620250601;2025-06-01;18;39871533;0
26920;183888679927620251101;2025-11-01;18;39871533;0
52152;183888770274720250701;2025-07-01;18;203274543;0
58311;183888870274920250601;2025-06-01;18;3085179946;0
58312;183888970275020250601;2025-06-01;18;2023451521;0
26945;183888980808920251101;2025-11-01;18;2023451521;0
58313;183889070275120250601;2025-06-01;18;3081576697;0
26906;183889079897520251101;2025-11-01;18;3081576697;0
58314;183889170275220250601;2025-06-01;18;41156722;0
26980;183889180816520251101;2025-11-01;18;41156722;0
58315;183889270275320250601;2025-06-01;18;82893870;0
58316;183889370275420250601;2025-06-01;18;30672881;0
58317;183889470275520250601;2025-06-01;18;271675;0
33340;183889480808520251001;2025-10-01;18;271675;0
26951;183889480810720251101;2025-11-01;18;271675;0
52153;183889570275620250701;2025-07-01;18;203274548;0
58318;183889670275720250601;2025-06-01;18;3080603002;0
26891;183889679436320251101;2025-11-01;18;3080603002;0
52154;183889770275820250701;2025-07-01;18;203274550;0
52155;183889870275920250701;2025-07-01;18;203274547;0
52156;183889970276020250701;2025-07-01;18;203274560;0
58319;183890070276120250601;2025-06-01;18;55968520;0
14210;183890094013720260101;2026-01-01;18;55968520;0
58320;183890170276220250601;2025-06-01;18;200762564;0
52174;183890174210920250701;2025-07-01;18;200762564;0
58321;183890270276320250601;2025-06-01;18;17515802;0
27054;183890281176020251101;2025-11-01;18;17515802;0
58322;183890370276420250601;2025-06-01;18;43596835;0
20496;183890383017720251201;2025-12-01;18;43596835;0
52157;183890470276520250701;2025-07-01;18;203274554;0
52158;183890570276620250701;2025-07-01;18;3085689390;0
26887;183890579434420251101;2025-11-01;18;3085689390;0
58323;183890670276720250601;2025-06-01;18;3095792483;0
27076;183890681199820251101;2025-11-01;18;3095792483;0
58324;183890770276820250601;2025-06-01;18;3015386194;0
27012;183890780916820251101;2025-11-01;18;3015386194;0
58325;183890870276920250601;2025-06-01;18;13940040;0
39796;183890878996820250901;2025-09-01;18;13940040;0
52159;183890970277020250701;2025-07-01;18;203274549;0
58326;183891070277120250601;2025-06-01;18;125361939;0
58327;183891170277220250601;2025-06-01;18;651780;0
26939;183891180792820251101;2025-11-01;18;651780;0
58328;183891270277320250601;2025-06-01;18;4000128165;0
26971;183891280813520251101;2025-11-01;18;4000128165;0
58329;183891370277420250601;2025-06-01;18;3091406288;0
58330;183891470277520250601;2025-06-01;18;3085211486;0
26896;183891479785720251101;2025-11-01;18;3085211486;0
58331;183891570277620250601;2025-06-01;18;3085543548;0
52160;183891670277720250701;2025-07-01;18;77635604;0
52161;183891770277820250701;2025-07-01;18;201235703;0
46215;183891774211020250801;2025-08-01;18;201235703;0
39763;183891775191320250901;2025-09-01;18;201235703;0
33305;183891778998220251001;2025-10-01;18;201235703;0
26807;183891779111620251101;2025-11-01;18;201235703;0
52162;183891870277920250701;2025-07-01;18;203274556;0
52163;183891970278020250701;2025-07-01;18;203274561;0
58332;183892070278120250601;2025-06-01;18;3090895974;0
26898;183892079785920251101;2025-11-01;18;3090895974;0
58333;183892170278220250601;2025-06-01;18;3004227497;0
27006;183892180909520251101;2025-11-01;18;3004227497;0
52164;183892270278320250701;2025-07-01;18;68748591;0
46212;183892274210220250801;2025-08-01;18;68748591;0
39769;183892275191920250901;2025-09-01;18;68748591;0
33303;183892278998020251001;2025-10-01;18;68748591;0
26810;183892279111920251101;2025-11-01;18;68748591;0
58335;183892370278520250601;2025-06-01;18;3006068303;0
27008;183892380910620251101;2025-11-01;18;3006068303;0
58336;183892470278620250601;2025-06-01;18;4893883;0
16822;1838967184619420260101;2026-01-01;183;100226188791;2
10688;18392628190553520260201;2026-02-01;183;528974205949;0
5052;18392628193730120260301;2026-03-01;183;528974205949;0
23282;1839262885661820251201;2025-12-01;183;528974205949;0
20916;183993020251201;2025-12-01;18;73543501839;0
58337;183994871142220250601;2025-06-01;18;4000313687;0
52207;183994874377220250701;2025-07-01;18;4000313687;0
70784;183994971142320250401;2025-04-01;18;4002978472;0
58338;183994971142420250601;2025-06-01;18;4002978472;0
33333;183994980792720251001;2025-10-01;18;4002978472;0
58339;183996971181820250601;2025-06-01;18;27332897;0
64473;183996971181920250501;2025-05-01;18;27332897;0
89529;183996974339720250101;2025-01-01;18;27332897;0
52190;183996974339820250701;2025-07-01;18;27332897;0
52165;183997071182020250701;2025-07-01;18;2959143;0
58340;183997071182120250601;2025-06-01;18;2959143;0
39789;183997078993720250901;2025-09-01;18;2959143;0
33290;183997078993820251001;2025-10-01;18;2959143;0
46245;183997078993920250801;2025-08-01;18;2959143;0
40350;184025020250901;2025-09-01;18;29245301827;0
20923;184027020251201;2025-12-01;18;89923701807;0
20924;184028020251201;2025-12-01;18;98275101820;0
27131;1840293520251101;2025-11-01;18;105645601887;0
27151;1840303520251101;2025-11-01;18;162616501860;0
27153;1840313520251101;2025-11-01;18;172540401880;0
20925;184032020251201;2025-12-01;18;183897801878;0
20926;184033020251201;2025-12-01;18;208043601832;0
58812;184037020250601;2025-06-01;18;267682601843;0
20927;184037020251201;2025-12-01;18;267682601843;0
58814;184045020250601;2025-06-01;18;555266301851;0
27268;1840453420251101;2025-11-01;18;555266301851;0
27271;1840463320251101;2025-11-01;18;561449201818;0
20929;184048020251201;2025-12-01;18;607354301806;0
20930;184050020251201;2025-12-01;18;643839801804;0
20931;184052020251201;2025-12-01;18;682009501822;0
58730;1840533020250601;2025-06-01;18;713460501857;0
20932;184054020251201;2025-12-01;18;719566701819;0
58733;1840543020250601;2025-06-01;18;719566701819;0
27293;1840543520251101;2025-11-01;18;719566701819;0
20933;184057020251201;2025-12-01;18;804350801838;0
27307;1840583520251101;2025-11-01;18;820583301840;0
27308;1840593420251101;2025-11-01;18;821598901821;0
20935;184062020251201;2025-12-01;18;876372101832;0
58816;184064020250601;2025-06-01;18;916634501829;0
20936;184064020251201;2025-12-01;18;916634501829;0
20937;184065020251201;2025-12-01;18;1021914601831;0
27127;1840653820251101;2025-11-01;18;1021914601831;0
58817;184066020250601;2025-06-01;18;1046282101845;0
64474;184069071397720250501;2025-05-01;18;5494125;0
27015;184069081068520251101;2025-11-01;18;5494125;0
64475;184069171397820250501;2025-05-01;18;7591013;0
58350;184069174346220250601;2025-06-01;18;7591013;0
111633;184069179001120241001;2024-10-01;18;7591013;0
52219;184069181541920250701;2025-07-01;18;7591013;0
46258;184069181542520250801;2025-08-01;18;7591013;0
58341;184069271397920250601;2025-06-01;18;8433599;0
58342;184069371398020250601;2025-06-01;18;8454410;0
70785;184069471398120250401;2025-04-01;18;9003072;0
89542;184069479001620250101;2025-01-01;18;9003072;0
58384;184069481738020250601;2025-06-01;18;9003072;0
46259;184069481738220250801;2025-08-01;18;9003072;0
255073;184175120230101;2023-01-01;18;33673012;0
20991;184223020251201;2025-12-01;18;41479801802;0
20992;184224020251201;2025-12-01;18;190343001818;0
58842;184226020250601;2025-06-01;18;358359001802;0
104242;184228020241101;2024-11-01;18;702372301845;0
65104;184228020250501;2025-05-01;18;702372301845;0
58843;184228020250601;2025-06-01;18;702372301845;0
52778;184228020250701;2025-07-01;18;702372301845;0
46840;184228020250801;2025-08-01;18;702372301845;0
33899;184228020251001;2025-10-01;18;702372301845;0
27134;1842333520251101;2025-11-01;18;1138953801890;0
64476;184307373776220250501;2025-05-01;18;9995633;0
64477;184307473776320250501;2025-05-01;18;11734027;0
46260;184307481738320250801;2025-08-01;18;11734027;0
83314;184307573776420250201;2025-02-01;18;23340997;0
21041;184329020251201;2025-12-01;18;984882001807;0
27333;1843293520251101;2025-11-01;18;984882001807;0
27286;1843303520251101;2025-11-01;18;666561901810;0
64478;184361873912520250501;2025-05-01;18;404778805948;0
52202;184361874347320250701;2025-07-01;18;404778805948;0
58354;184361874347420250601;2025-06-01;18;404778805948;0
70788;184361875192420250401;2025-04-01;18;404778805948;0
83317;184361875192520250201;2025-02-01;18;404778805948;0
89536;184361875192620250101;2025-01-01;18;404778805948;0
46249;184361878995620250801;2025-08-01;18;404778805948;0
95750;184361878999120241201;2024-12-01;18;404778805948;0
103644;184361878999320241101;2024-11-01;18;404778805948;0
27097;184361889679420251101;2025-11-01;18;404778805948;0
20556;184361889680320251201;2025-12-01;18;404778805948;0
64479;184361973912620250501;2025-05-01;18;529866405901;0
52180;184361974287820250701;2025-07-01;18;529866405901;0
77045;184361974287920250301;2025-03-01;18;529866405901;0
58358;184361975192120250601;2025-06-01;18;529866405901;0
83316;184361975192220250201;2025-02-01;18;529866405901;0
89535;184361975192320250101;2025-01-01;18;529866405901;0
46250;184361978995820250801;2025-08-01;18;529866405901;0
95748;184361978998820241201;2024-12-01;18;529866405901;0
103642;184361978998920241101;2024-11-01;18;529866405901;0
33346;184361981185220251001;2025-10-01;18;529866405901;0
27098;184361989679720251101;2025-11-01;18;529866405901;0
20557;184361989680920251201;2025-12-01;18;529866405901;0
58343;184370873934320250601;2025-06-01;18;14134731;0
33321;184370879101320251001;2025-10-01;18;14134731;0
27042;184370881174220251101;2025-11-01;18;14134731;0
52166;184372573941720250701;2025-07-01;18;11518133;0
27046;184372581174720251101;2025-11-01;18;11518133;0
64480;184383873990220250501;2025-05-01;18;3009019698;0
89530;184383874341820250101;2025-01-01;18;3009019698;0
58344;184383874341920250601;2025-06-01;18;3009019698;0
52191;184383874342120250701;2025-07-01;18;3009019698;0
103647;184383879000220241101;2024-11-01;18;3009019698;0
46255;184383880793320250801;2025-08-01;18;3009019698;0
33335;184383880793420251001;2025-10-01;18;3009019698;0
64482;184383973990420250501;2025-05-01;18;3287798;0
52804;184384020250701;2025-07-01;18;100150701841;0
46864;184384020250801;2025-08-01;18;100150701841;0
40401;184384020250901;2025-09-01;18;100150701841;0
33928;184384020251001;2025-10-01;18;100150701841;0
27427;184384020251101;2025-11-01;18;100150701841;0
249425;184407220230201;2023-02-01;18;00009059548;0
244010;184407320230301;2023-03-01;18;00009059548;0
238732;184407420230401;2023-04-01;18;00009059548;0
46867;184415020250801;2025-08-01;18;201085737;0
40404;184415020250901;2025-09-01;18;201085737;0
33931;184415020251001;2025-10-01;18;201085737;0
21058;184415020251201;2025-12-01;18;201085737;0
8466;184415020260201;2026-02-01;18;201085737;0
2677;184415020260301;2026-03-01;18;201085737;0
259982;184428120221201;2022-12-01;18;37058647;0
255089;184428220230101;2023-01-01;18;37058647;0
260031;184432120221201;2022-12-01;18;N7035944437;0
255324;184432220230101;2023-01-01;18;N7035944437;0
249921;184432320230201;2023-02-01;18;N7035944437;0
244500;184432420230301;2023-03-01;18;N7035944437;0
244236;184445120230301;2023-03-01;18;3095194794;0
164569;184445220240301;2024-03-01;18;3095194794;0
146742;184445320240501;2024-05-01;18;3095194794;0
140496;184445420240601;2024-06-01;18;3095194794;0
52168;184550774209620250701;2025-07-01;18;32255829;0
46210;184550774209720250801;2025-08-01;18;32255829;0
39768;184550775191820250901;2025-09-01;18;32255829;0
33310;184550778998720251001;2025-10-01;18;32255829;0
26809;184550779111820251101;2025-11-01;18;32255829;0
52169;184550874209820250701;2025-07-01;18;44960034;0
39760;184550875191020250901;2025-09-01;18;44960034;0
33308;184550878998520251001;2025-10-01;18;44960034;0
27094;184550887803920251101;2025-11-01;18;44960034;0
52170;184550974209920250701;2025-07-01;18;52933431;0
39761;184550975191120250901;2025-09-01;18;52933431;0
33288;184550978993420251001;2025-10-01;18;52933431;0
52172;184551074210320250701;2025-07-01;18;81001363;0
46213;184551074210620250801;2025-08-01;18;81001363;0
39762;184551075191220250901;2025-09-01;18;81001363;0
33309;184551078998620251001;2025-10-01;18;81001363;0
27079;184551081232720251101;2025-11-01;18;81001363;0
52175;184551174211120250701;2025-07-01;18;202834333;0
46216;184551174211220250801;2025-08-01;18;202834333;0
39764;184551175191420250901;2025-09-01;18;202834333;0
33306;184551178998320251001;2025-10-01;18;202834333;0
26808;184551179111720251101;2025-11-01;18;202834333;0
52178;184551274211520250701;2025-07-01;18;65751159;0
46217;184551274211620250801;2025-08-01;18;65751159;0
39766;184551275191620250901;2025-09-01;18;65751159;0
52179;184551374211720250701;2025-07-01;18;203472894;0
46218;184551374211820250801;2025-08-01;18;203472894;0
39767;184551375191720250901;2025-09-01;18;203472894;0
46219;184592174284520250801;2025-08-01;18;14557533;0
27055;184592181176320251101;2025-11-01;18;14557533;0
46220;184613674313620250801;2025-08-01;18;10037216889;0
39786;184613678993220250901;2025-09-01;18;10037216889;0
46221;184613774313720250801;2025-08-01;18;10036636175;0
46223;184613874313920250801;2025-08-01;18;3000165697;0
26990;184613880906220251101;2025-11-01;18;3000165697;0
46224;184613974314020250801;2025-08-01;18;14617601889;0
26863;184614079419520251101;2025-11-01;18;6772170;0
52182;184614174314320250701;2025-07-01;18;7575939;0
70786;184614174314420250401;2025-04-01;18;7575939;0
33344;184614181176220251001;2025-10-01;18;7575939;0
52183;184614274314520250701;2025-07-01;18;10023743636;0
26860;184614279418220251101;2025-11-01;18;10023743636;0
52184;184614374314620250701;2025-07-01;18;10011317548;0
39785;184614378993120250901;2025-09-01;18;10011317548;0
52185;184614474314720250701;2025-07-01;18;10008178818;0
52188;184614574315120250701;2025-07-01;18;3091012538;0
46243;184614575193220250801;2025-08-01;18;3091012538;0
26899;184614579786020251101;2025-11-01;18;3091012538;0
46228;184623874339920250801;2025-08-01;18;144204800437;0
46229;184623974340020250801;2025-08-01;18;150069209;0
46230;184624074340120250801;2025-08-01;18;150401917;0
33326;184624079149720251001;2025-10-01;18;150401917;0
26938;184624080792620251101;2025-11-01;18;150401917;0
64485;184624774343120250501;2025-05-01;18;3011932035;0
58346;184624774343220250601;2025-06-01;18;3011932035;0
52193;184624774343520250701;2025-07-01;18;3011932035;0
46232;184624774343720250801;2025-08-01;18;3011932035;0
103646;184624779000120241101;2024-11-01;18;3011932035;0
89541;184624779000820250101;2025-01-01;18;3011932035;0
111634;184624779001320241001;2024-10-01;18;3011932035;0
58347;184624974344020250601;2025-06-01;18;3012053460;0
52194;184624974344120250701;2025-07-01;18;3012053460;0
46233;184624974344420250801;2025-08-01;18;3012053460;0
95754;184624979000020241201;2024-12-01;18;3012053460;0
103651;184624979001420241101;2024-11-01;18;3012053460;0
89533;184625374345420250101;2025-01-01;18;3013499061;0
64486;184625374345520250501;2025-05-01;18;3013499061;0
58349;184625374345720250601;2025-06-01;18;3013499061;0
52196;184625374345920250701;2025-07-01;18;3013499061;0
46235;184625374346020250801;2025-08-01;18;3013499061;0
70791;184625379000920250401;2025-04-01;18;3013499061;0
103650;184625379001020241101;2024-11-01;18;3013499061;0
95757;184625379001220241201;2024-12-01;18;3013499061;0
46236;184625474346320250801;2025-08-01;18;9007247;0
52197;184625474346420250701;2025-07-01;18;9007247;0
58351;184625474346520250601;2025-06-01;18;9007247;0
39783;184625475194420250901;2025-09-01;18;9007247;0
27090;184625487425720251101;2025-11-01;18;9007247;0
20552;184625487426020251201;2025-12-01;18;9007247;0
52199;184625574346820250701;2025-07-01;18;38430920;0
58352;184625574346920250601;2025-06-01;18;38430920;0
27047;184625581174920251101;2025-11-01;18;38430920;0
52200;184625674347020250701;2025-07-01;18;120427588;0
27045;184625681174620251101;2025-11-01;18;120427588;0
52201;184625774347120250701;2025-07-01;18;2206205955;0
58353;184625774347220250601;2025-06-01;18;2206205955;0
70789;184625775192820250401;2025-04-01;18;2206205955;0
89537;184625775192920250101;2025-01-01;18;2206205955;0
95749;184625778999020241201;2024-12-01;18;2206205955;0
103643;184625778999220241101;2024-11-01;18;2206205955;0
33345;184625781181220251001;2025-10-01;18;2206205955;0
27096;184625789678820251101;2025-11-01;18;2206205955;0
20555;184625789680220251201;2025-12-01;18;2206205955;0
52203;184625874347520250701;2025-07-01;18;MTE0015027;0
58355;184625874347620250601;2025-06-01;18;MTE0015027;0
89540;184625878999620250101;2025-01-01;18;MTE0015027;0
95752;184625878999720241201;2024-12-01;18;MTE0015027;0
20558;184625889682820251201;2025-12-01;18;MTE0015027;0
52204;184625974347720250701;2025-07-01;18;MTE0015101;0
58356;184625974347820250601;2025-06-01;18;MTE0015101;0
89539;184625978999520250101;2025-01-01;18;MTE0015101;0
95753;184625978999820241201;2024-12-01;18;MTE0015101;0
70787;184626074347920250401;2025-04-01;18;MTE0017832;0
52205;184626074348020250701;2025-07-01;18;MTE0017832;0
58357;184626074348120250601;2025-06-01;18;MTE0017832;0
95751;184626078999420241201;2024-12-01;18;MTE0017832;0
46238;184637374376820250801;2025-08-01;18;76696561;0
95759;184637379001720241201;2024-12-01;18;76696561;0
26942;184637380793120251101;2025-11-01;18;76696561;0
33350;184637381738620251001;2025-10-01;18;76696561;0
89534;184746474507620250101;2025-01-01;18;W7038572382;0
52208;184746474508020250701;2025-07-01;18;W7038572382;0
46239;184746474508320250801;2025-08-01;18;W7038572382;0
27041;184746481174020251101;2025-11-01;18;W7038572382;0
33936;184804020251001;2025-10-01;18;1296901;0
249426;184823120230201;2023-02-01;18;00009079333;0
244011;184823220230301;2023-03-01;18;00009079333;0
238733;184823320230401;2023-04-01;18;00009079333;0
254840;184823420230101;2023-01-01;18;00009079333;0
21078;184866020251201;2025-12-01;18;371779601868;0
27230;1848663520251101;2025-11-01;18;371779601868;0
21089;184942020251201;2025-12-01;18;7572901836;0
21091;184944020251201;2025-12-01;18;109977501887;0
27206;1849453520251101;2025-11-01;18;275115101847;0
21092;184946020251201;2025-12-01;18;657303301887;0
58713;1849463020250601;2025-06-01;18;657303301887;0
27305;1849473520251101;2025-11-01;18;807191901831;0
104300;184948020241101;2024-11-01;18;907478201857;0
96399;184948020241201;2024-12-01;18;907478201857;0
58885;184948020250601;2025-06-01;18;907478201857;0
52820;184948020250701;2025-07-01;18;907478201857;0
46879;184948020250801;2025-08-01;18;907478201857;0
104301;184949020241101;2024-11-01;18;1051526401876;0
96400;184949020241201;2024-12-01;18;1051526401876;0
65139;184949020250501;2025-05-01;18;1051526401876;0
58886;184949020250601;2025-06-01;18;1051526401876;0
52821;184949020250701;2025-07-01;18;1051526401876;0
46880;184949020250801;2025-08-01;18;1051526401876;0
70855;1849492520250401;2025-04-01;18;1051526401876;0
21095;184984020251201;2025-12-01;18;109985801868;0
27133;1849843520251101;2025-11-01;18;109985801868;0
39752;184987874824420250901;2025-09-01;18;3012152935;0
20549;184987883024920251201;2025-12-01;18;3012152935;0
39753;184987974824520250901;2025-09-01;18;861509801843;0
20544;184987983024420251201;2025-12-01;18;861509801843;0
104302;184988020241101;2024-11-01;18;866759101870;0
96403;184988020241201;2024-12-01;18;866759101870;0
83992;184988020250201;2025-02-01;18;866759101870;0
65141;184988020250501;2025-05-01;18;866759101870;0
58887;184988020250601;2025-06-01;18;866759101870;0
52822;184988020250701;2025-07-01;18;866759101870;0
46881;184988020250801;2025-08-01;18;866759101870;0
33949;184988020251001;2025-10-01;18;866759101870;0
39754;184988274824820250901;2025-09-01;18;3000327466;0
39756;184988674825320250901;2025-09-01;18;69278687;0
39757;184988774825420250901;2025-09-01;18;65482034;0
39758;184988874825520250901;2025-09-01;18;58270337;0
104306;185008020241101;2024-11-01;18;944091301884;0
96407;185008020241201;2024-12-01;18;944091301884;0
65145;185008020250501;2025-05-01;18;944091301884;0
58891;185008020250601;2025-06-01;18;944091301884;0
52826;185008020250701;2025-07-01;18;944091301884;0
46885;185008020250801;2025-08-01;18;944091301884;0
33954;185008020251001;2025-10-01;18;944091301884;0
39759;185056874941120250901;2025-09-01;18;41812883;0
20462;185056883007620251201;2025-12-01;18;41812883;0
58895;185092020250601;2025-06-01;18;898670701801;0
27320;1850921920251101;2025-11-01;18;898670701801;0
58896;185093020250601;2025-06-01;18;643834501816;0
21112;185093020251201;2025-12-01;18;643834501816;0
27277;1850931920251101;2025-11-01;18;643834501816;0
21113;185095020251201;2025-12-01;18;462805301869;0
58897;185096020250601;2025-06-01;18;381004401866;0
27232;1850961920251101;2025-11-01;18;381004401866;0
77245;185133720250301;2025-03-01;18;21064164;0
58901;185137020250601;2025-06-01;18;200009339593;0
52834;185137020250701;2025-07-01;18;200009339593;0
95893;1851371220241201;2024-12-01;18;200009339593;0
70934;1851371320250401;2025-04-01;18;200009339593;0
140408;185150120240601;2024-06-01;18;2089329317;0
155396;185150220240401;2024-04-01;18;2089329317;0
146654;185150320240501;2024-05-01;18;2089329317;0
133859;185150420240701;2024-07-01;18;2089329317;0
95789;1851551020241201;2024-12-01;18;00073032636;0
89572;1851551120250101;2025-01-01;18;00073032636;0
146506;185155120240501;2024-05-01;18;00073032636;0
140260;185155220240601;2024-06-01;18;00073032636;0
164358;185155320240301;2024-03-01;18;00073032636;0
155248;185155420240401;2024-04-01;18;00073032636;0
133710;185155520240701;2024-07-01;18;00073032636;0
127377;185155620240801;2024-08-01;18;00073032636;0
119583;185155720240901;2024-09-01;18;00073032636;0
111654;185155820241001;2024-10-01;18;00073032636;0
103673;185155920241101;2024-11-01;18;00073032636;0
27491;185157020251101;2025-11-01;18;129527090;0
21133;185157020251201;2025-12-01;18;129527090;0
14833;185157020260101;2026-01-01;18;129527090;0
8578;185157020260201;2026-02-01;18;129527090;0
2843;185157020260301;2026-03-01;18;129527090;0
46242;185168175193020250801;2025-08-01;18;10039504482;0
33328;185168179320720251001;2025-10-01;18;10039504482;0
27043;185168181174320251101;2025-11-01;18;10039504482;0
39774;185168275193520250901;2025-09-01;18;392049105995;0
46244;185168275938620250801;2025-08-01;18;392049105995;0
26869;185168279424020251101;2025-11-01;18;392049105995;0
39776;185168375193720250901;2025-09-01;18;204067641;0
26849;185168379400620251101;2025-11-01;18;204067641;0
39777;185168475193820250901;2025-09-01;18;126178925;0
39778;185168575193920250901;2025-09-01;18;110148029;0
26839;185168579381020251101;2025-11-01;18;110148029;0
39779;185168675194020250901;2025-09-01;18;105445711;0
26832;185168679376120251101;2025-11-01;18;105445711;0
20492;185168683016620251201;2025-12-01;18;105445711;0
14183;185168687431220260101;2026-01-01;18;105445711;0
39780;185168775194120250901;2025-09-01;18;78488850;0
26843;185168779382020251101;2025-11-01;18;78488850;0
20481;185168783009720251201;2025-12-01;18;78488850;0
39782;185168875194320250901;2025-09-01;18;44546246;0
26841;185168879381620251101;2025-11-01;18;44546246;0
40439;185207020250901;2025-09-01;18;917401301800;0
21141;185207020251201;2025-12-01;18;917401301800;0
58359;185207375312420250601;2025-06-01;18;442796805900;0
58360;185207475312520250601;2025-06-01;18;446756205986;0
27073;185207481198520251101;2025-11-01;18;446756205986;0
58910;185209020250601;2025-06-01;18;1239052101894;0
27138;1852091920251101;2025-11-01;18;1239052101894;0
21143;185212020251201;2025-12-01;18;655234101826;0
46359;1852441120250801;2025-08-01;18;14661201897;0
27145;1852441420251101;2025-11-01;18;14661201897;0
64487;185625875977320250501;2025-05-01;18;151333173;0
58361;185625875982420250601;2025-06-01;18;151333173;0
103645;185625878999920241101;2024-11-01;18;151333173;0
33332;185625880792520251001;2025-10-01;18;151333173;0
52220;185625881738120250701;2025-07-01;18;151333173;0
58362;185630676001320250601;2025-06-01;18;0000961039;0
26820;185630679347720251101;2025-11-01;18;0000961039;0
64488;185636976031920250501;2025-05-01;18;7054920843;0
58364;185636976032320250601;2025-06-01;18;7054920843;0
95761;185636979002120241201;2024-12-01;18;7054920843;0
52209;185637076032020250701;2025-07-01;18;8785295;0
52210;185637176032120250701;2025-07-01;18;657113;0
58363;185637276032220250601;2025-06-01;18;7054876321;0
89544;185637279002020250101;2025-01-01;18;7054876321;0
58365;185642276055220250601;2025-06-01;18;790468;0
26955;185642280811320251101;2025-11-01;18;790468;0
58366;185642376055320250601;2025-06-01;18;407662705991;0
27066;185642381193020251101;2025-11-01;18;407662705991;0
58367;185642476055420250601;2025-06-01;18;2468556;0
26940;185642480792920251101;2025-11-01;18;2468556;0
58368;185642576055520250601;2025-06-01;18;269035705943;0
27070;185642581195220251101;2025-11-01;18;269035705943;0
58369;185642676055620250601;2025-06-01;18;37883598;0
27033;185642681170720251101;2025-11-01;18;37883598;0
58371;185642776055820250601;2025-06-01;18;1034107805;0
58370;185642876055720250601;2025-06-01;18;549817205936;0
27069;185642881194620251101;2025-11-01;18;549817205936;0
58373;185642976056020250601;2025-06-01;18;1032132169;0
58372;185643076055920250601;2025-06-01;18;406698705946;0
27071;185643081197420251101;2025-11-01;18;406698705946;0
58374;185643176056120250601;2025-06-01;18;161067705950;0
27072;185643181198120251101;2025-11-01;18;161067705950;0
58375;185643276056220250601;2025-06-01;18;172338905990;0
27063;185643281191720251101;2025-11-01;18;172338905990;0
58376;185643376056320250601;2025-06-01;18;E6000294514;0
27032;185643381170520251101;2025-11-01;18;E6000294514;0
58377;185643476056420250601;2025-06-01;18;723706;0
26962;185643480812020251101;2025-11-01;18;723706;0
58378;185643576056520250601;2025-06-01;18;10427074;0
26976;185643580814020251101;2025-11-01;18;10427074;0
58379;185643676056620250601;2025-06-01;18;0000006038;0
27016;185643681148120251101;2025-11-01;18;0000006038;0
58380;185643776056720250601;2025-06-01;18;70127557;0
26984;185643780817120251101;2025-11-01;18;70127557;0
58381;185643876056820250601;2025-06-01;18;1664440;0
33286;185682476118920251001;2025-10-01;18;83362797;0
20489;185682483016120251201;2025-12-01;18;83362797;0
33287;185682576119220251001;2025-10-01;18;92427278;0
20493;185682583016720251201;2025-12-01;18;92427278;0
39788;186550078993620250901;2025-09-01;18;1678162;0
39792;186550178994320250901;2025-09-01;18;611110533;0
83318;186550178994420250201;2025-02-01;18;611110533;0
52212;186550178994820250701;2025-07-01;18;611110533;0
64489;186550178995420250501;2025-05-01;18;611110533;0
70790;186550178995520250401;2025-04-01;18;611110533;0
46251;186550178995920250801;2025-08-01;18;611110533;0
77047;186550178996220250301;2025-03-01;18;611110533;0
14204;186550190009720260101;2026-01-01;18;611110533;0
52211;186550278994520250701;2025-07-01;18;824993610;0
83319;186550278994620250201;2025-02-01;18;824993610;0
39793;186550278994720250901;2025-09-01;18;824993610;0
46246;186550278994920250801;2025-08-01;18;824993610;0
95758;186550279001520241201;2024-12-01;18;824993610;0
27037;186550281172220251101;2025-11-01;18;824993610;0
20440;186550281172320251201;2025-12-01;18;824993610;0
14176;186550287430120260101;2026-01-01;18;824993610;0
7923;186550290009920260201;2026-02-01;18;824993610;0
46247;186550378995020250801;2025-08-01;18;39195108;0
52214;186550378996020250701;2025-07-01;18;39195108;0
27031;186550381170420251101;2025-11-01;18;39195108;0
33348;186550381738420251001;2025-10-01;18;39195108;0
14202;186550390009320260101;2026-01-01;18;39195108;0
52213;186550478995120250701;2025-07-01;18;20835538;0
39794;186550478995220250901;2025-09-01;18;20835538;0
46248;186550478995320250801;2025-08-01;18;20835538;0
89538;186550478995720250101;2025-01-01;18;20835538;0
27030;186550481170020251101;2025-11-01;18;20835538;0
20559;186550490008820251201;2025-12-01;18;20835538;0
14200;186550490009020260101;2026-01-01;18;20835538;0
46252;186550578996120250801;2025-08-01;18;16639110;0
52215;186550578996320250701;2025-07-01;18;16639110;0
33349;186550581738520251001;2025-10-01;18;16639110;0
14201;186550590009220260101;2026-01-01;18;16639110;0
52216;186550678996420250701;2025-07-01;18;10007151304;0
46253;186550678996520250801;2025-08-01;18;10007151304;0
14203;186550690009420260101;2026-01-01;18;10007151304;0
33292;186550778996920251001;2025-10-01;18;9533896;0
20504;186550783019120251201;2025-12-01;18;9533896;0
33294;186550878997120251001;2025-10-01;18;30563425;0
26994;186550880907220251101;2025-11-01;18;30563425;0
33295;186550978997220251001;2025-10-01;18;29064342;0
26795;186550979063920251101;2025-11-01;18;29064342;0
14178;186550987430620260101;2026-01-01;18;29064342;0
33296;186551078997320251001;2025-10-01;18;2073827517;0
26876;186551079427120251101;2025-11-01;18;2073827517;0
20444;186551083002820251201;2025-12-01;18;2073827517;0
33297;186551178997420251001;2025-10-01;18;41987934;0
26796;186551179064020251101;2025-11-01;18;41987934;0
33298;186551278997520251001;2025-10-01;18;94484511;0
26797;186551279064120251101;2025-11-01;18;94484511;0
33299;186551378997620251001;2025-10-01;18;116644338;0
33300;186551478997720251001;2025-10-01;18;45015015;0
26791;186551479063320251101;2025-11-01;18;45015015;0
33301;186551578997820251001;2025-10-01;18;4000105940;0
26827;186551579357320251101;2025-11-01;18;4000105940;0
33302;186551678997920251001;2025-10-01;18;2027447464;0
20443;186551683002720251201;2025-12-01;18;2027447464;0
111632;186551779000420241001;2024-10-01;18;3014841850;0
89543;186551879001920250101;2025-01-01;18;21064164;0
103652;186551979002320241101;2024-11-01;18;7032110929;0
95763;186551979002420241201;2024-12-01;18;7032110929;0
39799;186551980794220250901;2025-09-01;18;7032110929;0
33338;186551980794320251001;2025-10-01;18;7032110929;0
26792;186568879063420251101;2025-11-01;18;16409841;0
33311;186568879063520251001;2025-10-01;18;16409841;0
33312;186568979063620251001;2025-10-01;18;30225450;0
20553;186568987428320251201;2025-12-01;18;30225450;0
27092;186568987429420251101;2025-11-01;18;30225450;0
26793;186569079063720251101;2025-11-01;18;14219;0
26794;186569179063820251101;2025-11-01;18;312695801880;0
26798;186569279064220251101;2025-11-01;18;36289698;0
26799;186569379064320251101;2025-11-01;18;34821368;0
26800;186569479064420251101;2025-11-01;18;23966920;0
20447;186569483003420251201;2025-12-01;18;23966920;0
26801;186569579064520251101;2025-11-01;18;46555767;0
26802;186569679064620251101;2025-11-01;18;66239443;0
20487;186569683015820251201;2025-12-01;18;66239443;0
33313;186596979100320251001;2025-10-01;18;8823568;0
7922;186596989684020260201;2026-02-01;18;8823568;0
33314;186597079100420251001;2025-10-01;18;00008762601;0
27029;186597081169720251101;2025-11-01;18;00008762601;0
33315;186597179100520251001;2025-10-01;18;D7044140787;0
27028;186597181169520251101;2025-11-01;18;D7044140787;0
33316;186597279100620251001;2025-10-01;18;38630176;0
27095;186597287807720251101;2025-11-01;18;38630176;0
33318;186597379100820251001;2025-10-01;18;62736221;0
26804;186597479101020251101;2025-11-01;18;65761553;0
26803;186597579100920251101;2025-11-01;18;44455402;0
7924;186597594013820260201;2026-02-01;18;44455402;0
33320;186597679101220251001;2025-10-01;18;760231620;0
26857;186597679415920251101;2025-11-01;18;760231620;0
33323;186597779101520251001;2025-10-01;18;W7044633148;0
33324;186597879101620251001;2025-10-01;18;129527090;0
39797;186597979101720250901;2025-09-01;18;30582114;0
33327;186640879149820251001;2025-10-01;18;91918120;0
26935;186640880118920251101;2025-11-01;18;91918120;0
26813;186701979337020251101;2025-11-01;18;14032452;0
26817;186707179347320251101;2025-11-01;18;0160327703;0
26818;186707279347420251101;2025-11-01;18;73615994;0
20494;186707283017220251201;2025-12-01;18;73615994;0
26819;186707379347620251101;2025-11-01;18;0001201777;0
26822;186710179352020251101;2025-11-01;18;90789873;0
20501;186710183018720251201;2025-12-01;18;90789873;0
26823;186710479352320251101;2025-11-01;18;4628373;0
20495;186710483017420251201;2025-12-01;18;4628373;0
26824;186713179356620251101;2025-11-01;18;9717889;0
20470;186713183008420251201;2025-12-01;18;9717889;0
26825;186713379356820251101;2025-11-01;18;3013202064;0
20548;186713383024820251201;2025-12-01;18;3013202064;0
33329;186717979364420251001;2025-10-01;18;444305;0
39800;186717981536720250901;2025-09-01;18;444305;0
26828;186721379368620251101;2025-11-01;18;75977133;0
20498;186721383018220251201;2025-12-01;18;75977133;0
26829;186726779375620251101;2025-11-01;18;120808471;0
26830;186726879375820251101;2025-11-01;18;71950630;0
20482;186726883010120251201;2025-12-01;18;71950630;0
26831;186726979376020251101;2025-11-01;18;66419433;0
20491;186726983016520251201;2025-12-01;18;66419433;0
26833;186728379379920251101;2025-11-01;18;40763218;0
20465;186728383007920251201;2025-12-01;18;40763218;0
26834;186728679380320251101;2025-11-01;18;30986474;0
26835;186728779380420251101;2025-11-01;18;4458750;0
20509;186728783019920251201;2025-12-01;18;4458750;0
26836;186728879380520251101;2025-11-01;18;5815886;0
14177;186728887430220260101;2026-01-01;18;5815886;0
26837;186728979380620251101;2025-11-01;18;4573668;0
20467;186728983008120251201;2025-12-01;18;4573668;0
26842;186729179381720251101;2025-11-01;18;50806383;0
14180;186729187430920260101;2026-01-01;18;50806383;0
26845;186729379382220251101;2025-11-01;18;376312;0
20505;186729383019320251201;2025-12-01;18;376312;0
26846;186737879395720251101;2025-11-01;18;11123109;0
20466;186737883008020251201;2025-12-01;18;11123109;0
26847;186739079397920251101;2025-11-01;18;26245656;0
26851;186741879403120251101;2025-11-01;18;2681838;0
26852;186741979403220251101;2025-11-01;18;202921720;0
26853;186742079403320251101;2025-11-01;18;3001226778;0
20531;186742083023120251201;2025-12-01;18;3001226778;0
26854;186742679404020251101;2025-11-01;18;27700780;0
26855;186748079412720251101;2025-11-01;18;52653595;0
26862;186751679419120251101;2025-11-01;18;1051075;0
26866;186753079421420251101;2025-11-01;18;1798600;0
26867;186753979422520251101;2025-11-01;18;2000390271;0
26874;186756179426320251101;2025-11-01;18;3938840;0
14181;186756187431020260101;2026-01-01;18;3938840;0
26873;186756279426220251101;2025-11-01;18;474833505955;0
26875;186756479426820251101;2025-11-01;18;7635095;0
14185;186756487431420260101;2026-01-01;18;7635095;0
26877;186756879427720251101;2025-11-01;18;13535293;0
20458;186756883007220251201;2025-12-01;18;13535293;0
14190;186756887808420260101;2026-01-01;18;13535293;0
26878;186756979427920251101;2025-11-01;18;3004129098;0
20537;186756983023720251201;2025-12-01;18;3004129098;0
26879;186757179428720251101;2025-11-01;18;42598192;0
20455;186757183006920251201;2025-12-01;18;42598192;0
26880;186757279429520251101;2025-11-01;18;4000129167;0
20454;186757283006820251201;2025-12-01;18;4000129167;0
14179;186757287430820260101;2026-01-01;18;4000129167;0
26881;186757379429820251101;2025-11-01;18;17856774;0
26882;186757479430120251101;2025-11-01;18;9772057;0
20459;186757483007320251201;2025-12-01;18;9772057;0
33331;186757579430420251001;2025-10-01;18;3085304973;0
26883;186757779430920251101;2025-11-01;18;14646277;0
20457;186757783007120251201;2025-12-01;18;14646277;0
26885;186758179432020251101;2025-11-01;18;4003893903;0
26886;186758279432120251101;2025-11-01;18;4003249197;0
26888;186759579434720251101;2025-11-01;18;3095799569;0
26889;186760079435320251101;2025-11-01;18;3092358164;0
26892;186763979444920251101;2025-11-01;18;5107611;0
20506;186763983019420251201;2025-12-01;18;5107611;0
26893;186764479446220251101;2025-11-01;18;3012829351;0
20516;186764483020920251201;2025-12-01;18;3012829351;0
26901;186868879786420251101;2025-11-01;18;3092197953;0
26902;186868979786520251101;2025-11-01;18;4001729737;0
26903;186869079786620251101;2025-11-01;18;4003030826;0
26904;186910679896620251101;2025-11-01;18;3044039;0
26907;186910879898220251101;2025-11-01;18;26137780;0
14187;186910887431620260101;2026-01-01;18;26137780;0
26910;186914779925020251101;2025-11-01;18;41790510;0
26911;186914879925120251101;2025-11-01;18;37990900482;0
26912;186914979925420251101;2025-11-01;18;150835149;0
26914;186915079925720251101;2025-11-01;18;4000944124;0
26915;186915179925920251101;2025-11-01;18;42092078;0
26916;186915279926520251101;2025-11-01;18;26560062;0
14193;186915287811820260101;2026-01-01;18;26560062;0
26917;186915379926620251101;2025-11-01;18;35340282;0
20463;186915383007720251201;2025-12-01;18;35340282;0
26918;186915579927120251101;2025-11-01;18;40622991;0
20460;186915583007420251201;2025-12-01;18;40622991;0
26919;186915679927220251101;2025-11-01;18;34588396;0
20452;186915683006620251201;2025-12-01;18;34588396;0
26921;186915779927720251101;2025-11-01;18;3007395507;0
26922;186915979928020251101;2025-11-01;18;40492613;0
26923;186916079928320251101;2025-11-01;18;3001179239;0
26924;186916179928720251101;2025-11-01;18;3011183024;0
26925;186916379929120251101;2025-11-01;18;3001918645;0
26926;186916579929520251101;2025-11-01;18;167874500402;0
26927;186916679929720251101;2025-11-01;18;4000233649;0
14188;186916687431720260101;2026-01-01;18;4000233649;0
26928;186916779929920251101;2025-11-01;18;35616059;0
26929;186916879930320251101;2025-11-01;18;3011048701;0
26930;186917279931320251101;2025-11-01;18;341722201820;0
26931;186917379931420251101;2025-11-01;18;0150460944;0
26932;186917479931520251101;2025-11-01;18;0150464680;0
26933;186917679932020251101;2025-11-01;18;4000155929;0
20446;186917683003020251201;2025-12-01;18;4000155929;0
26934;186917779932120251101;2025-11-01;18;23955520;0
26936;187253280792320251101;2025-11-01;18;0150055600;0
26937;187253380792420251101;2025-11-01;18;0150069209;0
39798;187253480794020250901;2025-09-01;18;7029191276;0
33337;187253480794120251001;2025-10-01;18;7029191276;0
26943;187253580794520251101;2025-11-01;18;65227344;0
33339;187255880808420251001;2025-10-01;18;33277648;0
26950;187255880810620251101;2025-11-01;18;33277648;0
20554;187255887430020251201;2025-12-01;18;33277648;0
33341;187255980808620251001;2025-10-01;18;9852189;0
26973;187255980813720251101;2025-11-01;18;9852189;0
26946;187256280809120251101;2025-11-01;18;4229134;0
26947;187256680809520251101;2025-11-01;18;3132668;0
26948;187257380810420251101;2025-11-01;18;9855336;0
26952;187257480810820251101;2025-11-01;18;11085420;0
26953;187257580810920251101;2025-11-01;18;5297554;0
26954;187257680811020251101;2025-11-01;18;9518428;0
26958;187257980811620251101;2025-11-01;18;6523428;0
26959;187258080811720251101;2025-11-01;18;4000651330;0
26961;187258180811920251101;2025-11-01;18;27968626;0
26966;187258280812420251101;2025-11-01;18;60169414;0
26968;187258580813120251101;2025-11-01;18;5147976;0
26969;187258780813320251101;2025-11-01;18;9426802;0
26970;187258880813420251101;2025-11-01;18;9784601;0
26972;187258980813620251101;2025-11-01;18;38965542;0
26974;187259080813820251101;2025-11-01;18;5153667;0
26977;187259180814220251101;2025-11-01;18;36343684;0
26978;187259480815820251101;2025-11-01;18;9073388;0
26979;187259580816020251101;2025-11-01;18;33708681;0
26981;187259780816620251101;2025-11-01;18;4000620826;0
26982;187259880816720251101;2025-11-01;18;3847966;0
26983;187259980816820251101;2025-11-01;18;2791058;0
26985;187265180822320251101;2025-11-01;18;4001257095;0
26986;187278880905320251101;2025-11-01;18;3014377022;0
26987;187278980905420251101;2025-11-01;18;665781401888;0
26988;187279180905620251101;2025-11-01;18;44130203;0
26989;187279280905920251101;2025-11-01;18;44775670;0
26992;187279980907020251101;2025-11-01;18;7769415;0
26993;187280080907120251101;2025-11-01;18;28326246;0
14191;187280087810320260101;2026-01-01;18;28326246;0
26995;187280180907320251101;2025-11-01;18;26429021;0
14186;187280187431520260101;2026-01-01;18;26429021;0
26996;187280280907420251101;2025-11-01;18;40030458;0
26997;187280380907520251101;2025-11-01;18;55035019;0
26998;187280480907620251101;2025-11-01;18;80827055;0
26999;187280580907720251101;2025-11-01;18;4854551;0
27000;187280880908220251101;2025-11-01;18;3003048285;0
27002;187280980908420251101;2025-11-01;18;3001809182;0
27003;187281080908520251101;2025-11-01;18;567404201841;0
27004;187281180908620251101;2025-11-01;18;212049501850;0
27005;187281380908820251101;2025-11-01;18;68419287;0
27007;187281780909820251101;2025-11-01;18;46037357;0
27009;187283780912920251101;2025-11-01;18;983302701896;0
27010;187285280915620251101;2025-11-01;18;246774101803;0
27011;187285480916020251101;2025-11-01;18;3006132644;0
27013;187286280917820251101;2025-11-01;18;551708401870;0
27014;187286380917920251101;2025-11-01;18;3011193180;0
27018;187410181168220251101;2025-11-01;18;00002231308;0
27019;187410281168320251101;2025-11-01;18;W6018605873;0
27020;187410381168420251101;2025-11-01;18;00002619984;0
27021;187410481168620251101;2025-11-01;18;00002792124;0
27022;187410581168720251101;2025-11-01;18;00002609194;0
27025;187410681169020251101;2025-11-01;18;W7024168589;0
27026;187410781169220251101;2025-11-01;18;00009059548;0
58382;187411681171520250601;2025-06-01;18;2003037879;0
52217;187411681171620250701;2025-07-01;18;2003037879;0
46256;187411681171820250801;2025-08-01;18;2003037879;0
33342;187411681172020251001;2025-10-01;18;2003037879;0
27036;187411681172120251101;2025-11-01;18;2003037879;0
27038;187411881172520251101;2025-11-01;18;2000010094;0
27039;187412181172820251101;2025-11-01;18;3001001987;0
58383;187412381173020250601;2025-06-01;18;3001029346;0
52218;187412381173120250701;2025-07-01;18;3001029346;0
46257;187412381173220250801;2025-08-01;18;3001029346;0
33343;187412381173320251001;2025-10-01;18;3001029346;0
27040;187412381173720251101;2025-11-01;18;3001029346;0
27049;187412981175420251101;2025-11-01;18;405825;0
27050;187413081175520251101;2025-11-01;18;2000035566;0
27051;187413281175720251101;2025-11-01;18;108412240;0
27052;187413381175820251101;2025-11-01;18;14316515;0
27053;187413481175920251101;2025-11-01;18;16497240;0
27057;187416581186220251101;2025-11-01;18;71490305905;0
27058;187417081187420251101;2025-11-01;18;241841005930;0
27059;187417481188120251101;2025-11-01;18;377834305985;0
27060;187417681189620251101;2025-11-01;18;48429205980;0
27061;187418081190820251101;2025-11-01;18;174634205920;0
27062;187418181190920251101;2025-11-01;18;137662505931;0
27064;187418681192220251101;2025-11-01;18;237254905974;0
27065;187418781192320251101;2025-11-01;18;390294105964;0
27067;187419581193720251101;2025-11-01;18;467294905976;0
27068;187419781194220251101;2025-11-01;18;487300405997;0
27074;187420881198920251101;2025-11-01;18;3085406345;0
27075;187421081199520251101;2025-11-01;18;3085369718;0
27077;187427781231220251101;2025-11-01;18;4821718;0
20484;187427783015420251201;2025-12-01;18;4821718;0
27078;187428681232420251101;2025-11-01;18;58971;0
27080;187429081232920251101;2025-11-01;18;557625;0
27083;187439681243920251101;2025-11-01;18;92101;0
27084;187541781420020251101;2025-11-01;18;86027441;0
20499;187541783018320251201;2025-12-01;18;86027441;0
27085;187542381421120251101;2025-11-01;18;41751690;0
14174;187542387428920260101;2026-01-01;18;41751690;0
27086;187655781738920251101;2025-11-01;18;86717723;0
20500;187655783018620251201;2025-12-01;18;86717723;0
27087;187655881739020251101;2025-11-01;18;106261002;0
20485;187655883015520251201;2025-12-01;18;106261002;0
14173;187655887428720260101;2026-01-01;18;106261002;0
20448;188158483006120251201;2025-12-01;18;4000593176;0
20449;188158583006220251201;2025-12-01;18;21110778;0
20450;188158683006420251201;2025-12-01;18;19517823;0
20451;188158783006520251201;2025-12-01;18;40295060;0
20453;188158883006720251201;2025-12-01;18;4000586252;0
20456;188158983007020251201;2025-12-01;18;38603527;0
20471;188159083008520251201;2025-12-01;18;4000992360;0
20472;188159183008620251201;2025-12-01;18;4000540308;0
20473;188159283008720251201;2025-12-01;18;36019127;0
20474;188159383008820251201;2025-12-01;18;29236401;0
20475;188159483008920251201;2025-12-01;18;4003949467;0
20476;188159583009020251201;2025-12-01;18;27132439;0
20477;188159683009120251201;2025-12-01;18;38680262;0
20478;188159783009420251201;2025-12-01;18;36638056;0
20479;188159883009520251201;2025-12-01;18;34260927;0
20480;188159983009620251201;2025-12-01;18;32441541;0
14184;188159987431320260101;2026-01-01;18;32441541;0
20483;188160983015320251201;2025-12-01;18;9304835;0
20486;188161083015720251201;2025-12-01;18;103837361;0
20488;188161183016020251201;2025-12-01;18;52027252;0
14192;188161187810820260101;2026-01-01;18;52027252;0
20497;188161283018020251201;2025-12-01;18;75977214;0
20502;188161383018820251201;2025-12-01;18;89328167;0
20503;188161483018920251201;2025-12-01;18;9537185;0
27088;188161583019020251101;2025-11-01;18;9604380;0
20508;188161783019820251201;2025-12-01;18;4458771;0
20514;188161883020620251201;2025-12-01;18;10197479;0
20515;188161983020720251201;2025-12-01;18;50245077;0
20520;188162083021620251201;2025-12-01;18;3002115348;0
20521;188162183021720251201;2025-12-01;18;909941301880;0
20522;188162283021920251201;2025-12-01;18;553471001861;0
20523;188162383022020251201;2025-12-01;18;507858101829;0
20524;188162483022120251201;2025-12-01;18;3011020234;0
20525;188162583022220251201;2025-12-01;18;3007574764;0
20526;188162683022320251201;2025-12-01;18;3000824554;0
20527;188162783022620251201;2025-12-01;18;3006608326;0
20529;188162883022920251201;2025-12-01;18;3002043589;0
20530;188162983023020251201;2025-12-01;18;3002310408;0
20532;188163083023220251201;2025-12-01;18;3005099224;0
20534;188163183023420251201;2025-12-01;18;494022401892;0
20535;188163283023520251201;2025-12-01;18;3007122228;0
20536;188163383023620251201;2025-12-01;18;3001005388;0
20538;188163483023820251201;2025-12-01;18;3007263253;0
20539;188163583023920251201;2025-12-01;18;722209301830;0
20540;188163683024020251201;2025-12-01;18;3001226658;0
20541;188163783024120251201;2025-12-01;18;3001098497;0
20542;188163883024220251201;2025-12-01;18;3000465803;0
20543;188163983024320251201;2025-12-01;18;3000084590;0
20546;188164083024620251201;2025-12-01;18;49952501877;0
20547;188164183024720251201;2025-12-01;18;3011741944;0
4920;189110631192483920260301;2026-03-01;189;100126748310;0
4929;189110632192485120260301;2026-03-01;189;100251279681;2
4933;189110633192485520260301;2026-03-01;189;218071500419;0
1181;189112777193802620260401;2026-04-01;189;100256450893;2
4964;1891313320260301;2026-03-01;189;200002550566;0
4987;18914020260301;2026-03-01;189;200003180363;0
4988;18917020260301;2026-03-01;189;200008709443;0
4966;1891813520260301;2026-03-01;189;200004980436;0
4997;189203020260301;2026-03-01;189;2000526399;0
4998;189215020260301;2026-03-01;189;200009069375;0
942810;189221020260401;2026-04-01;189;5484521;0
4967;1892210220260301;2026-03-01;189;200008619398;0
17088;18923020260101;2026-01-01;189;202263995;2
4989;18923020260301;2026-03-01;189;202263995;2
4990;18924020260301;2026-03-01;189;200008578381;0
61228;1892476541611020250601;2025-06-01;189;204190567;0
36329;1892476576078220251001;2025-10-01;189;204190567;0
29822;1892476579995820251101;2025-11-01;189;204190567;0
61229;1892476641611220250601;2025-06-01;189;100089199134;0
36310;1892476675368020251001;2025-10-01;189;100089199134;0
29806;1892476678612220251101;2025-11-01;189;100089199134;0
4902;1892476693407620260301;2026-03-01;189;100089199134;0
61230;1892476741611420250601;2025-06-01;189;100202972565;2
36325;1892476775461420251001;2025-10-01;189;100202972565;0
23410;1892476781476520251201;2025-12-01;189;100202972565;0
10801;1892476788139020260201;2026-02-01;189;100202972565;0
4898;1892476793331120260301;2026-03-01;189;100202972565;0
16996;18925477192229620260101;2026-01-01;189;1004980806;0
61231;1892547741756420250601;2025-06-01;189;1004980806;0
42759;1892547774517420250901;2025-09-01;189;1004980806;0
36315;1892547775385520251001;2025-10-01;189;1004980806;0
54740;1892547776549020250701;2025-07-01;189;1004980806;0
29796;1892547778256420251101;2025-11-01;189;1004980806;0
23402;1892547781464720251201;2025-12-01;189;1004980806;0
1138;18925478193125620260401;2026-04-01;189;200004460521;2
36332;1892547876431420251001;2025-10-01;189;200004460521;0
312185;189283120220101;2022-01-01;189;2000472393;0
308470;189283220220201;2022-02-01;189;2000472393;0
304802;189283320220301;2022-03-01;189;2000472393;0
942812;189290020260401;2026-04-01;189;100210932798;0
61232;1893260149801320250601;2025-06-01;189;100228209710;2
61238;1893260249801920250601;2025-06-01;189;100219803222;2
29815;1893260279375920251101;2025-11-01;189;100219803222;0
1169;18932603193521320260401;2026-04-01;189;100184497848;0
61233;1893260349801420250601;2025-06-01;189;100184497848;2
23455;1893260387571720251201;2025-12-01;189;100184497848;0
61237;1893260449801820250601;2025-06-01;189;100221002525;2
23433;1893260481627320251201;2025-12-01;189;100221002525;0
61236;1893260549801720250601;2025-06-01;189;100202972620;2
61234;1893260649801520250601;2025-06-01;189;100056553281;0
23427;1893260681626620251201;2025-12-01;189;100056553281;0
61235;1893260749801620250601;2025-06-01;189;204631803;0
23415;1893260781625420251201;2025-12-01;189;204631803;0
4991;18933020260301;2026-03-01;189;200008755410;0
4992;18934020260301;2026-03-01;189;200008762522;0
10908;189342020260201;2026-02-01;189;2000472399;0
4993;18935020260301;2026-03-01;189;200008769390;0
61239;1893640555950420250601;2025-06-01;189;5484521;0
36336;1893640576771520251001;2025-10-01;189;5484521;0
29819;1893640579517120251101;2025-11-01;189;5484521;0
16983;1893640586103620260101;2026-01-01;189;5484521;0
10816;1893640590170020260201;2026-02-01;189;5484521;0
4915;18936406191893020260301;2026-03-01;189;300009629890;0
61240;1893640655950520250601;2025-06-01;189;300009629890;0
29823;1893640680794920251101;2025-11-01;189;300009629890;0
16984;1893640687241220260101;2026-01-01;189;300009629890;0
10819;1893640691029520260201;2026-02-01;189;300009629890;0
4909;18937267191186220260301;2026-03-01;189;5506322;0
3437;18937267193928720260401;2026-04-01;189;5506322;0
61241;1893726756153220250601;2025-06-01;189;5506322;0
36331;1893726776403720251001;2025-10-01;189;5506322;0
29811;1893726779183120251101;2025-11-01;189;5506322;0
23442;1893726783102820251201;2025-12-01;189;5506322;0
16981;1893726785779420260101;2026-01-01;189;5506322;0
4912;18937268191196720260301;2026-03-01;189;5494588;0
3441;18937268193933220260401;2026-04-01;189;5494588;0
61242;1893726856153320250601;2025-06-01;189;5494588;0
67578;1893726875320820250501;2025-05-01;189;5494588;0
29812;1893726879231920251101;2025-11-01;189;5494588;0
23443;1893726883103520251201;2025-12-01;189;5494588;0
16979;1893726885744420260101;2026-01-01;189;5494588;0
10813;1893726889492820260201;2026-02-01;189;5494588;0
4910;18937269191188520260301;2026-03-01;189;5396578;0
3439;18937269193931820260401;2026-04-01;189;5396578;0
61243;1893726956153420250601;2025-06-01;189;5396578;0
36334;1893726976449320251001;2025-10-01;189;5396578;0
29810;1893726979183020251101;2025-11-01;189;5396578;0
23441;1893726983102520251201;2025-12-01;189;5396578;0
4908;18937270191183020260301;2026-03-01;189;5393644;0
3440;18937270193932020260401;2026-04-01;189;5393644;0
61244;1893727056153520250601;2025-06-01;189;5393644;0
36335;1893727076490520251001;2025-10-01;189;5393644;0
23440;1893727083101920251201;2025-12-01;189;5393644;0
61245;1893727156153620250601;2025-06-01;189;100241079167;0
23417;1893727181625620251201;2025-12-01;189;100241079167;0
4911;18937272191188720260301;2026-03-01;189;5485693;0
3438;18937272193931520260401;2026-04-01;189;5485693;0
61246;1893727256153720250601;2025-06-01;189;5485693;0
36333;1893727276444620251001;2025-10-01;189;5485693;0
23439;1893727283101220251201;2025-12-01;189;5485693;0
16982;1893727285783020260101;2026-01-01;189;5485693;0
5068;18938697193122920260301;2026-03-01;189;200009069375;0
61247;1893869769829120250601;2025-06-01;189;200009069375;0
29831;1893869781397820251101;2025-11-01;189;200009069375;0
23452;1893869787541820251201;2025-12-01;189;200009069375;0
61248;1893869869829220250601;2025-06-01;189;200008896626;0
54730;1893869871189420250701;2025-07-01;189;200008896626;0
29832;1893869881397920251101;2025-11-01;189;200008896626;0
23454;1893869887542520251201;2025-12-01;189;200008896626;0
16993;1893869890011420260101;2026-01-01;189;200008896626;0
5071;18938699193123920260301;2026-03-01;189;200008769390;0
61249;1893869969829520250601;2025-06-01;189;200008769390;0
54728;1893869971189120250701;2025-07-01;189;200008769390;0
29841;1893869981398820251101;2025-11-01;189;200008769390;0
8964;18938701194029320260301;2026-03-01;189;200008762522;0
61250;1893870169829720250601;2025-06-01;189;200008762522;0
54731;1893870171189520250701;2025-07-01;189;200008762522;0
29833;1893870181398020251101;2025-11-01;189;200008762522;0
8963;18938702194029120260301;2026-03-01;189;200008755410;0
61251;1893870269829820250601;2025-06-01;189;200008755410;0
54737;1893870273928920250701;2025-07-01;189;200008755410;0
29834;1893870281398120251101;2025-11-01;189;200008755410;0
5073;18938703193126020260301;2026-03-01;189;200008709443;0
61252;1893870369829920250601;2025-06-01;189;200008709443;0
54729;1893870371189220250701;2025-07-01;189;200008709443;0
29835;1893870381398220251101;2025-11-01;189;200008709443;0
16990;1893870390011120260101;2026-01-01;189;200008709443;0
5069;18938704193123120260301;2026-03-01;189;200008619398;0
61253;1893870469830120250601;2025-06-01;189;200008619398;0
54733;1893870471191220250701;2025-07-01;189;200008619398;0
29836;1893870481398320251101;2025-11-01;189;200008619398;0
23448;1893870487536920251201;2025-12-01;189;200008619398;0
16991;1893870490011220260101;2026-01-01;189;200008619398;0
5066;18938705193122520260301;2026-03-01;189;200008578381;0
61254;1893870569830220250601;2025-06-01;189;200008578381;0
54734;1893870571193820250701;2025-07-01;189;200008578381;0
29837;1893870581398420251101;2025-11-01;189;200008578381;0
23446;1893870587536620251201;2025-12-01;189;200008578381;0
16992;1893870590011320260101;2026-01-01;189;200008578381;0
54717;1893870669830320250701;2025-07-01;189;100175144954;0
42760;1893870674782320250901;2025-09-01;189;100175144954;0
36328;1893870675920220251001;2025-10-01;189;100175144954;2
67579;1893870676677620250501;2025-05-01;189;100175144954;0
29797;1893870678566420251101;2025-11-01;189;100175144954;2
16980;1893870685751320260101;2026-01-01;189;100175144954;0
10811;1893870688857120260201;2026-02-01;189;100175144954;0
4905;1893870693948620260301;2026-03-01;189;100175144954;0
54718;1893870769830420250701;2025-07-01;189;100155446734;0
36313;1893870775369420251001;2025-10-01;189;100155446734;0
29800;1893870778593620251101;2025-11-01;189;100155446734;0
23397;1893870781314520251201;2025-12-01;189;100155446734;0
10798;1893870787990820260201;2026-02-01;189;100155446734;0
4890;1893870792899320260301;2026-03-01;189;100155446734;0
54719;1893870869830520250701;2025-07-01;189;100155451797;0
36312;1893870875369320251001;2025-10-01;189;100155451797;0
29799;1893870878593520251101;2025-11-01;189;100155451797;0
23395;1893870881314320251201;2025-12-01;189;100155451797;0
4892;1893870892964920260301;2026-03-01;189;100155451797;0
5072;18938709193124520260301;2026-03-01;189;200004980436;0
61255;1893870969830620250601;2025-06-01;189;200004980436;0
54736;1893870973928820250701;2025-07-01;189;200004980436;0
29838;1893870981398520251101;2025-11-01;189;200004980436;0
54720;1893871069830720250701;2025-07-01;189;100163587619;0
36311;1893871075369220251001;2025-10-01;189;100163587619;0
29801;1893871078606720251101;2025-11-01;189;100163587619;0
23396;1893871081314420251201;2025-12-01;189;100163587619;0
10799;1893871088003320260201;2026-02-01;189;100163587619;0
4891;1893871092899920260301;2026-03-01;189;100163587619;0
4907;18938730190534820260301;2026-03-01;189;202263996;0
1179;18938730193634920260401;2026-04-01;189;202263996;0
54721;1893873069992720250701;2025-07-01;189;202263996;0
36330;1893873076369720251001;2025-10-01;189;202263996;0
61268;1893873076675820250601;2025-06-01;189;202263996;0
16978;1893873085349320260101;2026-01-01;189;202263996;0
23445;1893873085489320251201;2025-12-01;189;202263996;0
10812;1893873089166420260201;2026-02-01;189;202263996;0
10820;18938864192617620260201;2026-02-01;189;202263995;0
1180;18938864193802520260401;2026-04-01;189;202263995;0
54722;1893886470260320250701;2025-07-01;189;202263995;0
42761;1893886474944520250901;2025-09-01;189;202263995;0
23438;1893886482627220251201;2025-12-01;189;202263995;0
54723;1893886570260420250701;2025-07-01;189;10022801004;0
48725;1893886574284420250801;2025-08-01;189;10022801004;0
54724;1893892570278820250701;2025-07-01;189;4001478417;0
29820;1893892579673420251101;2025-11-01;189;4001478417;0
4913;18938948191379620260301;2026-03-01;189;100202972522;0
54725;1893894870285820250701;2025-07-01;189;100202972522;0
10817;1893894890261220260201;2026-02-01;189;100202972522;0
4918;18939953192483720260301;2026-03-01;189;300005000857;2
92492;1893995371174220250101;2025-01-01;189;300005000857;2
86330;1893995371174320250201;2025-02-01;189;300005000857;0
80055;1893995371174420250301;2025-03-01;189;300005000857;2
4926;18939954192484820260301;2026-03-01;189;300006830926;2
80056;1893995471174520250301;2025-03-01;189;300006830926;2
73793;1893995471174620250401;2025-04-01;189;300006830926;2
67566;1893995471174720250501;2025-05-01;189;300006830926;0
61256;1893995471174820250601;2025-06-01;189;300006830926;2
1178;18939955193535020260401;2026-04-01;189;300007350880;0
80057;1893995571174920250301;2025-03-01;189;300007350880;2
73794;1893995571175020250401;2025-04-01;189;300007350880;2
67567;1893995571175120250501;2025-05-01;189;300007350880;0
61257;1893995571175220250601;2025-06-01;189;300007350880;2
1170;18939956193528920260401;2026-04-01;189;300000065926;2
92493;1893995671175320250101;2025-01-01;189;300000065926;2
67568;1893995671175420250501;2025-05-01;189;300000065926;2
61258;1893995671175520250601;2025-06-01;189;300000065926;2
29814;1893995679356220251101;2025-11-01;189;300000065926;2
4927;18939957192484920260301;2026-03-01;189;300000057885;0
92494;1893995771175620250101;2025-01-01;189;300000057885;2
73795;1893995771175720250401;2025-04-01;189;300000057885;2
67569;1893995771175820250501;2025-05-01;189;300000057885;2
61259;1893995771175920250601;2025-06-01;189;300000057885;2
48723;1893995774269820250801;2025-08-01;189;300000057885;0
4924;18939958192484620260301;2026-03-01;189;300003050946;0
92495;1893995871176020250101;2025-01-01;189;300003050946;2
80058;1893995871176120250301;2025-03-01;189;300003050946;2
73796;1893995871176220250401;2025-04-01;189;300003050946;2
67570;1893995871176320250501;2025-05-01;189;300003050946;2
61260;1893995871176420250601;2025-06-01;189;300003050946;2
48721;1893995874269620250801;2025-08-01;189;300003050946;0
4925;18939959192484720260301;2026-03-01;189;300000046760;0
92496;1893995971176520250101;2025-01-01;189;300000046760;2
80059;1893995971176620250301;2025-03-01;189;300000046760;2
73797;1893995971176720250401;2025-04-01;189;300000046760;2
67571;1893995971176820250501;2025-05-01;189;300000046760;2
61261;1893995971176920250601;2025-06-01;189;300000046760;2
48722;1893995974269720250801;2025-08-01;189;300000046760;0
1177;18939960193534820260401;2026-04-01;189;300000131171;0
80060;1893996071177020250301;2025-03-01;189;300000131171;2
73798;1893996071177120250401;2025-04-01;189;300000131171;2
67572;1893996071177220250501;2025-05-01;189;300000131171;2
61262;1893996071177320250601;2025-06-01;189;300000131171;2
23398;1893996081396520251201;2025-12-01;189;300000131171;0
80061;1893996171177420250301;2025-03-01;189;300005000849;0
48718;1893996174259620250801;2025-08-01;189;300005000849;2
92497;1893996271177520250101;2025-01-01;189;300000100861;0
80062;1893996271177620250301;2025-03-01;189;300000100861;2
73799;1893996271177720250401;2025-04-01;189;300000100861;0
67573;1893996271177820250501;2025-05-01;189;300000100861;0
61263;1893996271177920250601;2025-06-01;189;300000100861;0
23432;1893996281627220251201;2025-12-01;189;300000100861;0
4928;18939963192485020260301;2026-03-01;189;300000073198;2
92498;1893996371178020250101;2025-01-01;189;300000073198;2
73800;1893996371178120250401;2025-04-01;189;300000073198;2
67574;1893996371178220250501;2025-05-01;189;300000073198;2
61264;1893996371178320250601;2025-06-01;189;300000073198;2
48720;1893996374269520250801;2025-08-01;189;300000073198;0
29826;1893996381396320251101;2025-11-01;189;300000073198;0
1173;18939964193530520260401;2026-04-01;189;300000075409;0
73801;1893996471178420250401;2025-04-01;189;300000075409;2
67575;1893996471178520250501;2025-05-01;189;300000075409;2
61265;1893996471178620250601;2025-06-01;189;300000075409;2
4919;18939965192483820260301;2026-03-01;189;300009689868;0
92499;1893996571178720250101;2025-01-01;189;300009689868;2
80063;1893996571178820250301;2025-03-01;189;300009689868;2
73802;1893996571178920250401;2025-04-01;189;300009689868;0
67576;1893996571179020250501;2025-05-01;189;300009689868;2
61266;1893996571179120250601;2025-06-01;189;300009689868;2
48724;1893996574269920250801;2025-08-01;189;300009689868;0
29843;1893996581612120251101;2025-11-01;189;300009689868;0
4921;18939966192484220260301;2026-03-01;189;300000059829;0
92500;1893996671179220250101;2025-01-01;189;300000059829;2
80064;1893996671179320250301;2025-03-01;189;300000059829;2
73803;1893996671179420250401;2025-04-01;189;300000059829;2
67577;1893996671179520250501;2025-05-01;189;300000059829;2
61267;1893996671179620250601;2025-06-01;189;300000059829;2
48719;1893996674269420250801;2025-08-01;189;300000059829;0
29825;1893996681396120251101;2025-11-01;189;300000059829;0
54726;1893997371188720250701;2025-07-01;189;200003180363;0
42763;1893997376433120250901;2025-09-01;189;200003180363;2
36337;1893997378275220251001;2025-10-01;189;200003180363;0
29840;1893997381398720251101;2025-11-01;189;200003180363;0
23451;1893997387537920251201;2025-12-01;189;200003180363;0
5070;18939974193123620260301;2026-03-01;189;200002550566;0
54727;1893997471188920250701;2025-07-01;189;200002550566;0
42762;1893997476431820250901;2025-09-01;189;200002550566;0
29839;1893997481398620251101;2025-11-01;189;200002550566;0
23447;1893997487536720251201;2025-12-01;189;200002550566;0
4917;18939976192483620260301;2026-03-01;189;100233318328;0
54732;1893997671190720250701;2025-07-01;189;100233318328;0
29816;1893997679431320251101;2025-11-01;189;100233318328;0
5067;18939988193122720260301;2026-03-01;189;200008900364;0
54735;1893998871201520250701;2025-07-01;189;200008900364;0
29842;1893998881525820251101;2025-11-01;189;200008900364;0
23449;1893998887537020251201;2025-12-01;189;200008900364;0
16994;1893998890011620260101;2026-01-01;189;200008900364;0
10909;189417020260201;2026-02-01;189;50211183;0
10910;189419020260201;2026-02-01;189;12513301;0
5003;189436020260301;2026-03-01;189;2000472400;0
54738;1894369273929020250701;2025-07-01;189;200000045066;0
29830;1894369281397720251101;2025-11-01;189;200000045066;0
23453;1894369287541920251201;2025-12-01;189;200000045066;0
61349;189447020250601;2025-06-01;189;100243307051;0
23470;189447820251201;2025-12-01;189;100243307051;0
342226;189452120200101;2020-01-01;189;202610;0
54739;1894578174259520250701;2025-07-01;189;200000078770;0
29829;1894578181397620251101;2025-11-01;189;200000078770;0
16989;1894578190011020260101;2026-01-01;189;200000078770;0
17094;189472020260101;2026-01-01;189;MTE0004825;0
10913;189472020260201;2026-02-01;189;MTE0004825;0
36314;1895232875385220251001;2025-10-01;189;100217227259;2
29807;1895232878618220251101;2025-11-01;189;100217227259;2
23444;1895232885229820251201;2025-12-01;189;100217227259;2
10800;1895232888138520260201;2026-02-01;189;100217227259;2
4896;1895232893330720260301;2026-03-01;189;100217227259;0
36316;1895233075385620251001;2025-10-01;189;2252589;0
61270;1895233076676420250601;2025-06-01;189;2252589;0
29805;1895233078612120251101;2025-11-01;189;2252589;0
23404;1895233081475920251201;2025-12-01;189;2252589;0
10809;1895233088152920260201;2026-02-01;189;2252589;0
4897;1895233093330820260301;2026-03-01;189;2252589;0
36317;1895234075387320251001;2025-10-01;189;100186029876;0
29803;1895234078610520251101;2025-11-01;189;100186029876;0
23408;1895234081476320251201;2025-12-01;189;100186029876;0
10810;1895234088154020260201;2026-02-01;189;100186029876;0
4903;1895234093407720260301;2026-03-01;189;100186029876;0
36318;1895234175387420251001;2025-10-01;189;100084132651;2
29808;1895234179011120251101;2025-11-01;189;100084132651;0
23406;1895234181476120251201;2025-12-01;189;100084132651;0
10818;1895234190273320260201;2026-02-01;189;100084132651;0
4893;1895234193329720260301;2026-03-01;189;100084132651;0
36319;1895234275387520251001;2025-10-01;189;100165841288;0
29804;1895234278610620251101;2025-11-01;189;100165841288;0
23411;1895234281476620251201;2025-12-01;189;100165841288;0
10805;1895234288139920260201;2026-02-01;189;100165841288;0
4895;1895234293330420260301;2026-03-01;189;100165841288;0
36320;1895234375387720251001;2025-10-01;189;60081902;0
29802;1895234378610320251101;2025-11-01;189;60081902;0
23407;1895234381476220251201;2025-12-01;189;60081902;0
10807;1895234388141120260201;2026-02-01;189;60081902;0
4894;1895234393329920260301;2026-03-01;189;60081902;0
1171;18952889193529020260401;2026-04-01;189;100202972549;0
36321;1895288975460520251001;2025-10-01;189;100202972549;0
61269;1895288976676320250601;2025-06-01;189;100202972549;0
23414;1895288981537320251201;2025-12-01;189;100202972549;0
10808;1895288988149220260201;2026-02-01;189;100202972549;0
4899;1895288993331520260301;2026-03-01;189;100202972549;0
36322;1895289075460620251001;2025-10-01;189;53423003;0
1121;18952894192845120260401;2026-04-01;189;100215954064;0
36323;1895289475461020251001;2025-10-01;189;100215954064;0
61274;1895289476676920250601;2025-06-01;189;100215954064;0
23403;1895289481475820251201;2025-12-01;189;100215954064;0
10803;1895289488139620260201;2026-02-01;189;100215954064;0
4901;1895289493331820260301;2026-03-01;189;100215954064;0
4914;18952895191739020260301;2026-03-01;189;100160204700;2
36324;1895289575461120251001;2025-10-01;189;100160204700;2
61273;1895289576676820250601;2025-06-01;189;100160204700;2
29809;1895289579011220251101;2025-11-01;189;100160204700;0
23412;1895289581535920251201;2025-12-01;189;100160204700;0
10804;1895289588139820260201;2026-02-01;189;100160204700;2
36326;1895289875461520251001;2025-10-01;189;100212997196;0
23413;1895289881536320251201;2025-12-01;189;100212997196;0
10802;1895289888139320260201;2026-02-01;189;100212997196;0
4900;1895289893331620260301;2026-03-01;189;100212997196;2
4906;18952899190533920260301;2026-03-01;189;100202972646;0
36327;1895289975461720251001;2025-10-01;189;100202972646;0
54741;1895289976672320250701;2025-07-01;189;100202972646;0
29798;1895289978593420251101;2025-11-01;189;100202972646;0
23405;1895289981476020251201;2025-12-01;189;100202972646;0
42764;1895845876597620250901;2025-09-01;189;22190244;2
61277;1895845877625620250601;2025-06-01;189;22190244;2
36339;1895845878582220251001;2025-10-01;189;22190244;2
29844;1895845881662520251101;2025-11-01;189;22190244;2
61271;1895892176676620250601;2025-06-01;189;63022371;0
61272;1895892276676720250601;2025-06-01;189;63022427;0
1176;18958923193533320260401;2026-04-01;189;100224833045;2
61275;1895892376677020250601;2025-06-01;189;100224833045;0
23409;1895892381476420251201;2025-12-01;189;100224833045;0
10806;1895892388140720260201;2026-02-01;189;100224833045;0
4904;1895892393627920260301;2026-03-01;189;100224833045;0
61276;1896015177625420250601;2025-06-01;189;22433260;0
36338;1896015178582120251001;2025-10-01;189;22433260;2
29845;1896015182032120251101;2025-11-01;189;22433260;2
4922;18967040192484420260301;2026-03-01;189;100210932798;2
29813;1896704079342420251101;2025-11-01;189;100210932798;0
4931;18967641192485320260301;2026-03-01;189;100159070526;0
29817;1896764179445920251101;2025-11-01;189;100159070526;0
4930;18967645192485220260301;2026-03-01;189;100159070593;0
29818;1896764579446320251101;2025-11-01;189;100159070593;0
4916;18968566192483520260301;2026-03-01;189;100193347349;0
29821;1896856679702120251101;2025-11-01;189;100193347349;0
36340;1896923280012220251001;2025-10-01;189;12513301;0
4932;18975311192485420260301;2026-03-01;189;100116518525;0
29824;1897531181396020251101;2025-11-01;189;100116518525;0
29827;1897531381396720251101;2025-11-01;189;100239810429;2
23436;1897531381627620251201;2025-12-01;189;100239810429;0
23399;1897531481396920251201;2025-12-01;189;200009130406;0
16988;1897531487541220260101;2026-01-01;189;200009130406;2
23400;1897531681397320251201;2025-12-01;189;200009409613;0
16987;1897531687539820260101;2026-01-01;189;200009409613;0
4923;18975317192484520260301;2026-03-01;189;200007550483;0
29828;1897531781397420251101;2025-11-01;189;200007550483;0
23450;1897531787537820251201;2025-12-01;189;200007550483;0
16995;1897531790012120260101;2026-01-01;189;200007550483;0
23401;1897531881397520251201;2025-12-01;189;200009387431;0
16986;1897531887539720260101;2026-01-01;189;200009387431;0
10814;1897531890011720260201;2026-02-01;189;200009387431;0
23416;1897616081625520251201;2025-12-01;189;100201414240;0
23418;1897616181625720251201;2025-12-01;189;100241078470;0
23419;1897616281625820251201;2025-12-01;189;100126823983;0
23420;1897616381625920251201;2025-12-01;189;100160204689;0
23421;1897616481626020251201;2025-12-01;189;100224564672;0
23422;1897616581626120251201;2025-12-01;189;100210480897;0
23423;1897616681626220251201;2025-12-01;189;100218763227;0
23424;1897616781626320251201;2025-12-01;189;100210509402;2
1172;18976168193529420260401;2026-04-01;189;100211334401;0
23425;1897616881626420251201;2025-12-01;189;100211334401;0
23426;1897616981626520251201;2025-12-01;189;100218093213;2
23428;1897617081626720251201;2025-12-01;189;100220817436;0
23429;1897617181626820251201;2025-12-01;189;100213408569;0
23430;1897617281626920251201;2025-12-01;189;100222912363;0
1175;18976174193533020260401;2026-04-01;189;100220818955;0
23431;1897617481627120251201;2025-12-01;189;100220818955;2
23434;1897617581627420251201;2025-12-01;189;100220817487;2
23435;1897617681627520251201;2025-12-01;189;100220818998;0
1174;18976177193532820260401;2026-04-01;189;100223036800;0
23437;1897617781627720251201;2025-12-01;189;100223036800;0
36341;1898131082890820251001;2025-10-01;189;50211183;0
27091;189911487427420251101;2025-11-01;18;35673850;0
14172;189912087428520260101;2026-01-01;18;4000817108;0
14175;189912287429220260101;2026-01-01;18;40440712;0
27093;189912487429520251101;2025-11-01;18;36073040;0
16985;1899919487539420260101;2026-01-01;189;200008863396;0
10815;1899919490011920260201;2026-02-01;189;200008863396;0
36432;1917143680494020251001;2025-10-01;191;50146453;0
17116;19710071988248320260101;2026-01-01;197;4001368078;0
29916;1976703879341920251101;2025-11-01;197;4002918643;0
17102;1976703887340720260101;2026-01-01;197;4002918643;0
29917;1976709479350920251101;2025-11-01;197;4002112351;0
29918;1976709779351320251101;2025-11-01;197;4002151517;0
29919;1976709979351820251101;2025-11-01;197;4000957648;0
29920;1976710279352120251101;2025-11-01;197;4003430040;0
29921;1976710379352220251101;2025-11-01;197;4000232682;0
29922;1976710579352420251101;2025-11-01;197;4002112278;0
17109;1976710587351620260101;2026-01-01;197;4002112278;0
29923;1976710679352620251101;2025-11-01;197;4002112291;0
29924;1976719579366820251101;2025-11-01;197;4002307492;0
29925;1976719679366920251101;2025-11-01;197;4000959351;0
17108;1976719687351420260101;2026-01-01;197;4000959351;0
29926;1976719779367020251101;2025-11-01;197;4000957684;0
17105;1976719787351120260101;2026-01-01;197;4000957684;0
29927;1976719879367120251101;2025-11-01;197;4000958608;0
29928;1976719979367220251101;2025-11-01;197;4000959081;0
29929;1976720079367320251101;2025-11-01;197;4000958618;0
17106;1976720087351220260101;2026-01-01;197;4000958618;0
29930;1976720179367420251101;2025-11-01;197;4001312211;0
17107;1976720187351320260101;2026-01-01;197;4001312211;0
29931;1976720279367520251101;2025-11-01;197;4000958596;0
29932;1976720379367620251101;2025-11-01;197;4002548221;0
29933;1976720979368220251101;2025-11-01;197;4001389610;0
29934;1976721079368320251101;2025-11-01;197;4002148086;0
29935;1976721179368420251101;2025-11-01;197;4002151542;0
29936;1976721279368520251101;2025-11-01;197;4002918630;0
17096;1976721287339220260101;2026-01-01;197;4002918630;0
29937;1976721479368720251101;2025-11-01;197;4002151522;0
29938;1976721579368820251101;2025-11-01;197;4002564887;0
23524;1976721582909320251201;2025-12-01;197;4002564887;0
29939;1976721679368920251101;2025-11-01;197;4003066825;0
17097;1976721687339320260101;2026-01-01;197;4003066825;0
29940;1976721779369020251101;2025-11-01;197;4002958645;0
17101;1976721787340520260101;2026-01-01;197;4002958645;0
29941;1976721879369120251101;2025-11-01;197;4002130462;0
29942;1976721979369220251101;2025-11-01;197;4002958647;0
17098;1976721987339420260101;2026-01-01;197;4002958647;0
29943;1976722079369520251101;2025-11-01;197;2096460288;0
29944;1976722179369620251101;2025-11-01;197;4003158255;0
29945;1976722279369720251101;2025-11-01;197;4000446079;0
29946;1976722379369820251101;2025-11-01;197;2096457295;0
29947;1976722479369920251101;2025-11-01;197;4000024117;0
29948;1976722579370020251101;2025-11-01;197;4000469582;0
29949;1976726679375320251101;2025-11-01;197;4002592615;0
29950;1976763479444020251101;2025-11-01;197;4000130567;0
23520;1976763482711920251201;2025-12-01;197;4000130567;0
17100;1976763487339620260101;2026-01-01;197;4000130567;0
29951;1976763579444120251101;2025-11-01;197;4000965599;0
29952;1976764279446020251101;2025-11-01;197;4002565119;0
23523;1976764282712620251201;2025-12-01;197;4002565119;0
17104;1976764287341220260101;2026-01-01;197;4002565119;0
29953;1976773779463420251101;2025-11-01;197;4000957637;0
23525;1976773782909420251201;2025-12-01;197;4000957637;0
29954;1976836379667620251101;2025-11-01;197;4000957650;0
29955;1977338081024720251101;2025-11-01;197;4002665436;0
29956;1977338381026320251101;2025-11-01;197;4000769743;0
48847;19775021020250801;2025-08-01;197;4000149832;0
42888;19775021120250901;2025-09-01;197;4000149832;0
137073;1977502120240701;2024-07-01;197;4000149832;0
36437;19775021220251001;2025-10-01;197;4000149832;0
29958;19775021320251101;2025-11-01;197;4000149832;0
23530;19775021420251201;2025-12-01;197;4000149832;0
17121;19775021520260101;2026-01-01;197;4000149832;0
10919;19775021620260201;2026-02-01;197;4000149832;0
5011;19775021720260301;2026-03-01;197;4000149832;0
100575;1977502220241201;2024-12-01;197;4000149832;0
92628;1977502320250101;2025-01-01;197;4000149832;0
86463;1977502420250201;2025-02-01;197;4000149832;0
80185;1977502520250301;2025-03-01;197;4000149832;0
73924;1977502620250401;2025-04-01;197;4000149832;0
67698;1977502720250501;2025-05-01;197;4000149832;0
61358;1977502820250601;2025-06-01;197;4000149832;0
54846;1977502920250701;2025-07-01;197;4000149832;0
48844;19775031020250801;2025-08-01;197;2096460288;0
42885;19775031120250901;2025-09-01;197;2096460288;0
137070;1977503120240701;2024-07-01;197;2096460288;0
36435;19775031220251001;2025-10-01;197;2096460288;0
23528;19775031420251201;2025-12-01;197;2096460288;0
17119;19775031520260101;2026-01-01;197;2096460288;0
10916;19775031620260201;2026-02-01;197;2096460288;0
5008;19775031720260301;2026-03-01;197;2096460288;0
100572;1977503220241201;2024-12-01;197;2096460288;0
92625;1977503320250101;2025-01-01;197;2096460288;0
86460;1977503420250201;2025-02-01;197;2096460288;0
80182;1977503520250301;2025-03-01;197;2096460288;0
73921;1977503620250401;2025-04-01;197;2096460288;0
67695;1977503720250501;2025-05-01;197;2096460288;0
61355;1977503820250601;2025-06-01;197;2096460288;0
54843;1977503920250701;2025-07-01;197;2096460288;0
48848;19775041020250801;2025-08-01;197;4000232682;0
42889;19775041120250901;2025-09-01;197;4000232682;0
137074;1977504120240701;2024-07-01;197;4000232682;0
36438;19775041220251001;2025-10-01;197;4000232682;0
23531;19775041420251201;2025-12-01;197;4000232682;0
17122;19775041520260101;2026-01-01;197;4000232682;0
10920;19775041620260201;2026-02-01;197;4000232682;0
5012;19775041720260301;2026-03-01;197;4000232682;0
100576;1977504220241201;2024-12-01;197;4000232682;0
92629;1977504320250101;2025-01-01;197;4000232682;0
86464;1977504420250201;2025-02-01;197;4000232682;0
80186;1977504520250301;2025-03-01;197;4000232682;0
73925;1977504620250401;2025-04-01;197;4000232682;0
67699;1977504720250501;2025-05-01;197;4000232682;0
61359;1977504820250601;2025-06-01;197;4000232682;0
54847;1977504920250701;2025-07-01;197;4000232682;0
48849;19775051020250801;2025-08-01;197;4000421017;0
42890;19775051120250901;2025-09-01;197;4000421017;0
137075;1977505120240701;2024-07-01;197;4000421017;0
36439;19775051220251001;2025-10-01;197;4000421017;0
29959;19775051320251101;2025-11-01;197;4000421017;0
23532;19775051420251201;2025-12-01;197;4000421017;0
17123;19775051520260101;2026-01-01;197;4000421017;0
10921;19775051620260201;2026-02-01;197;4000421017;0
5013;19775051720260301;2026-03-01;197;4000421017;0
100577;1977505220241201;2024-12-01;197;4000421017;0
92630;1977505320250101;2025-01-01;197;4000421017;0
86465;1977505420250201;2025-02-01;197;4000421017;0
80187;1977505520250301;2025-03-01;197;4000421017;0
73926;1977505620250401;2025-04-01;197;4000421017;0
67700;1977505720250501;2025-05-01;197;4000421017;0
61360;1977505820250601;2025-06-01;197;4000421017;0
54848;1977505920250701;2025-07-01;197;4000421017;0
48850;19775061020250801;2025-08-01;197;4000421028;0
42891;19775061120250901;2025-09-01;197;4000421028;0
137076;1977506120240701;2024-07-01;197;4000421028;0
36440;19775061220251001;2025-10-01;197;4000421028;0
29960;19775061320251101;2025-11-01;197;4000421028;0
23533;19775061420251201;2025-12-01;197;4000421028;0
17124;19775061520260101;2026-01-01;197;4000421028;0
10922;19775061620260201;2026-02-01;197;4000421028;0
5014;19775061720260301;2026-03-01;197;4000421028;0
100578;1977506220241201;2024-12-01;197;4000421028;0
92631;1977506320250101;2025-01-01;197;4000421028;0
86466;1977506420250201;2025-02-01;197;4000421028;0
80188;1977506520250301;2025-03-01;197;4000421028;0
73927;1977506620250401;2025-04-01;197;4000421028;0
67701;1977506720250501;2025-05-01;197;4000421028;0
61361;1977506820250601;2025-06-01;197;4000421028;0
54849;1977506920250701;2025-07-01;197;4000421028;0
48851;19775071020250801;2025-08-01;197;4000446079;0
42892;19775071120250901;2025-09-01;197;4000446079;0
137077;1977507120240701;2024-07-01;197;4000446079;0
36441;19775071220251001;2025-10-01;197;4000446079;0
23534;19775071420251201;2025-12-01;197;4000446079;0
17125;19775071520260101;2026-01-01;197;4000446079;0
10923;19775071620260201;2026-02-01;197;4000446079;0
5015;19775071720260301;2026-03-01;197;4000446079;0
100579;1977507220241201;2024-12-01;197;4000446079;0
92632;1977507320250101;2025-01-01;197;4000446079;0
86467;1977507420250201;2025-02-01;197;4000446079;0
80189;1977507520250301;2025-03-01;197;4000446079;0
73928;1977507620250401;2025-04-01;197;4000446079;0
67702;1977507720250501;2025-05-01;197;4000446079;0
61362;1977507820250601;2025-06-01;197;4000446079;0
54850;1977507920250701;2025-07-01;197;4000446079;0
48853;19775081020250801;2025-08-01;197;4000769743;0
42894;19775081120250901;2025-09-01;197;4000769743;0
137079;1977508120240701;2024-07-01;197;4000769743;0
36443;19775081220251001;2025-10-01;197;4000769743;0
23536;19775081420251201;2025-12-01;197;4000769743;0
17127;19775081520260101;2026-01-01;197;4000769743;0
10925;19775081620260201;2026-02-01;197;4000769743;0
5017;19775081720260301;2026-03-01;197;4000769743;0
100581;1977508220241201;2024-12-01;197;4000769743;0
92634;1977508320250101;2025-01-01;197;4000769743;0
86469;1977508420250201;2025-02-01;197;4000769743;0
80191;1977508520250301;2025-03-01;197;4000769743;0
73930;1977508620250401;2025-04-01;197;4000769743;0
67704;1977508720250501;2025-05-01;197;4000769743;0
61364;1977508820250601;2025-06-01;197;4000769743;0
54852;1977508920250701;2025-07-01;197;4000769743;0
48854;19775091020250801;2025-08-01;197;4000957648;0
42896;19775091120250901;2025-09-01;197;4000957648;0
137080;1977509120240701;2024-07-01;197;4000957648;0
36445;19775091220251001;2025-10-01;197;4000957648;0
23537;19775091420251201;2025-12-01;197;4000957648;0
17129;19775091520260101;2026-01-01;197;4000957648;0
10927;19775091620260201;2026-02-01;197;4000957648;0
5019;19775091720260301;2026-03-01;197;4000957648;0
100583;1977509220241201;2024-12-01;197;4000957648;0
92636;1977509320250101;2025-01-01;197;4000957648;0
86471;1977509420250201;2025-02-01;197;4000957648;0
80193;1977509520250301;2025-03-01;197;4000957648;0
73932;1977509620250401;2025-04-01;197;4000957648;0
67706;1977509720250501;2025-05-01;197;4000957648;0
61366;1977509820250601;2025-06-01;197;4000957648;0
54853;1977509920250701;2025-07-01;197;4000957648;0
48858;19775101020250801;2025-08-01;197;4000958608;0
42900;19775101120250901;2025-09-01;197;4000958608;0
137082;1977510120240701;2024-07-01;197;4000958608;0
36449;19775101220251001;2025-10-01;197;4000958608;0
23541;19775101420251201;2025-12-01;197;4000958608;0
17132;19775101520260101;2026-01-01;197;4000958608;0
10931;19775101620260201;2026-02-01;197;4000958608;0
5023;19775101720260301;2026-03-01;197;4000958608;0
100586;1977510220241201;2024-12-01;197;4000958608;0
92639;1977510320250101;2025-01-01;197;4000958608;0
86475;1977510420250201;2025-02-01;197;4000958608;0
80197;1977510520250301;2025-03-01;197;4000958608;0
73936;1977510620250401;2025-04-01;197;4000958608;0
67710;1977510720250501;2025-05-01;197;4000958608;0
61370;1977510820250601;2025-06-01;197;4000958608;0
54857;1977510920250701;2025-07-01;197;4000958608;0
48863;19775111020250801;2025-08-01;197;4001312211;0
42905;19775111120250901;2025-09-01;197;4001312211;0
137085;1977511120240701;2024-07-01;197;4001312211;0
36453;19775111220251001;2025-10-01;197;4001312211;0
23546;19775111420251201;2025-12-01;197;4001312211;0
10936;19775111620260201;2026-02-01;197;4001312211;0
5027;19775111720260301;2026-03-01;197;4001312211;0
100591;1977511220241201;2024-12-01;197;4001312211;0
92644;1977511320250101;2025-01-01;197;4001312211;0
86480;1977511420250201;2025-02-01;197;4001312211;0
80202;1977511520250301;2025-03-01;197;4001312211;0
73941;1977511620250401;2025-04-01;197;4001312211;0
67715;1977511720250501;2025-05-01;197;4001312211;0
61375;1977511820250601;2025-06-01;197;4001312211;0
54862;1977511920250701;2025-07-01;197;4001312211;0
48864;19775121020250801;2025-08-01;197;4001389610;0
42907;19775121120250901;2025-09-01;197;4001389610;0
137087;1977512120240701;2024-07-01;197;4001389610;0
36455;19775121220251001;2025-10-01;197;4001389610;0
23548;19775121420251201;2025-12-01;197;4001389610;0
17135;19775121520260101;2026-01-01;197;4001389610;0
10938;19775121620260201;2026-02-01;197;4001389610;0
5029;19775121720260301;2026-03-01;197;4001389610;0
100593;1977512220241201;2024-12-01;197;4001389610;0
92646;1977512320250101;2025-01-01;197;4001389610;0
86482;1977512420250201;2025-02-01;197;4001389610;0
80204;1977512520250301;2025-03-01;197;4001389610;0
73943;1977512620250401;2025-04-01;197;4001389610;0
67717;1977512720250501;2025-05-01;197;4001389610;0
61377;1977512820250601;2025-06-01;197;4001389610;0
54863;1977512920250701;2025-07-01;197;4001389610;0
48865;19775131020250801;2025-08-01;197;4001546839;0
42908;19775131120250901;2025-09-01;197;4001546839;0
137088;1977513120240701;2024-07-01;197;4001546839;0
29962;19775131220251101;2025-11-01;197;4001546839;0
23549;19775131320251201;2025-12-01;197;4001546839;0
10939;19775131520260201;2026-02-01;197;4001546839;0
5030;19775131620260301;2026-03-01;197;4001546839;0
100594;1977513220241201;2024-12-01;197;4001546839;0
92647;1977513320250101;2025-01-01;197;4001546839;0
86483;1977513420250201;2025-02-01;197;4001546839;0
80205;1977513520250301;2025-03-01;197;4001546839;0
73944;1977513620250401;2025-04-01;197;4001546839;0
67718;1977513720250501;2025-05-01;197;4001546839;0
61378;1977513820250601;2025-06-01;197;4001546839;0
54864;1977513920250701;2025-07-01;197;4001546839;0
48867;19775171020250801;2025-08-01;197;4002112291;0
42911;19775171120250901;2025-09-01;197;4002112291;0
137091;1977517120240701;2024-07-01;197;4002112291;0
36458;19775171220251001;2025-10-01;197;4002112291;0
23552;19775171420251201;2025-12-01;197;4002112291;0
17137;19775171520260101;2026-01-01;197;4002112291;0
10942;19775171620260201;2026-02-01;197;4002112291;0
5033;19775171720260301;2026-03-01;197;4002112291;0
100597;1977517220241201;2024-12-01;197;4002112291;0
92650;1977517320250101;2025-01-01;197;4002112291;0
86486;1977517420250201;2025-02-01;197;4002112291;0
80208;1977517520250301;2025-03-01;197;4002112291;0
73947;1977517620250401;2025-04-01;197;4002112291;0
67721;1977517720250501;2025-05-01;197;4002112291;0
61381;1977517820250601;2025-06-01;197;4002112291;0
54867;1977517920250701;2025-07-01;197;4002112291;0
48868;19775181020250801;2025-08-01;197;4002112351;0
42912;19775181120250901;2025-09-01;197;4002112351;0
137092;1977518120240701;2024-07-01;197;4002112351;0
36459;19775181220251001;2025-10-01;197;4002112351;0
23553;19775181420251201;2025-12-01;197;4002112351;0
17138;19775181520260101;2026-01-01;197;4002112351;0
10943;19775181620260201;2026-02-01;197;4002112351;0
5034;19775181720260301;2026-03-01;197;4002112351;0
100598;1977518220241201;2024-12-01;197;4002112351;0
92651;1977518320250101;2025-01-01;197;4002112351;0
86487;1977518420250201;2025-02-01;197;4002112351;0
80209;1977518520250301;2025-03-01;197;4002112351;0
73948;1977518620250401;2025-04-01;197;4002112351;0
67722;1977518720250501;2025-05-01;197;4002112351;0
61382;1977518820250601;2025-06-01;197;4002112351;0
54868;1977518920250701;2025-07-01;197;4002112351;0
48871;19775201020250801;2025-08-01;197;4002148086;0
42915;19775201120250901;2025-09-01;197;4002148086;0
137095;1977520120240701;2024-07-01;197;4002148086;0
36462;19775201220251001;2025-10-01;197;4002148086;0
23555;19775201420251201;2025-12-01;197;4002148086;0
17140;19775201520260101;2026-01-01;197;4002148086;0
10946;19775201620260201;2026-02-01;197;4002148086;0
5037;19775201720260301;2026-03-01;197;4002148086;0
100601;1977520220241201;2024-12-01;197;4002148086;0
92654;1977520320250101;2025-01-01;197;4002148086;0
86490;1977520420250201;2025-02-01;197;4002148086;0
80212;1977520520250301;2025-03-01;197;4002148086;0
73951;1977520620250401;2025-04-01;197;4002148086;0
67725;1977520720250501;2025-05-01;197;4002148086;0
61385;1977520820250601;2025-06-01;197;4002148086;0
54871;1977520920250701;2025-07-01;197;4002148086;0
48872;19775211020250801;2025-08-01;197;4002151517;0
42916;19775211120250901;2025-09-01;197;4002151517;0
137096;1977521120240701;2024-07-01;197;4002151517;0
36463;19775211220251001;2025-10-01;197;4002151517;0
23556;19775211420251201;2025-12-01;197;4002151517;0
17141;19775211520260101;2026-01-01;197;4002151517;0
10947;19775211620260201;2026-02-01;197;4002151517;0
5038;19775211720260301;2026-03-01;197;4002151517;0
100602;1977521220241201;2024-12-01;197;4002151517;0
92655;1977521320250101;2025-01-01;197;4002151517;0
86491;1977521420250201;2025-02-01;197;4002151517;0
80213;1977521520250301;2025-03-01;197;4002151517;0
73952;1977521620250401;2025-04-01;197;4002151517;0
67726;1977521720250501;2025-05-01;197;4002151517;0
61386;1977521820250601;2025-06-01;197;4002151517;0
54872;1977521920250701;2025-07-01;197;4002151517;0
48880;19775241020250801;2025-08-01;197;4002548221;0
42924;19775241120250901;2025-09-01;197;4002548221;0
137099;1977524120240701;2024-07-01;197;4002548221;0
36471;19775241220251001;2025-10-01;197;4002548221;0
23562;19775241420251201;2025-12-01;197;4002548221;0
17147;19775241520260101;2026-01-01;197;4002548221;0
10955;19775241620260201;2026-02-01;197;4002548221;0
5046;19775241720260301;2026-03-01;197;4002548221;0
100610;1977524220241201;2024-12-01;197;4002548221;0
92663;1977524320250101;2025-01-01;197;4002548221;0
86499;1977524420250201;2025-02-01;197;4002548221;0
80221;1977524520250301;2025-03-01;197;4002548221;0
73960;1977524620250401;2025-04-01;197;4002548221;0
67734;1977524720250501;2025-05-01;197;4002548221;0
61394;1977524820250601;2025-06-01;197;4002548221;0
54880;1977524920250701;2025-07-01;197;4002548221;0
48884;19775271020250801;2025-08-01;197;4002575426;0
42928;19775271120250901;2025-09-01;197;4002575426;0
137102;1977527120240701;2024-07-01;197;4002575426;0
36475;19775271220251001;2025-10-01;197;4002575426;0
29970;19775271320251101;2025-11-01;197;4002575426;0
23563;19775271420251201;2025-12-01;197;4002575426;0
17150;19775271520260101;2026-01-01;197;4002575426;0
10959;19775271620260201;2026-02-01;197;4002575426;0
5050;19775271720260301;2026-03-01;197;4002575426;0
100614;1977527220241201;2024-12-01;197;4002575426;0
92667;1977527320250101;2025-01-01;197;4002575426;0
86503;1977527420250201;2025-02-01;197;4002575426;0
80225;1977527520250301;2025-03-01;197;4002575426;0
73964;1977527620250401;2025-04-01;197;4002575426;0
67738;1977527720250501;2025-05-01;197;4002575426;0
61398;1977527820250601;2025-06-01;197;4002575426;0
54884;1977527920250701;2025-07-01;197;4002575426;0
48842;19775421020250801;2025-08-01;197;2095663428;0
42883;19775421120250901;2025-09-01;197;2095663428;0
137068;1977542120240701;2024-07-01;197;2095663428;0
29957;19775421220251101;2025-11-01;197;2095663428;0
23526;19775421320251201;2025-12-01;197;2095663428;0
17117;19775421420260101;2026-01-01;197;2095663428;0
10914;19775421520260201;2026-02-01;197;2095663428;0
5006;19775421620260301;2026-03-01;197;2095663428;0
100570;1977542220241201;2024-12-01;197;2095663428;0
92623;1977542320250101;2025-01-01;197;2095663428;0
86458;1977542420250201;2025-02-01;197;2095663428;0
80181;1977542520250301;2025-03-01;197;2095663428;0
73920;1977542620250401;2025-04-01;197;2095663428;0
67693;1977542720250501;2025-05-01;197;2095663428;0
61353;1977542820250601;2025-06-01;197;2095663428;0
54841;1977542920250701;2025-07-01;197;2095663428;0
36434;19775431020251001;2025-10-01;197;2096457295;0
137069;1977543120240701;2024-07-01;197;2096457295;0
23527;19775431220251201;2025-12-01;197;2096457295;0
17118;19775431320260101;2026-01-01;197;2096457295;0
10915;19775431420260201;2026-02-01;197;2096457295;0
5007;19775431520260301;2026-03-01;197;2096457295;0
100571;1977543220241201;2024-12-01;197;2096457295;0
92624;1977543320250101;2025-01-01;197;2096457295;0
86459;1977543420250201;2025-02-01;197;2096457295;0
67694;1977543520250501;2025-05-01;197;2096457295;0
61354;1977543620250601;2025-06-01;197;2096457295;0
54842;1977543720250701;2025-07-01;197;2096457295;0
48843;1977543820250801;2025-08-01;197;2096457295;0
42884;1977543920250901;2025-09-01;197;2096457295;0
48845;19775441020250801;2025-08-01;197;4000024117;0
42886;19775441120250901;2025-09-01;197;4000024117;0
137071;1977544120240701;2024-07-01;197;4000024117;0
36436;19775441220251001;2025-10-01;197;4000024117;0
23529;19775441420251201;2025-12-01;197;4000024117;0
17120;19775441520260101;2026-01-01;197;4000024117;0
10917;19775441620260201;2026-02-01;197;4000024117;0
5009;19775441720260301;2026-03-01;197;4000024117;0
100573;1977544220241201;2024-12-01;197;4000024117;0
92626;1977544320250101;2025-01-01;197;4000024117;0
86461;1977544420250201;2025-02-01;197;4000024117;0
80183;1977544520250301;2025-03-01;197;4000024117;0
73922;1977544620250401;2025-04-01;197;4000024117;0
67696;1977544720250501;2025-05-01;197;4000024117;0
61356;1977544820250601;2025-06-01;197;4000024117;0
54844;1977544920250701;2025-07-01;197;4000024117;0
48846;19775451020250801;2025-08-01;197;4000130567;0
42887;19775451120250901;2025-09-01;197;4000130567;0
137072;1977545120240701;2024-07-01;197;4000130567;0
10918;19775451520260201;2026-02-01;197;4000130567;0
5010;19775451620260301;2026-03-01;197;4000130567;0
100574;1977545220241201;2024-12-01;197;4000130567;0
92627;1977545320250101;2025-01-01;197;4000130567;0
86462;1977545420250201;2025-02-01;197;4000130567;0
80184;1977545520250301;2025-03-01;197;4000130567;0
73923;1977545620250401;2025-04-01;197;4000130567;0
67697;1977545720250501;2025-05-01;197;4000130567;0
61357;1977545820250601;2025-06-01;197;4000130567;0
54845;1977545920250701;2025-07-01;197;4000130567;0
48852;19775461020250801;2025-08-01;197;4000469582;0
42893;19775461120250901;2025-09-01;197;4000469582;0
137078;1977546120240701;2024-07-01;197;4000469582;0
36442;19775461220251001;2025-10-01;197;4000469582;0
23535;19775461420251201;2025-12-01;197;4000469582;0
17126;19775461520260101;2026-01-01;197;4000469582;0
10924;19775461620260201;2026-02-01;197;4000469582;0
5016;19775461720260301;2026-03-01;197;4000469582;0
100580;1977546220241201;2024-12-01;197;4000469582;0
92633;1977546320250101;2025-01-01;197;4000469582;0
86468;1977546420250201;2025-02-01;197;4000469582;0
80190;1977546520250301;2025-03-01;197;4000469582;0
73929;1977546620250401;2025-04-01;197;4000469582;0
67703;1977546720250501;2025-05-01;197;4000469582;0
61363;1977546820250601;2025-06-01;197;4000469582;0
54851;1977546920250701;2025-07-01;197;4000469582;0
48855;19775481020250801;2025-08-01;197;4000957650;0
42897;19775481120250901;2025-09-01;197;4000957650;0
137081;1977548120240701;2024-07-01;197;4000957650;0
36446;19775481220251001;2025-10-01;197;4000957650;0
23538;19775481420251201;2025-12-01;197;4000957650;0
17130;19775481520260101;2026-01-01;197;4000957650;0
10928;19775481620260201;2026-02-01;197;4000957650;0
5020;19775481720260301;2026-03-01;197;4000957650;0
100584;1977548220241201;2024-12-01;197;4000957650;0
92637;1977548320250101;2025-01-01;197;4000957650;0
86472;1977548420250201;2025-02-01;197;4000957650;0
80194;1977548520250301;2025-03-01;197;4000957650;0
73933;1977548620250401;2025-04-01;197;4000957650;0
67707;1977548720250501;2025-05-01;197;4000957650;0
61367;1977548820250601;2025-06-01;197;4000957650;0
54854;1977548920250701;2025-07-01;197;4000957650;0
48861;19775491020250801;2025-08-01;197;4000959351;0
42903;19775491120250901;2025-09-01;197;4000959351;0
137083;1977549120240701;2024-07-01;197;4000959351;0
36452;19775491220251001;2025-10-01;197;4000959351;0
23544;19775491420251201;2025-12-01;197;4000959351;0
10934;19775491620260201;2026-02-01;197;4000959351;0
5025;19775491720260301;2026-03-01;197;4000959351;0
100589;1977549220241201;2024-12-01;197;4000959351;0
92642;1977549320250101;2025-01-01;197;4000959351;0
86478;1977549420250201;2025-02-01;197;4000959351;0
80200;1977549520250301;2025-03-01;197;4000959351;0
73939;1977549620250401;2025-04-01;197;4000959351;0
67713;1977549720250501;2025-05-01;197;4000959351;0
61373;1977549820250601;2025-06-01;197;4000959351;0
54860;1977549920250701;2025-07-01;197;4000959351;0
48862;19775501020250801;2025-08-01;197;4000965599;0
42904;19775501120250901;2025-09-01;197;4000965599;0
137084;1977550120240701;2024-07-01;197;4000965599;0
23545;19775501320251201;2025-12-01;197;4000965599;0
17134;19775501420260101;2026-01-01;197;4000965599;0
10935;19775501520260201;2026-02-01;197;4000965599;0
5026;19775501620260301;2026-03-01;197;4000965599;0
100590;1977550220241201;2024-12-01;197;4000965599;0
92643;1977550320250101;2025-01-01;197;4000965599;0
86479;1977550420250201;2025-02-01;197;4000965599;0
80201;1977550520250301;2025-03-01;197;4000965599;0
73940;1977550620250401;2025-04-01;197;4000965599;0
67714;1977550720250501;2025-05-01;197;4000965599;0
61374;1977550820250601;2025-06-01;197;4000965599;0
54861;1977550920250701;2025-07-01;197;4000965599;0
36454;19775511020251001;2025-10-01;197;4001368078;0
29961;19775511120251101;2025-11-01;197;4001368078;0
137086;1977551120240701;2024-07-01;197;4001368078;0
23547;19775511220251201;2025-12-01;197;4001368078;0
10937;19775511420260201;2026-02-01;197;4001368078;0
5028;19775511520260301;2026-03-01;197;4001368078;0
100592;1977551220241201;2024-12-01;197;4001368078;0
92645;1977551320250101;2025-01-01;197;4001368078;0
86481;1977551420250201;2025-02-01;197;4001368078;0
80203;1977551520250301;2025-03-01;197;4001368078;0
73942;1977551620250401;2025-04-01;197;4001368078;0
67716;1977551720250501;2025-05-01;197;4001368078;0
61376;1977551820250601;2025-06-01;197;4001368078;0
42906;1977551920250901;2025-09-01;197;4001368078;0
48870;19775521020250801;2025-08-01;197;4002130462;0
42914;19775521120250901;2025-09-01;197;4002130462;0
137094;1977552120240701;2024-07-01;197;4002130462;0
36461;19775521220251001;2025-10-01;197;4002130462;0
23554;19775521420251201;2025-12-01;197;4002130462;0
17139;19775521520260101;2026-01-01;197;4002130462;0
10945;19775521620260201;2026-02-01;197;4002130462;0
5036;19775521720260301;2026-03-01;197;4002130462;0
100600;1977552220241201;2024-12-01;197;4002130462;0
92653;1977552320250101;2025-01-01;197;4002130462;0
86489;1977552420250201;2025-02-01;197;4002130462;0
80211;1977552520250301;2025-03-01;197;4002130462;0
73950;1977552620250401;2025-04-01;197;4002130462;0
67724;1977552720250501;2025-05-01;197;4002130462;0
61384;1977552820250601;2025-06-01;197;4002130462;0
54870;1977552920250701;2025-07-01;197;4002130462;0
23515;1978038282710820251201;2025-12-01;197;4002112508;0
17112;1978038287815320260101;2026-01-01;197;4002112508;0
23516;1978038382710920251201;2025-12-01;197;4002422378;0
23517;1978038482711120251201;2025-12-01;197;4002565126;0
23518;1978038582711420251201;2025-12-01;197;4002614228;0
17110;1978038587369320260101;2026-01-01;197;4002614228;0
23519;1978038682711620251201;2025-12-01;197;4002937683;0
17099;1978038687339520260101;2026-01-01;197;4002937683;0
23521;1978038782712120251201;2025-12-01;197;4002914920;0
17113;1978038787815520260101;2026-01-01;197;4002914920;0
23522;1978038882712320251201;2025-12-01;197;4002473306;0
17114;1978038887816420260101;2026-01-01;197;4002473306;0
17103;1979860087340920260101;2026-01-01;197;4001546839;0
17111;1979977887814120260101;2026-01-01;197;4002953747;0
17115;1979979287817420260101;2026-01-01;197;4002244822;0
61414;1992927944417420250601;2025-06-01;199;00007037304;0
48900;1992927971333120250801;2025-08-01;199;00007037304;0
61413;1992928044417320250601;2025-06-01;199;00130409901;0
54899;1992928070241420250701;2025-07-01;199;00130409901;0
48899;1992928071302520250801;2025-08-01;199;00130409901;0
42942;1992928074804820250901;2025-09-01;199;00130409901;0
17155;1992928084770120260101;2026-01-01;199;00130409901;0
10973;1992928088495720260201;2026-02-01;199;00130409901;0
5064;1992928093892620260301;2026-03-01;199;00130409901;0
61415;1993573755516020250601;2025-06-01;199;W9011138721;0
54898;1993573770241320250701;2025-07-01;199;W9011138721;0
48901;1993573773783820250801;2025-08-01;199;W9011138721;0
42943;1993573774897320250901;2025-09-01;199;W9011138721;0
17156;1993573785099520260101;2026-01-01;199;W9011138721;0
10974;1993573788847620260201;2026-02-01;199;W9011138721;0
5065;1993573794443120260301;2026-03-01;199;W9011138721;0
67753;1993574155516420250501;2025-05-01;199;15371808;0
73979;1993574155566920250401;2025-04-01;199;15371808;0
42944;1993574175349720250901;2025-09-01;199;15371808;0
36491;1993574178665720251001;2025-10-01;199;15371808;0
10976;1993574192691620260201;2026-02-01;199;15371808;0
67754;1995641876053520250501;2025-05-01;199;88908477;0
67755;1995641976053720250501;2025-05-01;199;88908469;0
29979;1995641979830820251101;2025-11-01;199;88908469;0
36497;1995641979860920251001;2025-10-01;199;88908469;0
17159;1995641987801720260101;2026-01-01;199;88908469;0
36490;1996051677705220251001;2025-10-01;199;37551078;0
23574;1996051682855920251201;2025-12-01;199;37551078;0
17157;1996051685998320260101;2026-01-01;199;37551078;0
10975;1996051689453320260201;2026-02-01;199;37551078;0
29975;1996862379712520251101;2025-11-01;199;828264521;0
29976;1996887779828720251101;2025-11-01;199;811722667;0
36492;1996887779860420251001;2025-10-01;199;811722667;0
29977;1996887979828920251101;2025-11-01;199;826818020;0
36493;1996887979860520251001;2025-10-01;199;826818020;0
29978;1996888979830020251101;2025-11-01;199;89491168;0
36495;1996888979860720251001;2025-10-01;199;89491168;0
29980;1996889879831020251101;2025-11-01;199;828506913;0
36494;1996889879860620251001;2025-10-01;199;828506913;0
29981;1996889979831120251101;2025-11-01;199;828192433;0
36496;1996889979860820251001;2025-10-01;199;828192433;0
29982;1996890379831520251101;2025-11-01;199;828264299;0
36498;1996890379861020251001;2025-10-01;199;828264299;0
29983;1996890479831620251101;2025-11-01;199;06000051994;0
36499;1996890479861120251001;2025-10-01;199;06000051994;0
17158;1996890487428220260101;2026-01-01;199;06000051994;0
29984;1996891179832720251101;2025-11-01;199;03000004272;0
29985;1996894879838520251101;2025-11-01;199;03006008499;0
36500;1996894879861220251001;2025-10-01;199;03006008499;0
29986;1996898479857320251101;2025-11-01;199;D7061490881;0
36501;1996898479861320251001;2025-10-01;199;D7061490881;0
80240;1997584881538820250301;2025-03-01;199;3011649967;0
73980;1997584881539420250401;2025-04-01;199;3011649967;0
80241;1997584981538920250301;2025-03-01;199;839518501869;0
67756;1997584981540520250501;2025-05-01;199;839518501869;0
5078;1997588020260301;2026-03-01;199;88908477;0
5080;1997590020260301;2026-03-01;199;828264299;0
5087;1997598020260301;2026-03-01;199;89491168;0
5090;1997601020260301;2026-03-01;199;88908469;0
5360;201112484193675420260301;2026-03-01;201;7078703401;0
30007;2016712079354920251101;2025-11-01;201;7036084965;0
30008;2016773679463320251101;2025-11-01;201;9010432;0
30009;2016774479464520251101;2025-11-01;201;9010599;0
5361;20174276193675820260301;2026-03-01;201;7082212188;0
30010;2017427681231120251101;2025-11-01;201;7082212188;0
100666;20211613320241201;2024-12-01;202;2095157409;0
61458;20211656157120250601;2025-06-01;202;2095157409;0
100669;20211713620241201;2024-12-01;202;2095157298;0
100667;20211813420241201;2024-12-01;202;2095054910;0
61463;20211856157620250601;2025-06-01;202;2095054910;0
100668;20211913520241201;2024-12-01;202;2095054901;0
61460;20211956157320250601;2025-06-01;202;2095054901;0
100670;20212013720241201;2024-12-01;202;2095157395;0
61454;20212052248320250601;2025-06-01;202;2095157395;0
100671;20212113820241201;2024-12-01;202;2095054880;0
61461;20212156157420250601;2025-06-01;202;2095054880;0
100673;20212214020241201;2024-12-01;202;2095054898;0
61459;20212256157220250601;2025-06-01;202;2095054898;0
100672;20212313920241201;2024-12-01;202;2095054871;0
61464;20212356157720250601;2025-06-01;202;2095054871;0
61453;2022476841611720250601;2025-06-01;202;4001770806;0
48939;2022476874213620250801;2025-08-01;202;4001770806;0
67790;2022476941611820250501;2025-05-01;202;4003892814;0
61455;2023479352248420250601;2025-06-01;202;2095125001;0
61456;2023640455950320250601;2025-06-01;202;3053025341;0
30014;2023640480794820251101;2025-11-01;202;3053025341;0
67791;2023724156143620250501;2025-05-01;202;4000860081;0
61457;2023730456156920250601;2025-06-01;202;2095149449;0
54937;2023730556157020250701;2025-07-01;202;4002944097;0
42981;2023730574782220250901;2025-09-01;202;4002944097;0
61462;2023730656157520250601;2025-06-01;202;2095149457;0
61465;2023730756157820250601;2025-06-01;202;3053040049;0
61466;2023730856157920250601;2025-06-01;202;4001181986;0
61467;2023730956158020250601;2025-06-01;202;4002523241;0
61468;2023731056158120250601;2025-06-01;202;4001989961;0
61469;2023731156158220250601;2025-06-01;202;2036281154;0
61470;2023731256158320250601;2025-06-01;202;4003330979;0
61471;2023731356158420250601;2025-06-01;202;4000648665;0
61472;2023731456158520250601;2025-06-01;202;3053001279;0
61473;2023731556158720250601;2025-06-01;202;2036290528;0
61474;2023731656159220250601;2025-06-01;202;2036313650;0
61475;2023731756159620250601;2025-06-01;202;2036324414;0
61476;2023731856159720250601;2025-06-01;202;4003046089;0
61477;2023731956159820250601;2025-06-01;202;4000669993;0
5099;20238724190877620260301;2026-03-01;202;40974804;0
3558;20238724194110220260401;2026-04-01;202;40974804;0
54938;2023872469989820250701;2025-07-01;202;40974804;0
30012;2023872478968720251101;2025-11-01;202;40974804;0
11012;2023872488602520260201;2026-02-01;202;40974804;0
54939;2023872669990120250701;2025-07-01;202;4003348763;0
42982;2023872674930520250901;2025-09-01;202;4003348763;0
11013;2023872690688520260201;2026-02-01;202;4003348763;0
61478;2023892770279320250601;2025-06-01;202;4000890114;0
61479;2023892870279420250601;2025-06-01;202;4001685339;0
30013;2027060680231320251101;2025-11-01;202;4001134767;0
30015;2027428881232620251101;2025-11-01;202;4004024641;0
61491;2043724456145420250601;2025-06-01;204;MTE0009839;0
23650;2044609081075520251201;2025-12-01;204;32057628;0
957955;2062210020240501;2024-05-01;206;11540540;0
957935;2062210120240601;2024-06-01;206;11540540;0
957915;2062210220240701;2024-07-01;206;11540540;0
957895;2062210320240801;2024-08-01;206;11540540;0
957875;2062210420240901;2024-09-01;206;11540540;0
957855;2062210520241001;2024-10-01;206;11540540;0
957835;2062210620241101;2024-11-01;206;11540540;0
957815;2062210720241201;2024-12-01;206;11540540;0
957795;2062210820250101;2025-01-01;206;11540540;0
957774;2062210920250201;2025-02-01;206;11540540;0
957755;2062211020250301;2025-03-01;206;11540540;0
957736;2062211120250401;2025-04-01;206;11540540;0
957718;2062211220250501;2025-05-01;206;11540540;0
957700;2062211320250601;2025-06-01;206;11540540;0
957682;2062211420250701;2025-07-01;206;11540540;0
957645;2062211520250901;2025-09-01;206;11540540;0
957626;2062211620251001;2025-10-01;206;11540540;0
957607;2062211720251101;2025-11-01;206;11540540;0
957588;2062211820251201;2025-12-01;206;11540540;0
957569;2062211920260101;2026-01-01;206;11540540;0
957551;2062212020260201;2026-02-01;206;11540540;0
957532;2062212120260301;2026-03-01;206;11540540;0
959240;206223620190101;2019-01-01;206;11540540;0
959219;206223720190201;2019-02-01;206;11540540;0
959198;206223820190301;2019-03-01;206;11540540;0
959177;206223920190401;2019-04-01;206;11540540;0
959156;206224020190501;2019-05-01;206;11540540;0
959135;206224120190601;2019-06-01;206;11540540;0
959115;206224220190701;2019-07-01;206;11540540;0
959097;206224320190801;2019-08-01;206;11540540;0
959077;206224420190901;2019-09-01;206;11540540;0
959057;206224520191001;2019-10-01;206;11540540;0
959036;206224620191101;2019-11-01;206;11540540;0
959015;206224720191201;2019-12-01;206;11540540;0
958995;206224820200101;2020-01-01;206;11540540;0
958975;206224920200201;2020-02-01;206;11540540;0
958955;206225020200301;2020-03-01;206;11540540;0
958935;206225120200401;2020-04-01;206;11540540;0
958916;206225220200501;2020-05-01;206;11540540;0
958895;206225320200601;2020-06-01;206;11540540;0
958874;206225420200701;2020-07-01;206;11540540;0
958853;206225520200801;2020-08-01;206;11540540;0
958832;206225620200901;2020-09-01;206;11540540;0
958811;206225720201001;2020-10-01;206;11540540;0
958790;206225820201101;2020-11-01;206;11540540;0
958769;206225920201201;2020-12-01;206;11540540;0
958749;206226020210101;2021-01-01;206;11540540;0
958729;206226120210201;2021-02-01;206;11540540;0
958709;206226220210301;2021-03-01;206;11540540;0
958689;206226320210401;2021-04-01;206;11540540;0
958670;206226420210501;2021-05-01;206;11540540;0
958651;206226520210601;2021-06-01;206;11540540;0
958632;206226620210701;2021-07-01;206;11540540;0
958613;206226720210801;2021-08-01;206;11540540;0
958594;206226820210901;2021-09-01;206;11540540;0
958575;206226920211001;2021-10-01;206;11540540;0
958556;206227020211101;2021-11-01;206;11540540;0
958537;206227120211201;2021-12-01;206;11540540;0
958518;206227220220101;2022-01-01;206;11540540;0
958499;206227320220201;2022-02-01;206;11540540;0
958479;206227420220301;2022-03-01;206;11540540;0
957650;2062274312620250801;2025-08-01;206;11540540;0
958459;206227520220401;2022-04-01;206;11540540;0
958439;206227620220501;2022-05-01;206;11540540;0
958419;206227720220601;2022-06-01;206;11540540;0
958399;206227820220701;2022-07-01;206;11540540;0
958379;206227920220801;2022-08-01;206;11540540;0
958358;206228020220901;2022-09-01;206;11540540;0
958337;206228120221001;2022-10-01;206;11540540;0
958316;206228220221101;2022-11-01;206;11540540;0
958295;206228320221201;2022-12-01;206;11540540;0
958275;206228420230101;2023-01-01;206;11540540;0
958255;206228520230201;2023-02-01;206;11540540;0
958235;206228620230301;2023-03-01;206;11540540;0
958215;206228720230401;2023-04-01;206;11540540;0
958195;206228820230501;2023-05-01;206;11540540;0
958175;206228920230601;2023-06-01;206;11540540;0
958155;206229020230701;2023-07-01;206;11540540;0
958135;206229120230801;2023-08-01;206;11540540;0
958115;206229220230901;2023-09-01;206;11540540;0
958095;206229320231001;2023-10-01;206;11540540;0
958075;206229420231101;2023-11-01;206;11540540;0
958055;206229520231201;2023-12-01;206;11540540;0
958035;206229620240101;2024-01-01;206;11540540;0
958015;206229720240201;2024-02-01;206;11540540;0
957995;206229820240301;2024-03-01;206;11540540;0
957975;206229920240401;2024-04-01;206;11540540;0
61494;2063289549855020250601;2025-06-01;206;25401807;0
17237;2063289587805620260101;2026-01-01;206;25401807;0
61495;2063289649855120250601;2025-06-01;206;2094363803;0
54981;2063289669990720250701;2025-07-01;206;2094363803;0
43025;2063289674931120250901;2025-09-01;206;2094363803;0
23657;2063289682875720251201;2025-12-01;206;2094363803;0
17239;2063289687806020260101;2026-01-01;206;2094363803;0
61496;2063289749855220250601;2025-06-01;206;2094855587;0
54980;2063289769990520250701;2025-07-01;206;2094855587;0
43026;2063289774931220250901;2025-09-01;206;2094855587;0
23655;2063289782873620251201;2025-12-01;206;2094855587;0
17240;2063289787806420260101;2026-01-01;206;2094855587;0
61497;2063289849855320250601;2025-06-01;206;2094363811;0
61498;2063289949855420250601;2025-06-01;206;2094483540;0
54982;2063289970257620250701;2025-07-01;206;2094483540;0
23656;2063289982874920251201;2025-12-01;206;2094483540;0
17238;2063289987805820260101;2026-01-01;206;2094483540;0
61499;2063486753047420250601;2025-06-01;206;2094600520;0
61500;2063559955503220250601;2025-06-01;206;28514122;0
48985;2063559974313220250801;2025-08-01;206;28514122;0
54979;2063724556145520250701;2025-07-01;206;2025510223;0
30054;2063724579343120251101;2025-11-01;206;2025510223;0
61501;2063724656145620250601;2025-06-01;206;2094578281;0
54983;2063724670278720250701;2025-07-01;206;2094578281;0
17236;2063724687803320260101;2026-01-01;206;2094578281;0
61502;2063871169830820250601;2025-06-01;206;2036284188;0
48981;2064022671299220250801;2025-08-01;206;10450254;0
43023;2064022674313120250901;2025-09-01;206;10450254;0
30057;2064022680792220251101;2025-11-01;206;10450254;0
23658;2064022688169420251201;2025-12-01;206;10450254;0
48982;2064034571336620250801;2025-08-01;206;13834100;0
48983;2064034671336720250801;2025-08-01;206;4000015704;0
48984;2064613174312620250801;2025-08-01;206;11540540;0
48986;2064613474313320250801;2025-08-01;206;4004233169;0
43024;2064634774374020250901;2025-09-01;206;73044296;0
23653;2064634781625320251201;2025-12-01;206;73044296;0
48987;2065025474871520250801;2025-08-01;206;4000110466;0
17241;2065025490683120260101;2026-01-01;206;4000110466;0
30055;2066710779352720251101;2025-11-01;206;18917917;0
23654;2066710782802620251201;2025-12-01;206;18917917;0
30056;2066915879927920251101;2025-11-01;206;2095897593;0
17254;20710057088172920260101;2026-01-01;207;2036271981;0
17257;21010057188173020260101;2026-01-01;210;2036288108;0
30090;217116920251101;2025-11-01;217;200009073372;0
30089;2177426981225620251101;2025-11-01;217;MTE0007651;0
601796;218115020250601;2025-06-01;218;2036287861;0
61529;2183729156155620250601;2025-06-01;218;2036287861;0
603677;2191047720241201;2024-12-01;219;4001095375;0
603668;21911211020241201;2024-12-01;219;2031787487;0
603674;21911614520241201;2024-12-01;219;2095731504;0
602357;219116920251001;2025-10-01;219;100126798733;0
602244;219117020251101;2025-11-01;219;100126798733;0
602270;21911713520251101;2025-11-01;219;4001056791;0
602623;21911911720250801;2025-08-01;219;123730600410;0
602169;21912011720251201;2025-12-01;219;30125000472;0
603687;21912714520241201;2024-12-01;219;2094521883;0
603680;21912914620241201;2024-12-01;219;2024316491;0
602245;2191311120251101;2025-11-01;219;200017383;0
602173;2191316420251201;2025-12-01;219;53626761;0
603667;21913214620241201;2024-12-01;219;2094651507;0
602930;2191368420250601;2025-06-01;219;1493914;0
602631;2191368620250801;2025-08-01;219;1493914;0
602760;2191417120250701;2025-07-01;219;948282099;0
602510;2191417320250901;2025-09-01;219;948282099;0
603675;2191438220241201;2024-12-01;219;4002049928;0
603665;2191459220241201;2024-12-01;219;2077310845;0
602735;2191459920250701;2025-07-01;219;2077310845;0
603672;2191468720241201;2024-12-01;219;4001980148;0
603688;2191478420241201;2024-12-01;219;2080321054;0
603670;2191515520241201;2024-12-01;219;2091336147;0
602737;2191516220250701;2025-07-01;219;2091336147;0
603692;2191545220241201;2024-12-01;219;2026759811;0
603678;2191565620241201;2024-12-01;219;2027526577;0
602738;2191566320250701;2025-07-01;219;2027526577;0
603673;2191624820241201;2024-12-01;219;4002943107;0
603662;2191636120241201;2024-12-01;219;4002580541;0
602242;2191636920251101;2025-11-01;219;4002580541;0
602282;2191647820251101;2025-11-01;219;4002469323;0
603682;2191674520241201;2024-12-01;219;2027613747;0
602740;2191675220250701;2025-07-01;219;2027613747;0
603683;2191693920241201;2024-12-01;219;2076789195;0
602257;2191705520251101;2025-11-01;219;4002885915;0
602259;2191715520251101;2025-11-01;219;4002885944;0
602262;2191725020251101;2025-11-01;219;4003181190;0
602254;2191734420251101;2025-11-01;219;6588247;0
603679;2191772920241201;2024-12-01;219;2084529008;0
603658;2191804720241201;2024-12-01;219;4002970378;0
61530;2191805921386820250601;2025-06-01;219;100149199488;0
36606;2191805975373020251001;2025-10-01;219;100149199488;0
30094;2191805978654620251101;2025-11-01;219;100149199488;0
23689;2191805981100620251201;2025-12-01;219;100149199488;0
17279;2191805987306320260101;2026-01-01;219;100149199488;0
1122;21918060192535520260401;2026-04-01;219;100126798733;0
61531;2191806021386920250601;2025-06-01;219;100126798733;0
36609;2191806075461620251001;2025-10-01;219;100126798733;0
30093;2191806078649120251101;2025-11-01;219;100126798733;0
23688;2191806081099920251201;2025-12-01;219;100126798733;0
17280;2191806087312120260101;2026-01-01;219;100126798733;0
11088;2191806087924020260201;2026-02-01;219;100126798733;0
5142;2191806092772220260301;2026-03-01;219;100126798733;0
1143;21918061193037120260401;2026-04-01;219;200017383;0
61532;2191806121387020250601;2025-06-01;219;200017383;0
43060;2191806174783920250901;2025-09-01;219;200017383;0
36608;2191806175453420251001;2025-10-01;219;200017383;0
30092;2191806178564420251101;2025-11-01;219;200017383;0
23705;2191806185229020251201;2025-12-01;219;200017383;0
11089;2191806188391820260201;2026-02-01;219;200017383;0
5143;2191806193949420260301;2026-03-01;219;200017383;0
61533;2191806221387120250601;2025-06-01;219;00000410928;0
61534;2191806321387220250601;2025-06-01;219;2615282;0
23693;2191806382799820251201;2025-12-01;219;2615282;0
61535;2191806421387320250601;2025-06-01;219;561100;0
49024;2191806474269120250801;2025-08-01;219;561100;0
74095;2191806474312520250401;2025-04-01;219;561100;0
603661;2191872420241201;2024-12-01;219;2024298701;0
603669;2191882420241201;2024-12-01;219;2036291028;0
603659;2191902420241201;2024-12-01;219;4003300219;0
602481;2191903220250901;2025-09-01;219;4003300219;0
603666;2191922420241201;2024-12-01;219;2089908937;0
602355;2191923420251001;2025-10-01;219;2089908937;0
603660;2191941820241201;2024-12-01;219;2024281964;0
603657;2191951820241201;2024-12-01;219;4003337688;0
602761;2191981720250701;2025-07-01;219;151261357;0
602633;2191981820250801;2025-08-01;219;151261357;0
602511;2191981920250901;2025-09-01;219;151261357;0
602280;2191982120251101;2025-11-01;219;151261357;0
602273;2191992620251101;2025-11-01;219;37337300;0
602927;2192002120250601;2025-06-01;219;10795782;0
55017;2192006656152520250701;2025-07-01;219;1491741;0
30133;2192006681719620251101;2025-11-01;219;1491741;0
55015;2192006756151720250701;2025-07-01;219;2085880809;0
43064;2192006774926220250901;2025-09-01;219;2085880809;0
602751;2192061020250701;2025-07-01;219;38514672;0
602622;2192061120250801;2025-08-01;219;38514672;0
602919;2192081120250601;2025-06-01;219;46636188;0
602276;2192091020251101;2025-11-01;219;38508001;0
602756;219209620250701;2025-07-01;219;38508001;0
602628;219209720250801;2025-08-01;219;38508001;0
602504;219209820250901;2025-09-01;219;38508001;0
602162;2192111320251201;2025-12-01;219;2615282;0
602176;2192171320251201;2025-12-01;219;675830;0
602626;2192313120250801;2025-08-01;219;33165122;0
61537;2192476141610320250601;2025-06-01;219;120806665;0
36610;2192476175517620251001;2025-10-01;219;120806665;0
17273;2192476185414020260101;2026-01-01;219;120806665;0
61538;2192476241610420250601;2025-06-01;219;34618384;0
49028;2192476274284820250801;2025-08-01;219;34618384;0
43086;2192476275349820250901;2025-09-01;219;34618384;0
55041;2192476277693220250701;2025-07-01;219;34618384;0
23702;2192476283072620251201;2025-12-01;219;34618384;0
17275;2192476285718420260101;2026-01-01;219;34618384;0
61536;2192476341605420250601;2025-06-01;219;2095731491;0
55027;2192476370285320250701;2025-07-01;219;2095731491;0
43061;2192476374823920250901;2025-09-01;219;2095731491;0
61539;2192476441610720250601;2025-06-01;219;29250285;0
602277;2193015620251101;2025-11-01;219;3053025391;0
602263;2193215820251101;2025-11-01;219;2093264755;0
61540;2193270349834120250601;2025-06-01;219;2002020511;0
61541;2193270449834220250601;2025-06-01;219;4000029831;0
49027;2193270474284720250801;2025-08-01;219;4000029831;0
61542;2193270549834320250601;2025-06-01;219;4001134754;0
30112;2193270580358620251101;2025-11-01;219;4001134754;0
67869;2193271049835220250501;2025-05-01;219;2029266874;0
43072;2193271075118120250901;2025-09-01;219;2029266874;0
92799;2193271149835320250101;2025-01-01;219;2029701708;0
86633;2193271149835720250201;2025-02-01;219;2029701708;0
61545;2193313349903520250601;2025-06-01;219;39866246;0
30131;2193313381719420251101;2025-11-01;219;39866246;0
61546;2193313449903620250601;2025-06-01;219;3545377;0
30130;2193313481718920251101;2025-11-01;219;3545377;0
61547;2193313549903720250601;2025-06-01;219;39866750;0
30124;2193313581718020251101;2025-11-01;219;39866750;0
61548;2193313649903820250601;2025-06-01;219;200242599;0
55029;2193313670285620250701;2025-07-01;219;200242599;0
43067;2193313674932520250901;2025-09-01;219;200242599;0
61549;2193313849904020250601;2025-06-01;219;12900028;0
49032;2193313874312320250801;2025-08-01;219;12900028;0
30127;2193313881718420251101;2025-11-01;219;12900028;0
61550;2193313949904120250601;2025-06-01;219;46693424;0
30129;2193313981718720251101;2025-11-01;219;46693424;0
61551;2193314049904220250601;2025-06-01;219;45758352;0
30132;2193314081719520251101;2025-11-01;219;45758352;0
61552;2193314149904320250601;2025-06-01;219;43745750;0
49031;2193314174312220250801;2025-08-01;219;43745750;0
61553;2193314249904420250601;2025-06-01;219;6588247;0
49023;2193314274259420250801;2025-08-01;219;6588247;0
36619;2193314277745420251001;2025-10-01;219;6588247;0
30097;2193314279351520251101;2025-11-01;219;6588247;0
23704;2193314283661720251201;2025-12-01;219;6588247;0
61554;2193478252247220250601;2025-06-01;219;4000011376;0
30113;2193478280358820251101;2025-11-01;219;4000011376;0
61555;2193478352247320250601;2025-06-01;219;2026302110;0
30110;2193478380358420251101;2025-11-01;219;2026302110;0
61557;2193478452247520250601;2025-06-01;219;31540589;0
55036;2193478474256120250701;2025-07-01;219;31540589;0
61558;2193478552247620250601;2025-06-01;219;2025900072;0
602493;2193512120250901;2025-09-01;219;2085880809;0
61559;2193560155503320250601;2025-06-01;219;4002885915;0
30117;2193560180785020251101;2025-11-01;219;4002885915;0
49020;2193560274202320250801;2025-08-01;219;2029265576;0
30105;2193560279702820251101;2025-11-01;219;2029265576;0
61560;2193560355503420250601;2025-06-01;219;4002885944;0
30115;2193560380784120251101;2025-11-01;219;4002885944;0
61561;2193567055510520250601;2025-06-01;219;35164654;0
55033;2193567071181620250701;2025-07-01;219;35164654;0
36617;2193567076745020251001;2025-10-01;219;35164654;0
30095;2193567078956720251101;2025-11-01;219;35164654;0
23696;2193567082826020251201;2025-12-01;219;35164654;0
17276;2193567085719220260101;2026-01-01;219;35164654;0
11092;2193567089354920260201;2026-02-01;219;35164654;0
61563;2193569755513420250601;2025-06-01;219;4003861907;0
49026;2193569774284620250801;2025-08-01;219;4003861907;0
61562;2193569855513320250601;2025-06-01;219;2618206;0
55034;2193569871181720250701;2025-07-01;219;2618206;0
36618;2193569876745220251001;2025-10-01;219;2618206;0
49043;2193569877693320250801;2025-08-01;219;2618206;0
23703;2193569883072820251201;2025-12-01;219;2618206;0
17274;2193569885709820260101;2026-01-01;219;2618206;0
5144;21936241190534320260301;2026-03-01;219;53626753;0
1210;21936241193633020260401;2026-04-01;219;53626753;1
61564;2193624155928020250601;2025-06-01;219;53626753;0
36616;2193624176372620251001;2025-10-01;219;53626753;0
17272;2193624185349220260101;2026-01-01;219;53626753;0
23707;2193624185489020251201;2025-12-01;219;53626753;0
11091;2193624189166620260201;2026-02-01;219;53626753;0
61565;2193624255928120250601;2025-06-01;219;119844176;0
36613;2193624276369820251001;2025-10-01;219;119844176;0
17271;2193624285348820260101;2026-01-01;219;119844176;0
11090;2193624289166020260201;2026-02-01;219;119844176;0
61566;2193624355928220250601;2025-06-01;219;2079189768;0
30111;2193624380358520251101;2025-11-01;219;2079189768;0
61567;2193624455928320250601;2025-06-01;219;2093503105;0
61568;2193624555928420250601;2025-06-01;219;4003181190;0
30122;2193624580828320251101;2025-11-01;219;4003181190;0
61569;2193624655928520250601;2025-06-01;219;2093264755;0
30123;2193624680828420251101;2025-11-01;219;2093264755;0
61570;2193624855928620250601;2025-06-01;219;2076118231;0
30121;2193624880828220251101;2025-11-01;219;2076118231;0
61571;2193624955928720250601;2025-06-01;219;4000912867;0
61572;2193625055928820250601;2025-06-01;219;4001872070;0
61573;2193634855940220250601;2025-06-01;219;67584306;0
30107;2193634879780220251101;2025-11-01;219;67584306;0
61574;2193634955940320250601;2025-06-01;219;65677617;0
43087;2193634977418920250901;2025-09-01;219;65677617;0
61575;2193635055940420250601;2025-06-01;219;76190684;0
36620;2193635077765220251001;2025-10-01;219;76190684;0
30108;2193635080274420251101;2025-11-01;219;76190684;0
61576;2193635155940520250601;2025-06-01;219;38514672;0
55040;2193635177309720250701;2025-07-01;219;38514672;0
49039;2193635177563720250801;2025-08-01;219;38514672;0
61577;2193635255940620250601;2025-06-01;219;123730600410;0
55032;2193635271181520250701;2025-07-01;219;123730600410;0
49042;2193635277674020250801;2025-08-01;219;123730600410;0
30118;2193635280795020251101;2025-11-01;219;123730600410;0
61578;2193635355940720250601;2025-06-01;219;150454338;0
55031;2193635371181420250701;2025-07-01;219;150454338;0
30119;2193635380795120251101;2025-11-01;219;150454338;0
74093;2193646255956720250401;2025-04-01;219;4003780766;0
130966;2193646255957220240801;2024-08-01;219;4003780766;0
100780;2193646255957320241201;2024-12-01;219;4003780766;0
86634;2193646255957420250201;2025-02-01;219;4003780766;0
92800;2193646255957520250101;2025-01-01;219;4003780766;0
137237;2193646255957620240701;2024-07-01;219;4003780766;0
61579;2193646255957720250601;2025-06-01;219;4003780766;0
143849;2193646255957820240601;2024-06-01;219;4003780766;0
67870;2193646255957920250501;2025-05-01;219;4003780766;0
150084;2193646255958020240501;2024-05-01;219;4003780766;0
108700;2193646255958120241101;2024-11-01;219;4003780766;0
61580;2193649355966120250601;2025-06-01;219;2002744635;0
49019;2193649374202220250801;2025-08-01;219;2002744635;0
30109;2193649380358020251101;2025-11-01;219;2002744635;0
61581;2193649455966220250601;2025-06-01;219;4000057021;0
61582;2193649555966420250601;2025-06-01;219;4001056791;0
30120;2193649580814120251101;2025-11-01;219;4001056791;0
61583;2193649755966620250601;2025-06-01;219;D7059977195;0
61584;2193725556151620250601;2025-06-01;219;30124700429;0
43076;2193725575118820250901;2025-09-01;219;30124700429;0
23698;2193725582871320251201;2025-12-01;219;30124700429;0
61585;2193725656151820250601;2025-06-01;219;173343100455;0
36621;2193725677784720251001;2025-10-01;219;173343100455;0
61586;2193725756151920250601;2025-06-01;219;46636188;0
61587;2193725856152020250601;2025-06-01;219;27488489;0
49025;2193725874269220250801;2025-08-01;219;27488489;0
30126;2193725881718220251101;2025-11-01;219;27488489;0
61588;2193725956152120250601;2025-06-01;219;30125000472;0
43075;2193725975118720250901;2025-09-01;219;30125000472;0
23695;2193725982816520251201;2025-12-01;219;30125000472;0
61589;2193726156152220250601;2025-06-01;219;10826599;0
30128;2193726181718520251101;2025-11-01;219;10826599;0
55016;2193726256152320250701;2025-07-01;219;37337300;0
43066;2193726274932420250901;2025-09-01;219;37337300;0
30100;2193726279399520251101;2025-11-01;219;37337300;0
61590;2193726356152420250601;2025-06-01;219;30124300467;0
43077;2193726375118920250901;2025-09-01;219;30124300467;0
61591;2193726456152620250601;2025-06-01;219;2025911881;0
61592;2193726556152720250601;2025-06-01;219;33165122;0
49041;2193726577673820250801;2025-08-01;219;33165122;0
30104;2193726579702420251101;2025-11-01;219;33165122;0
61593;2193726656152820250601;2025-06-01;219;37950975;0
61596;2193835564777820250601;2025-06-01;219;10795782;0
43065;2193835574932320250901;2025-09-01;219;10795782;0
23701;2193835582873520251201;2025-12-01;219;10795782;0
5145;21938729190534920260301;2026-03-01;219;3545733;0
55019;2193872969990820250701;2025-07-01;219;3545733;0
49029;2193872974286120250801;2025-08-01;219;3545733;0
30103;2193872979577020251101;2025-11-01;219;3545733;0
23691;2193872982611020251201;2025-12-01;219;3545733;0
17278;2193872986034920260101;2026-01-01;219;3545733;0
74094;2193874170051720250401;2025-04-01;219;2030094437;0
67871;2193874170051820250501;2025-05-01;219;2030094437;0
80354;2193874170051920250301;2025-03-01;219;2030094437;0
61597;2193874170052020250601;2025-06-01;219;2030094437;0
55021;2193888270273720250701;2025-07-01;219;38508001;0
49038;2193888277397920250801;2025-08-01;219;38508001;0
43089;2193888277564820250901;2025-09-01;219;38508001;0
30098;2193888279381320251101;2025-11-01;219;38508001;0
55028;2193894570285420250701;2025-07-01;219;929729696;0
23690;2193894581717920251201;2025-12-01;219;929729696;0
55030;2193894770285720250701;2025-07-01;219;53626761;0
36615;2193894776372520251001;2025-10-01;219;53626761;0
61599;2193894776677820250601;2025-06-01;219;53626761;0
23706;2193894785485220251201;2025-12-01;219;53626761;0
55035;2193998971201620250701;2025-07-01;219;4000386219;0
49035;2193998974339620250801;2025-08-01;219;4000386219;0
49030;2194594674288220250801;2025-08-01;219;3053025391;0
30116;2194594680784620251101;2025-11-01;219;3053025391;0
49033;2194613074312420250801;2025-08-01;219;1493914;0
61598;2194613075321720250601;2025-06-01;219;1493914;0
30102;2194613079482320251101;2025-11-01;219;1493914;0
23697;2194613082826320251201;2025-12-01;219;1493914;0
17277;2194613085790720260101;2026-01-01;219;1493914;0
11093;2194613089474020260201;2026-02-01;219;1493914;0
603671;2194814820241201;2024-12-01;219;2092453040;0
43062;2194987474824020250901;2025-09-01;219;29329418;0
49036;2194987674824220250801;2025-08-01;219;77568869;0
602745;2195010920250701;2025-07-01;219;34618384;0
602494;2195011020250901;2025-09-01;219;34618384;0
43071;2195054874932920250901;2025-09-01;219;4003348757;0
43073;2195135875118520250901;2025-09-01;219;4003493804;0
43079;2195136575121920250901;2025-09-01;219;4001929445;0
17282;2195136587817720260101;2026-01-01;219;4001929445;0
43081;2195168075190320250901;2025-09-01;219;2076703177;0
602621;2195211020250801;2025-08-01;219;2618206;0
36607;2195267175430220251001;2025-10-01;219;948282099;0
55038;2195267176054220250701;2025-07-01;219;948282099;0
43090;2195267177674620250901;2025-09-01;219;948282099;0
603663;219539620241201;2024-12-01;219;4001770798;0
36614;2195740476370020251001;2025-10-01;219;200794649;0
30096;2195740478971220251101;2025-11-01;219;200794649;0
23692;2195740482620320251201;2025-12-01;219;200794649;0
17270;2195740485091720260101;2026-01-01;219;200794649;0
55039;2195939577309520250701;2025-07-01;219;151261357;0
49037;2195939577397820250801;2025-08-01;219;151261357;0
43088;2195939577564620250901;2025-09-01;219;151261357;0
30099;2195939579381520251101;2025-11-01;219;151261357;0
602264;2196013620251101;2025-11-01;219;2076118231;0
49040;2196037577673720250801;2025-08-01;219;6316200480;0
11094;2196037590461420260201;2026-02-01;219;6316200480;0
603689;2196110920241201;2024-12-01;219;2027446956;0
67867;2196441610920250501;2025-05-01;219;4003337688;0
49034;2196474339520250801;2025-08-01;219;4003337688;0
100744;219648120241201;2024-12-01;219;4003337688;0
603676;2196514620241201;2024-12-01;219;2094827591;0
61595;2196556153020250601;2025-06-01;219;4002970378;0
100745;219658220241201;2024-12-01;219;4002970378;0
61543;2196649834420250601;2025-06-01;219;4003300219;0
43078;2196675121820250901;2025-09-01;219;4003300219;0
100746;219668320241201;2024-12-01;219;4003300219;0
100747;219678420241201;2024-12-01;219;2024281964;0
30106;2196856779703020251101;2025-11-01;219;4000043997;0
100748;219688520241201;2024-12-01;219;2024298701;0
61594;2196956152920250601;2025-06-01;219;4002580541;0
43070;2196974932820250901;2025-09-01;219;4002580541;0
36612;2196975967220251001;2025-10-01;219;4002580541;0
30101;2196979431220251101;2025-11-01;219;4002580541;0
100749;219698620241201;2024-12-01;219;4002580541;0
100751;219708820241201;2024-12-01;219;4001770798;0
43080;2197175190220250901;2025-09-01;219;4000922381;0
100753;219719020241201;2024-12-01;219;4000922381;0
603691;2197214720241201;2024-12-01;219;2092498396;0
602742;2197215420250701;2025-07-01;219;2092498396;0
30114;2197248380783920251101;2025-11-01;219;4002469323;0
55026;2197270274220250701;2025-07-01;219;2077310845;0
43069;2197274932720250901;2025-09-01;219;2077310845;0
100754;219729120241201;2024-12-01;219;2077310845;0
36611;2197375860920251001;2025-10-01;219;2089908937;0
100755;219739220241201;2024-12-01;219;2089908937;0
100752;219748920241201;2024-12-01;219;2094651507;0
603664;2197513220241201;2024-12-01;219;4000922381;0
55018;2197566110620250701;2025-07-01;219;2031787487;0
100750;219758720241201;2024-12-01;219;2031787487;0
30125;2197644781718120251101;2025-11-01;219;5650976;0
100760;219769720241201;2024-12-01;219;2036291028;0
55023;2197770273920250701;2025-07-01;219;2091336147;0
43083;2197775190520250901;2025-09-01;219;2091336147;0
100756;219779320241201;2024-12-01;219;2091336147;0
603684;2197814720241201;2024-12-01;219;4000558398;0
100758;219789520241201;2024-12-01;219;2092453040;0
602167;219797820251201;2025-12-01;219;53626753;0
100759;219799620241201;2024-12-01;219;4001980148;0
602279;2198010520251101;2025-11-01;219;200794649;0
23694;2198089882808520251201;2025-12-01;219;675830;0
100757;219809420241201;2024-12-01;219;4002943107;0
100764;2198110120241201;2024-12-01;219;2095731504;0
602634;2198112520250801;2025-08-01;219;6316200480;0
23699;2198122782872120251201;2025-12-01;219;4001829391;0
100761;219829820241201;2024-12-01;219;4002049928;0
100771;2198310820241201;2024-12-01;219;2094827591;0
100765;2198410220241201;2024-12-01;219;4001095375;0
100763;2198510020241201;2024-12-01;219;2027526577;0
55022;2198570273820250701;2025-07-01;219;2027526577;0
49018;2198573906020250801;2025-08-01;219;2027526577;0
43085;2198575190720250901;2025-09-01;219;2027526577;0
100766;2198610320241201;2024-12-01;219;2084529008;0
603681;219869220241201;2024-12-01;219;2089255925;0
602739;219869920250701;2025-07-01;219;2089255925;0
43063;2198774879320250901;2025-09-01;219;2024316491;0
100762;219879920241201;2024-12-01;219;2024316491;0
100767;2198810420241201;2024-12-01;219;2089255925;0
55020;2198870273620250701;2025-07-01;219;2089255925;0
43084;2198875190620250901;2025-09-01;219;2089255925;0
100769;2198910620241201;2024-12-01;219;2027613747;0
55025;2198970274120250701;2025-07-01;219;2027613747;0
43068;2198974932620250901;2025-09-01;219;2027613747;0
100777;2199011420241201;2024-12-01;219;2076789195;0
100770;2199110720241201;2024-12-01;219;4000558398;0
43074;2199175118620250901;2025-09-01;219;4000558398;0
17281;2199187799920260101;2026-01-01;219;4000558398;0
603685;2199214520241201;2024-12-01;219;2024580899;0
100772;2199310920241201;2024-12-01;219;2093386869;0
603690;2199314520241201;2024-12-01;219;2094135223;0
61556;2199352247420250601;2025-06-01;219;2093386869;0
49021;2199374257420250801;2025-08-01;219;2093386869;0
100773;2199411020241201;2024-12-01;219;2094521883;0
100775;2199511220241201;2024-12-01;219;2080321054;0
100774;2199611120241201;2024-12-01;219;2027446956;0
61544;2199649835020250601;2025-06-01;219;2027446956;0
67868;2199649835120250501;2025-05-01;219;2027446956;0
55037;2199674257520250701;2025-07-01;219;2027446956;0
49022;2199674257620250801;2025-08-01;219;2027446956;0
23700;2199682872520251201;2025-12-01;219;2027446956;0
100776;2199711320241201;2024-12-01;219;2094135223;0
100778;2199811520241201;2024-12-01;219;2092498396;0
55024;2199870274020250701;2025-07-01;219;2092498396;0
43082;2199875190420250901;2025-09-01;219;2092498396;0
100779;2199911620241201;2024-12-01;219;2026759811;0
612054;222165820251101;2025-11-01;222;20661657;0
30204;2226894679838320251101;2025-11-01;222;20661568;0
30205;2226894979838620251101;2025-11-01;222;20661657;0
612053;22286020251101;2025-11-01;222;20661568;0
615395;2231012520251101;2025-11-01;223;4001144817;0
615389;223126120251101;2025-11-01;223;2032508379;0
615476;223144220250601;2025-06-01;223;3053039928;0
615475;223154420250601;2025-06-01;223;3053039315;0
615387;223172620251101;2025-11-01;223;2095293159;0
5194;22332887192581320260301;2026-03-01;223;3053039315;0
61680;2233288749854120250601;2025-06-01;223;3053039315;0
55161;2233288769828920250701;2025-07-01;223;3053039315;0
17398;22332888190464520260101;2026-01-01;223;3053039928;0
61681;2233288849854220250601;2025-06-01;223;3053039928;0
55162;2233288869829020250701;2025-07-01;223;3053039928;0
61682;2233288949854320250601;2025-06-01;223;2095293159;0
30225;2233288979927420251101;2025-11-01;223;2095293159;0
61683;2233289049854420250601;2025-06-01;223;4000780206;0
61684;2233289149854520250601;2025-06-01;223;2094755353;0
30224;2233289179927320251101;2025-11-01;223;2094755353;0
17396;2233289187821420260101;2026-01-01;223;2094755353;0
61685;2233289249854620250601;2025-06-01;223;2032508379;0
30223;2233289279924820251101;2025-11-01;223;2032508379;0
17397;2233289287822220260101;2026-01-01;223;2032508379;0
100896;2233478024920241201;2024-12-01;223;2025893980;0
61686;2233478052246820250601;2025-06-01;223;2025893980;0
30226;2233478080357720251101;2025-11-01;223;2025893980;0
100894;2233478124720241201;2024-12-01;223;4001045767;0
61687;2233478152246920250601;2025-06-01;223;4001045767;0
30227;2233478180357820251101;2025-11-01;223;4001045767;0
100898;2233640125120241201;2024-12-01;223;2025895729;0
61688;2233640155950020250601;2025-06-01;223;2025895729;0
30228;2233640180357920251101;2025-11-01;223;2025895729;0
100895;2233640224820241201;2024-12-01;223;2025900111;0
61689;2233640255950120250601;2025-06-01;223;2025900111;0
30229;2233640280358120251101;2025-11-01;223;2025900111;0
100897;2233640325020241201;2024-12-01;223;2029701821;0
61690;2233640355950220250601;2025-06-01;223;2029701821;0
30230;2233640380358320251101;2025-11-01;223;2029701821;0
61691;2233647255958420250601;2025-06-01;223;4001144817;0
30231;2233647281231920251101;2025-11-01;223;4001144817;0
61692;2233647355958520250601;2025-06-01;223;2036290382;0
68013;2233823261329020250501;2025-05-01;223;4002454200;0
49163;2233823274339420250801;2025-08-01;223;4002454200;0
55163;2233886170258120250701;2025-07-01;223;2092555373;0
43207;2233886175190020250901;2025-09-01;223;2092555373;0
17395;2233886187575820260101;2026-01-01;223;2092555373;0
615388;223610820251101;2025-11-01;223;2094755353;0
65158;223646755958220250501;2025-05-01;22;13032453;0
58916;223646755958320250601;2025-06-01;22;13032453;0
52844;223646770288920250701;2025-07-01;22;13032453;0
58917;223646870288620250601;2025-06-01;22;8684301970;0
52845;223646871187220250701;2025-07-01;22;8684301970;0
40445;223646876417420250901;2025-09-01;22;8684301970;0
58919;223646970288820250601;2025-06-01;22;85124501908;0
52846;223646971187420250701;2025-07-01;22;85124501908;0
40447;223646976418220250901;2025-09-01;22;85124501908;0
2984;2236470193409720260301;2026-03-01;22;5300801969;0
65159;223647071237420250501;2025-05-01;22;5300801969;0
46904;223647074258420250801;2025-08-01;22;5300801969;0
27501;223647080451520251101;2025-11-01;22;5300801969;0
58920;223647170289020250601;2025-06-01;22;137600701944;0
52848;223647171299120250701;2025-07-01;22;137600701944;0
46905;223647174258520250801;2025-08-01;22;137600701944;0
40448;223647176418620250901;2025-09-01;22;137600701944;0
58918;223895170288720250601;2025-06-01;22;46173901918;0
52847;223895171187520250701;2025-07-01;22;46173901918;0
40446;223895176417820250901;2025-09-01;22;46173901918;0
328975;22511120210201;2021-02-01;225;BOLETO;0
327575;22511220210301;2021-03-01;225;BOLETO;0
323292;22512520210601;2021-06-01;225;BOLETO;0
323291;2258120210601;2021-06-01;225;BOLETO;0
30242;2277081080344220251101;2025-11-01;227;100241971531;0
617220;22776201520251101;2025-11-01;227;100241971531;0
84010;273863468803920250201;2025-02-01;27;2000048648;0
46986;273863478549220250801;2025-08-01;27;2000048648;0
65242;273863478902120250501;2025-05-01;27;2000048648;0
58964;273863480404720250601;2025-06-01;27;2000048648;0
2895;274870020260301;2026-03-01;27;13383868;0
2900;274875020260301;2026-03-01;27;183814;0
2902;274877020260301;2026-03-01;27;183830;0
2904;274879020260301;2026-03-01;27;203351;0
2905;274880020260301;2026-03-01;27;256676;0
2906;274881020260301;2026-03-01;27;269662;0
2908;274883020260301;2026-03-01;27;337390;0
2910;274885020260301;2026-03-01;27;341720;0
2911;274886020260301;2026-03-01;27;342300;0
2914;274889020260301;2026-03-01;27;380253;0
2918;274893020260301;2026-03-01;27;461598;0
2924;274899020260301;2026-03-01;27;480452;0
2926;274901020260301;2026-03-01;27;539384;0
2928;274903020260301;2026-03-01;27;598267;0
2930;274905020260301;2026-03-01;27;615722;0
2931;274906020260301;2026-03-01;27;618152;0
2932;274907020260301;2026-03-01;27;618462;0
2933;274908020260301;2026-03-01;27;643726;0
2934;274909020260301;2026-03-01;27;650773;0
2938;274913020260301;2026-03-01;27;692450;0
2939;274914020260301;2026-03-01;27;696595;0
2941;274916020260301;2026-03-01;27;715611;0
2943;274918020260301;2026-03-01;27;765970;0
2947;274922020260301;2026-03-01;27;856347;0
2948;274923020260301;2026-03-01;27;856630;0
2949;274924020260301;2026-03-01;27;882496;0
2950;274925020260301;2026-03-01;27;920860;0
2952;274927020260301;2026-03-01;27;932388;0
2955;274930020260301;2026-03-01;27;948667;0
2958;274933020260301;2026-03-01;27;950262;0
2960;274935020260301;2026-03-01;27;950602;0
2961;274936020260301;2026-03-01;27;956449;0
2962;274937020260301;2026-03-01;27;965243;0
2963;274938020260301;2026-03-01;27;970875;0
2965;274940020260301;2026-03-01;27;984361;0
2966;274941020260301;2026-03-01;27;984566;0
2970;274945020260301;2026-03-01;27;1051490;0
2974;274949020260301;2026-03-01;27;1097237;0
2975;274950020260301;2026-03-01;27;1105922;0
2976;274951020260301;2026-03-01;27;1121715;0
2978;274953020260301;2026-03-01;27;1155725;0
2979;274954020260301;2026-03-01;27;1156837;0
2981;274956020260301;2026-03-01;27;1728520;0
2983;274958020260301;2026-03-01;27;1883712;0
2985;274960020260301;2026-03-01;27;2447002;0
2990;274965020260301;2026-03-01;27;3342948;0
2991;274966020260301;2026-03-01;27;3343758;0
2992;274967020260301;2026-03-01;27;3393488;0
2995;274971020260301;2026-03-01;27;3611400;0
2996;274972020260301;2026-03-01;27;3676560;0
2998;274974020260301;2026-03-01;27;3686981;0
3000;274976020260301;2026-03-01;27;3738493;0
3001;274977020260301;2026-03-01;27;3830489;0
3002;274978020260301;2026-03-01;27;3946703;0
3007;274983020260301;2026-03-01;27;4208633;0
3009;274985020260301;2026-03-01;27;4262344;0
3010;274986020260301;2026-03-01;27;4305434;0
3011;274987020260301;2026-03-01;27;4330064;0
3014;274990020260301;2026-03-01;27;4365615;0
3018;274994020260301;2026-03-01;27;4529936;0
3023;274999020260301;2026-03-01;27;4683510;0
3024;275000020260301;2026-03-01;27;4768264;0
3026;275002020260301;2026-03-01;27;4774485;0
3027;275003020260301;2026-03-01;27;4923561;0
3029;275005020260301;2026-03-01;27;4955471;0
3030;275006020260301;2026-03-01;27;4963130;0
3031;275007020260301;2026-03-01;27;5063914;0
3032;275008020260301;2026-03-01;27;5099315;0
3036;275012020260301;2026-03-01;27;5405319;0
3039;275015020260301;2026-03-01;27;5406722;0
3040;275016020260301;2026-03-01;27;5417147;0
3636;275716020260301;2026-03-01;27;3342905;0
3640;275720020260301;2026-03-01;27;3864405;0
3643;275723020260301;2026-03-01;27;4034457;0
3647;275727020260301;2026-03-01;27;4413075;0
3651;275731020260301;2026-03-01;27;4530454;0
3653;275733020260301;2026-03-01;27;4530470;0
3655;275735020260301;2026-03-01;27;4530500;0
3657;275737020260301;2026-03-01;27;4530535;0
3659;275739020260301;2026-03-01;27;4546067;0
3661;275741020260301;2026-03-01;27;565784;0
3667;275747020260301;2026-03-01;27;294314;0
3670;275750020260301;2026-03-01;27;16595211;0
3671;275751020260301;2026-03-01;27;7290055;0
3672;275752020260301;2026-03-01;27;8368716;0
3678;275758020260301;2026-03-01;27;5868475;0
3682;275762020260301;2026-03-01;27;16558588;0
3685;275765020260301;2026-03-01;27;471160;0
3687;275767020260301;2026-03-01;27;14762170;0
3688;275768020260301;2026-03-01;27;16955536;0
3700;275780020260301;2026-03-01;27;2902192;0
3702;275782020260301;2026-03-01;27;6807569;0
3704;275784020260301;2026-03-01;27;7056206;0
3705;275785020260301;2026-03-01;27;6877095;0
3707;275787020260301;2026-03-01;27;6276857;0
3712;275792020260301;2026-03-01;27;9038884;0
3713;275793020260301;2026-03-01;27;4915917;0
3715;275795020260301;2026-03-01;27;7209355;0
3716;275796020260301;2026-03-01;27;6625894;0
3718;275798020260301;2026-03-01;27;4813758;0
3720;275800020260301;2026-03-01;27;15982467;0
3721;275801020260301;2026-03-01;27;16453662;0
3723;275803020260301;2026-03-01;27;15394530;0
3726;275806020260301;2026-03-01;27;16919041;0
3728;275808020260301;2026-03-01;27;16703596;0
3729;275809020260301;2026-03-01;27;16703626;0
3733;275813020260301;2026-03-01;27;16703561;0
3734;275814020260301;2026-03-01;27;16356268;0
3737;275817020260301;2026-03-01;27;16918967;0
3739;275819020260301;2026-03-01;27;16516460;0
3740;275820020260301;2026-03-01;27;16516419;0
3743;275823020260301;2026-03-01;27;16703570;0
3746;275826020260301;2026-03-01;27;16356179;0
3747;275827020260301;2026-03-01;27;16452372;0
3749;275829020260301;2026-03-01;27;16918789;0
3750;275830020260301;2026-03-01;27;17683076;0
3751;275831020260301;2026-03-01;27;16821378;0
3752;275832020260301;2026-03-01;27;16821386;0
3754;275834020260301;2026-03-01;27;16452631;0
3755;275835020260301;2026-03-01;27;16918720;0
3756;275836020260301;2026-03-01;27;16703650;0
3757;275837020260301;2026-03-01;27;16703545;0
3760;275840020260301;2026-03-01;27;17681570;0
3768;275848020260301;2026-03-01;27;16356390;0
3769;275849020260301;2026-03-01;27;16703642;0
3770;275850020260301;2026-03-01;27;16452755;0
3774;275854020260301;2026-03-01;27;16918797;0
3776;275856020260301;2026-03-01;27;16356500;0
3779;275859020260301;2026-03-01;27;16452569;0
3783;275863020260301;2026-03-01;27;14641445;0
3784;275864020260301;2026-03-01;27;14641682;0
3785;275865020260301;2026-03-01;27;14641747;0
3786;275866020260301;2026-03-01;27;14643316;0
3787;275867020260301;2026-03-01;27;14643723;0
3788;275868020260301;2026-03-01;27;14647370;0
3789;275869020260301;2026-03-01;27;14650100;0
3790;275870020260301;2026-03-01;27;14659786;0
3791;275871020260301;2026-03-01;27;14662272;0
3792;275872020260301;2026-03-01;27;14662540;0
3793;275873020260301;2026-03-01;27;15099865;0
3803;275883020260301;2026-03-01;27;118206;0
3804;275884020260301;2026-03-01;27;9893938;0
3805;275885020260301;2026-03-01;27;9899804;0
3806;275886020260301;2026-03-01;27;14647664;0
3807;275887020260301;2026-03-01;27;14659638;0
3808;275888020260301;2026-03-01;27;15095215;0
3809;275889020260301;2026-03-01;27;15097714;0
3810;275890020260301;2026-03-01;27;15100510;0
3811;275891020260301;2026-03-01;27;15108740;0
3812;275892020260301;2026-03-01;27;15110591;0
3813;275893020260301;2026-03-01;27;15377016;0
3814;275894020260301;2026-03-01;27;15733904;0
3815;275895020260301;2026-03-01;27;17057280;0
3819;275899020260301;2026-03-01;27;10022643;0
3820;275900020260301;2026-03-01;27;15110117;0
3821;275901020260301;2026-03-01;27;15253074;0
3823;275903020260301;2026-03-01;27;17238706;0
3825;275905020260301;2026-03-01;27;14647710;0
3827;275907020260301;2026-03-01;27;39209;0
3828;275908020260301;2026-03-01;27;39578;0
3829;275909020260301;2026-03-01;27;43818;0
3830;275910020260301;2026-03-01;27;54275;0
3831;275911020260301;2026-03-01;27;117838;0
3832;275912020260301;2026-03-01;27;118044;0
3833;275913020260301;2026-03-01;27;129151;0
3834;275914020260301;2026-03-01;27;1435299;0
3835;275915020260301;2026-03-01;27;4530330;0
3836;275916020260301;2026-03-01;27;5966191;0
3837;275917020260301;2026-03-01;27;9894004;0
3838;275918020260301;2026-03-01;27;9899766;0
3839;275919020260301;2026-03-01;27;9899812;0
3840;275920020260301;2026-03-01;27;9899855;0
3841;275921020260301;2026-03-01;27;14631830;0
3842;275922020260301;2026-03-01;27;14633507;0
3843;275923020260301;2026-03-01;27;14633612;0
3844;275924020260301;2026-03-01;27;14635860;0
3856;275936020260301;2026-03-01;27;15112438;0
3857;275937020260301;2026-03-01;27;15113620;0
3858;275938020260301;2026-03-01;27;16773950;0
3859;275939020260301;2026-03-01;27;16997352;0
3860;275940020260301;2026-03-01;27;9893849;0
3861;275941020260301;2026-03-01;27;14643561;0
3862;275942020260301;2026-03-01;27;15442454;0
3863;275943020260301;2026-03-01;27;16101677;0
3864;275944020260301;2026-03-01;27;16452950;0
3876;275956020260301;2026-03-01;27;16480481;0
3878;275958020260301;2026-03-01;27;4530543;0
3879;275959020260301;2026-03-01;27;9893717;0
3887;275967020260301;2026-03-01;27;36684;0
3906;275986020260301;2026-03-01;27;5260167;0
3907;275987020260301;2026-03-01;27;36226;0
3908;275988020260301;2026-03-01;27;12916978;0
3910;275990020260301;2026-03-01;27;500186;0
3917;275997020260301;2026-03-01;27;18532381;0
3918;275998020260301;2026-03-01;27;16101030;0
3924;276004020260301;2026-03-01;27;18377530;0
3925;276005020260301;2026-03-01;27;481556;0
3926;276006020260301;2026-03-01;27;530662;0
3927;276007020260301;2026-03-01;27;18604218;0
3930;276010020260301;2026-03-01;27;2000105601;0
3931;276011020260301;2026-03-01;27;696390;0
3932;276012020260301;2026-03-01;27;6183883;0
3935;276015020260301;2026-03-01;27;15022110;0
3937;276017020260301;2026-03-01;27;883336;0
3940;276020020260301;2026-03-01;27;1005430;0
3941;276021020260301;2026-03-01;27;16205995;0
3948;276028020260301;2026-03-01;27;4709438;0
3950;276030020260301;2026-03-01;27;859044;0
3951;276031020260301;2026-03-01;27;7793006;0
3952;276032020260301;2026-03-01;27;15908801;0
3953;276033020260301;2026-03-01;27;146234;0
3958;276038020260301;2026-03-01;27;679879;0
3959;276039020260301;2026-03-01;27;530450;0
3960;276040020260301;2026-03-01;27;12832669;0
3961;276041020260301;2026-03-01;27;8386056;0
3965;276045020260301;2026-03-01;27;12824542;0
3974;276054020260301;2026-03-01;27;5650135;0
3979;276059020260301;2026-03-01;27;3527271;0
3985;276065020260301;2026-03-01;27;11935693;0
3986;276066020260301;2026-03-01;27;749303;0
3988;276068020260301;2026-03-01;27;855472;0
3989;276069020260301;2026-03-01;27;6274439;0
3990;276070020260301;2026-03-01;27;12796697;0
3991;276071020260301;2026-03-01;27;661651;0
3992;276072020260301;2026-03-01;27;722502;0
3993;276073020260301;2026-03-01;27;850071;0
3994;276074020260301;2026-03-01;27;759350;0
3997;276077020260301;2026-03-01;27;4839;0
3998;276078020260301;2026-03-01;27;4855;0
4000;276080020260301;2026-03-01;27;4812;0
4004;276084020260301;2026-03-01;27;46965;0
4005;276085020260301;2026-03-01;27;4774;0
4008;276088020260301;2026-03-01;27;46949;0
4012;276092020260301;2026-03-01;27;4804;0
4013;276093020260301;2026-03-01;27;46957;0
4014;276094020260301;2026-03-01;27;5150;0
4015;276095020260301;2026-03-01;27;4782;0
4019;276099020260301;2026-03-01;27;46981;0
4020;276100020260301;2026-03-01;27;46868;0
4024;276104020260301;2026-03-01;27;9736085;0
4028;276108020260301;2026-03-01;27;6362257;0
4029;276109020260301;2026-03-01;27;6201318;0
4031;276111020260301;2026-03-01;27;948535;0
4038;276118020260301;2026-03-01;27;6689590;0
4043;276123020260301;2026-03-01;27;7933690;0
4044;276124020260301;2026-03-01;27;7046693;0
4048;276128020260301;2026-03-01;27;1797034;0
4049;276129020260301;2026-03-01;27;8428670;0
4052;276132020260301;2026-03-01;27;7049030;0
4054;276134020260301;2026-03-01;27;2000100045;0
4056;276136020260301;2026-03-01;27;6784020;0
4057;276137020260301;2026-03-01;27;2000035783;0
4063;276143020260301;2026-03-01;27;6124488;0
4064;276144020260301;2026-03-01;27;8003653;0
4066;276146020260301;2026-03-01;27;6930700;0
4067;276147020260301;2026-03-01;27;6053165;0
4068;276148020260301;2026-03-01;27;856738;0
4071;276151020260301;2026-03-01;27;6466281;0
4072;276152020260301;2026-03-01;27;497410;0
4075;276155020260301;2026-03-01;27;450499;0
4076;276156020260301;2026-03-01;27;13947630;0
4081;276161020260301;2026-03-01;27;17094550;0
4082;276162020260301;2026-03-01;27;15009980;0
4085;276165020260301;2026-03-01;27;12668680;0
4086;276166020260301;2026-03-01;27;18938507;0
4087;276167020260301;2026-03-01;27;8095469;0
4090;276170020260301;2026-03-01;27;454451;0
4091;276171020260301;2026-03-01;27;4875095;0
4093;276173020260301;2026-03-01;27;11537817;0
4094;276174020260301;2026-03-01;27;180297;0
4106;276186020260301;2026-03-01;27;618179;0
4107;276187020260301;2026-03-01;27;2000034567;0
4109;276189020260301;2026-03-01;27;16199472;0
4111;276191020260301;2026-03-01;27;15664139;0
4113;276193020260301;2026-03-01;27;720585;0
4115;276195020260301;2026-03-01;27;6903622;0
4118;276198020260301;2026-03-01;27;811955;0
4119;276199020260301;2026-03-01;27;779008;0
4123;276203020260301;2026-03-01;27;15777421;0
4124;276204020260301;2026-03-01;27;2000049065;0
4125;276205020260301;2026-03-01;27;15849120;0
4133;276213020260301;2026-03-01;27;15849040;0
4134;276214020260301;2026-03-01;27;15849180;0
4135;276215020260301;2026-03-01;27;2000048530;0
4136;276216020260301;2026-03-01;27;2000048345;0
4139;276219020260301;2026-03-01;27;2000049312;0
4140;276220020260301;2026-03-01;27;15773175;0
4141;276221020260301;2026-03-01;27;15773205;0
4142;276222020260301;2026-03-01;27;15846520;0
4143;276223020260301;2026-03-01;27;15846911;0
4144;276224020260301;2026-03-01;27;7315783;0
4146;276226020260301;2026-03-01;27;473243;0
4154;276235020260301;2026-03-01;27;876500;0
4158;276239020260301;2026-03-01;27;258431;0
4162;276243020260301;2026-03-01;27;46892;0
4163;276244020260301;2026-03-01;27;5101298;0
4165;276246020260301;2026-03-01;27;642002;0
4169;276250020260301;2026-03-01;27;9486062;0
4170;276251020260301;2026-03-01;27;89788;0
4172;276253020260301;2026-03-01;27;9623949;0
4174;276255020260301;2026-03-01;27;4583612;0
4178;276259020260301;2026-03-01;27;46990;0
4180;276261020260301;2026-03-01;27;5002;0
4181;276262020260301;2026-03-01;27;4987;0
4182;276263020260301;2026-03-01;27;4928;0
4184;276265020260301;2026-03-01;27;47066;0
4186;276267020260301;2026-03-01;27;47031;0
4189;276270020260301;2026-03-01;27;9789251;0
4190;276271020260301;2026-03-01;27;12784141;0
4191;276272020260301;2026-03-01;27;14426633;0
46910;276277378215620250801;2025-08-01;27;18837727;0
65165;276277378756020250501;2025-05-01;27;18837727;0
40451;276277379150620250901;2025-09-01;27;18837727;0
52893;276277380397120250701;2025-07-01;27;18837727;0
58967;276277380405020250601;2025-06-01;27;18837727;0
4200;276281020260301;2026-03-01;27;5615968;0
4202;276283020260301;2026-03-01;27;5416426;0
4204;276285020260301;2026-03-01;27;5416388;0
4205;276286020260301;2026-03-01;27;5230829;0
4208;276289020260301;2026-03-01;27;45560;0
4209;276290020260301;2026-03-01;27;5364019;0
4210;276291020260301;2026-03-01;27;5416531;0
46911;276291278277320250801;2025-08-01;27;147796;0
65166;276291278756120250501;2025-05-01;27;147796;0
40452;276291279150720250901;2025-09-01;27;147796;0
52907;276291280398520250701;2025-07-01;27;147796;0
58981;276291280406420250601;2025-06-01;27;147796;0
46912;276291978279820250801;2025-08-01;27;479470;0
65167;276291978756220250501;2025-05-01;27;479470;0
40453;276291979150820250901;2025-09-01;27;479470;0
52881;276291980395920250701;2025-07-01;27;479470;0
58954;276291980403720250601;2025-06-01;27;479470;0
46914;276293278283120250801;2025-08-01;27;480622;0
46915;276293378283220250801;2025-08-01;27;782491;0
65169;276293378756520250501;2025-05-01;27;782491;0
40456;276293379151220250901;2025-09-01;27;782491;0
52863;276293380394120250701;2025-07-01;27;782491;0
58935;276293380401820250601;2025-06-01;27;782491;0
4217;276300020260301;2026-03-01;27;16461525;0
4218;276301020260301;2026-03-01;27;4989228;0
4224;276307020260301;2026-03-01;27;2000049512;0
4225;276308020260301;2026-03-01;27;2000049603;0
4227;276310020260301;2026-03-01;27;2000142741;0
4230;276314020260301;2026-03-01;27;473928;0
4233;276317020260301;2026-03-01;27;157333;0
4237;276321020260301;2026-03-01;27;2000166695;0
4241;276325020260301;2026-03-01;27;6997198;0
4243;276327020260301;2026-03-01;27;2000186538;0
4244;276328020260301;2026-03-01;27;2000003275;0
4245;276329020260301;2026-03-01;27;2000078607;0
4246;276330020260301;2026-03-01;27;2000191171;0
4249;276333020260301;2026-03-01;27;2000156745;0
4257;276341020260301;2026-03-01;27;2000179219;0
4259;276343020260301;2026-03-01;27;2000192057;0
46913;276387278283020250801;2025-08-01;27;618195;0
65164;276387278436220250501;2025-05-01;27;618195;0
40454;276387279151020250901;2025-09-01;27;618195;0
52868;276387280394620250701;2025-07-01;27;618195;0
58942;276387280402520250601;2025-06-01;27;618195;0
46917;276417178513720250801;2025-08-01;27;1006649;0
65179;276417178763020250501;2025-05-01;27;1006649;0
40460;276417179151620250901;2025-09-01;27;1006649;0
52927;276417180400520250701;2025-07-01;27;1006649;0
59001;276417180408420250601;2025-06-01;27;1006649;0
46916;276417278513620250801;2025-08-01;27;973068;0
65174;276417278762520250501;2025-05-01;27;973068;0
40459;276417279151520250901;2025-09-01;27;973068;0
52850;276417280392820250701;2025-07-01;27;973068;0
58923;276417280400620250601;2025-06-01;27;973068;0
46918;276417378513820250801;2025-08-01;27;782505;0
65171;276417378756720250501;2025-05-01;27;782505;0
40457;276417379151320250901;2025-09-01;27;782505;0
52861;276417380393920250701;2025-07-01;27;782505;0
58934;276417380401720250601;2025-06-01;27;782505;0
46919;276417478513920250801;2025-08-01;27;803634;0
65173;276417478756920250501;2025-05-01;27;803634;0
40458;276417479151420250901;2025-09-01;27;803634;0
52858;276417480393620250701;2025-07-01;27;803634;0
58931;276417480401420250601;2025-06-01;27;803634;0
46920;276417578514020250801;2025-08-01;27;951331;0
65175;276417578762620250501;2025-05-01;27;951331;0
40461;276417579151820250901;2025-09-01;27;951331;0
52852;276417580393020250701;2025-07-01;27;951331;0
58925;276417580400820250601;2025-06-01;27;951331;0
46921;276418778519120250801;2025-08-01;27;1006657;0
65176;276418778762720250501;2025-05-01;27;1006657;0
52926;276418780400420250701;2025-07-01;27;1006657;0
59000;276418780408320250601;2025-06-01;27;1006657;0
46922;276418978519420250801;2025-08-01;27;1022024;0
65177;276418978762820250501;2025-05-01;27;1022024;0
52925;276418980400320250701;2025-07-01;27;1022024;0
58998;276418980408120250601;2025-06-01;27;1022024;0
46923;276425178539220250801;2025-08-01;27;3459721;0
65180;276425178763120250501;2025-05-01;27;3459721;0
52887;276425180396520250701;2025-07-01;27;3459721;0
58961;276425180404420250601;2025-06-01;27;3459721;0
46924;276425378539420250801;2025-08-01;27;4462297;0
65185;276425378764320250501;2025-05-01;27;4462297;0
33984;276425378989720251001;2025-10-01;27;4462297;0
52882;276425380396020250701;2025-07-01;27;4462297;0
58956;276425380403920250601;2025-06-01;27;4462297;0
46925;276425478539520250801;2025-08-01;27;3510450;0
65181;276425478763220250501;2025-05-01;27;3510450;0
52888;276425480396620250701;2025-07-01;27;3510450;0
58960;276425480404320250601;2025-06-01;27;3510450;0
46926;276425578539620250801;2025-08-01;27;4033418;0
65182;276425578763320250501;2025-05-01;27;4033418;0
52884;276425580396220250701;2025-07-01;27;4033418;0
58958;276425580404120250601;2025-06-01;27;4033418;0
46927;276425678539720250801;2025-08-01;27;4118197;0
65183;276425678764120250501;2025-05-01;27;4118197;0
52883;276425680396120250701;2025-07-01;27;4118197;0
58957;276425680404020250601;2025-06-01;27;4118197;0
46928;276425778539820250801;2025-08-01;27;4273222;0
58922;276425778630220250601;2025-06-01;27;4273222;0
65184;276425778764220250501;2025-05-01;27;4273222;0
52885;276425780396320250701;2025-07-01;27;4273222;0
46929;276425878539920250801;2025-08-01;27;4031911;0
65213;276425878769220250501;2025-05-01;27;4031911;0
52886;276425880396420250701;2025-07-01;27;4031911;0
58959;276425880404220250601;2025-06-01;27;4031911;0
46930;276426378541620250801;2025-08-01;27;4581016;0
65187;276426378764520250501;2025-05-01;27;4581016;0
52880;276426380395820250701;2025-07-01;27;4581016;0
58955;276426380403820250601;2025-06-01;27;4581016;0
46931;276426478541720250801;2025-08-01;27;4910974;0
65186;276426478764420250501;2025-05-01;27;4910974;0
52878;276426480395620250701;2025-07-01;27;4910974;0
58953;276426480403620250601;2025-06-01;27;4910974;0
46932;276426578541820250801;2025-08-01;27;5066018;0
65188;276426578764620250501;2025-05-01;27;5066018;0
52877;276426580395520250701;2025-07-01;27;5066018;0
58951;276426580403420250601;2025-06-01;27;5066018;0
46933;276426678541920250801;2025-08-01;27;5397626;0
65189;276426678764820250501;2025-05-01;27;5397626;0
52876;276426680395420250701;2025-07-01;27;5397626;0
58950;276426680403320250601;2025-06-01;27;5397626;0
46934;276426778542020250801;2025-08-01;27;5397901;0
65192;276426778765220250501;2025-05-01;27;5397901;0
52874;276426780395220250701;2025-07-01;27;5397901;0
58948;276426780403120250601;2025-06-01;27;5397901;0
46935;276426878542120250801;2025-08-01;27;5581141;0
65191;276426878765020250501;2025-05-01;27;5581141;0
52875;276426880395320250701;2025-07-01;27;5581141;0
58949;276426880403220250601;2025-06-01;27;5581141;0
46936;276426978542220250801;2025-08-01;27;5581206;0
65198;276426978766220250501;2025-05-01;27;5581206;0
52873;276426980395120250701;2025-07-01;27;5581206;0
58947;276426980403020250601;2025-06-01;27;5581206;0
46937;276427078542320250801;2025-08-01;27;5065909;0
65190;276427078764920250501;2025-05-01;27;5065909;0
52879;276427080395720250701;2025-07-01;27;5065909;0
58952;276427080403520250601;2025-06-01;27;5065909;0
46939;276427178542520250801;2025-08-01;27;5710758;0
65193;276427178765720250501;2025-05-01;27;5710758;0
52871;276427180394920250701;2025-07-01;27;5710758;0
58945;276427180402820250601;2025-06-01;27;5710758;0
46938;276427278542420250801;2025-08-01;27;5648343;0
65201;276427278766520250501;2025-05-01;27;5648343;0
52872;276427280395020250701;2025-07-01;27;5648343;0
58946;276427280402920250601;2025-06-01;27;5648343;0
46940;276427378542620250801;2025-08-01;27;8882444;0
65205;276427378766920250501;2025-05-01;27;8882444;0
52855;276427380393320250701;2025-07-01;27;8882444;0
58928;276427380401120250601;2025-06-01;27;8882444;0
46941;276427478542720250801;2025-08-01;27;5989213;0
65200;276427478766420250501;2025-05-01;27;5989213;0
52870;276427480394820250701;2025-07-01;27;5989213;0
58944;276427480402720250601;2025-06-01;27;5989213;0
46942;276427578542820250801;2025-08-01;27;6093485;0
65194;276427578765820250501;2025-05-01;27;6093485;0
52869;276427580394720250701;2025-07-01;27;6093485;0
58943;276427580402620250601;2025-06-01;27;6093485;0
46943;276427678542920250801;2025-08-01;27;6530249;0
65195;276427678765920250501;2025-05-01;27;6530249;0
52867;276427680394520250701;2025-07-01;27;6530249;0
58941;276427680402420250601;2025-06-01;27;6530249;0
46944;276427778543020250801;2025-08-01;27;6798802;0
65196;276427778766020250501;2025-05-01;27;6798802;0
52866;276427780394420250701;2025-07-01;27;6798802;0
58940;276427780402320250601;2025-06-01;27;6798802;0
46945;276427878543120250801;2025-08-01;27;7078560;0
65199;276427878766320250501;2025-05-01;27;7078560;0
52864;276427880394220250701;2025-07-01;27;7078560;0
58938;276427880402120250601;2025-06-01;27;7078560;0
46946;276427978543220250801;2025-08-01;27;8137544;0
65204;276427978766820250501;2025-05-01;27;8137544;0
52856;276427980393420250701;2025-07-01;27;8137544;0
58930;276427980401320250601;2025-06-01;27;8137544;0
46948;276428078543420250801;2025-08-01;27;8860653;0
65203;276428078766720250501;2025-05-01;27;8860653;0
52857;276428080393520250701;2025-07-01;27;8860653;0
58929;276428080401220250601;2025-06-01;27;8860653;0
46947;276428178543320250801;2025-08-01;27;6916171;0
65197;276428178766120250501;2025-05-01;27;6916171;0
52865;276428180394320250701;2025-07-01;27;6916171;0
58939;276428180402220250601;2025-06-01;27;6916171;0
46949;276428278543520250801;2025-08-01;27;7966490;0
65202;276428278766620250501;2025-05-01;27;7966490;0
52859;276428280393720250701;2025-07-01;27;7966490;0
58932;276428280401520250601;2025-06-01;27;7966490;0
46950;276428478545220250801;2025-08-01;27;12454664;0
65217;276428478897220250501;2025-05-01;27;12454664;0
52917;276428480399520250701;2025-07-01;27;12454664;0
58991;276428480407420250601;2025-06-01;27;12454664;0
46951;276428578545320250801;2025-08-01;27;9123784;0
65206;276428578767020250501;2025-05-01;27;9123784;0
52854;276428580393220250701;2025-07-01;27;9123784;0
58927;276428580401020250601;2025-06-01;27;9123784;0
46952;276428678545420250801;2025-08-01;27;9435735;0
65207;276428678767120250501;2025-05-01;27;9435735;0
52853;276428680393120250701;2025-07-01;27;9435735;0
58926;276428680400920250601;2025-06-01;27;9435735;0
46953;276428778545520250801;2025-08-01;27;9567500;0
65208;276428778767220250501;2025-05-01;27;9567500;0
33985;276428778989820251001;2025-10-01;27;9567500;0
52851;276428780392920250701;2025-07-01;27;9567500;0
58924;276428780400720250601;2025-06-01;27;9567500;0
46954;276428878545620250801;2025-08-01;27;10323082;0
65211;276428878767520250501;2025-05-01;27;10323082;0
52924;276428880400220250701;2025-07-01;27;10323082;0
58999;276428880408220250601;2025-06-01;27;10323082;0
46955;276428978545720250801;2025-08-01;27;10590331;0
65210;276428978767420250501;2025-05-01;27;10590331;0
52922;276428980400020250701;2025-07-01;27;10590331;0
58996;276428980407920250601;2025-06-01;27;10590331;0
46956;276429078545820250801;2025-08-01;27;10537880;0
65209;276429078767320250501;2025-05-01;27;10537880;0
52923;276429080400120250701;2025-07-01;27;10537880;0
58997;276429080408020250601;2025-06-01;27;10537880;0
46957;276429178545920250801;2025-08-01;27;11324210;0
65214;276429178896920250501;2025-05-01;27;11324210;0
52920;276429180399820250701;2025-07-01;27;11324210;0
58994;276429180407720250601;2025-06-01;27;11324210;0
46958;276429278546020250801;2025-08-01;27;11203277;0
65212;276429278767620250501;2025-05-01;27;11203277;0
52921;276429280399920250701;2025-07-01;27;11203277;0
58995;276429280407820250601;2025-06-01;27;11203277;0
46959;276429378546120250801;2025-08-01;27;12329690;0
65216;276429378897120250501;2025-05-01;27;12329690;0
52918;276429380399620250701;2025-07-01;27;12329690;0
58992;276429380407520250601;2025-06-01;27;12329690;0
46960;276429578546320250801;2025-08-01;27;15314421;0
65228;276429578900520250501;2025-05-01;27;15314421;0
52905;276429580398320250701;2025-07-01;27;15314421;0
58979;276429580406220250601;2025-06-01;27;15314421;0
46961;276429678546420250801;2025-08-01;27;12992887;0
65218;276429678897520250501;2025-05-01;27;12992887;0
52916;276429680399420250701;2025-07-01;27;12992887;0
58990;276429680407320250601;2025-06-01;27;12992887;0
46963;276429778546620250801;2025-08-01;27;13390503;0
65222;276429778898020250501;2025-05-01;27;13390503;0
52912;276429780399020250701;2025-07-01;27;13390503;0
58986;276429780406920250601;2025-06-01;27;13390503;0
46962;276429878546520250801;2025-08-01;27;13397834;0
65223;276429878898220250501;2025-05-01;27;13397834;0
52911;276429880398920250701;2025-07-01;27;13397834;0
58985;276429880406820250601;2025-06-01;27;13397834;0
46964;276429978546720250801;2025-08-01;27;14382717;0
65224;276429978900120250501;2025-05-01;27;14382717;0
52910;276429980398820250701;2025-07-01;27;14382717;0
58984;276429980406720250601;2025-06-01;27;14382717;0
46966;276430078546920250801;2025-08-01;27;14834480;0
65227;276430078900420250501;2025-05-01;27;14834480;0
52906;276430080398420250701;2025-07-01;27;14834480;0
58980;276430080406320250601;2025-06-01;27;14834480;0
46965;276430178546820250801;2025-08-01;27;14667444;0
65225;276430178900220250501;2025-05-01;27;14667444;0
52909;276430180398720250701;2025-07-01;27;14667444;0
58983;276430180406620250601;2025-06-01;27;14667444;0
46967;276430278547020250801;2025-08-01;27;13162276;0
65219;276430278897720250501;2025-05-01;27;13162276;0
52915;276430280399320250701;2025-07-01;27;13162276;0
58989;276430280407220250601;2025-06-01;27;13162276;0
46968;276430378547120250801;2025-08-01;27;13263030;0
65220;276430378897820250501;2025-05-01;27;13263030;0
52914;276430380399220250701;2025-07-01;27;13263030;0
58988;276430380407120250601;2025-06-01;27;13263030;0
46969;276430478547220250801;2025-08-01;27;14692562;0
65226;276430478900320250501;2025-05-01;27;14692562;0
52908;276430480398620250701;2025-07-01;27;14692562;0
58982;276430480406520250601;2025-06-01;27;14692562;0
46970;276430578547520250801;2025-08-01;27;17056543;0
65236;276430578901520250501;2025-05-01;27;17056543;0
52897;276430580397520250701;2025-07-01;27;17056543;0
58971;276430580405420250601;2025-06-01;27;17056543;0
46971;276430678547620250801;2025-08-01;27;17620554;0
65238;276430678901720250501;2025-05-01;27;17620554;0
52895;276430680397320250701;2025-07-01;27;17620554;0
58969;276430680405220250601;2025-06-01;27;17620554;0
46972;276430778547720250801;2025-08-01;27;15428117;0
65230;276430778900820250501;2025-05-01;27;15428117;0
52903;276430780398120250701;2025-07-01;27;15428117;0
58977;276430780406020250601;2025-06-01;27;15428117;0
46973;276430878547820250801;2025-08-01;27;15488349;0
65231;276430878900920250501;2025-05-01;27;15488349;0
52902;276430880398020250701;2025-07-01;27;15488349;0
58976;276430880405920250601;2025-06-01;27;15488349;0
46974;276430978547920250801;2025-08-01;27;15665844;0
65232;276430978901020250501;2025-05-01;27;15665844;0
52901;276430980397920250701;2025-07-01;27;15665844;0
58975;276430980405820250601;2025-06-01;27;15665844;0
46975;276431078548020250801;2025-08-01;27;15873803;0
65233;276431078901220250501;2025-05-01;27;15873803;0
52900;276431080397820250701;2025-07-01;27;15873803;0
58974;276431080405720250601;2025-06-01;27;15873803;0
46976;276431178548120250801;2025-08-01;27;16647874;0
65235;276431178901420250501;2025-05-01;27;16647874;0
52898;276431180397620250701;2025-07-01;27;16647874;0
58972;276431180405520250601;2025-06-01;27;16647874;0
46977;276431278548220250801;2025-08-01;27;17479266;0
65237;276431278901620250501;2025-05-01;27;17479266;0
52896;276431280397420250701;2025-07-01;27;17479266;0
58970;276431280405320250601;2025-06-01;27;17479266;0
46978;276431378548320250801;2025-08-01;27;15408337;0
65229;276431378900720250501;2025-05-01;27;15408337;0
52904;276431380398220250701;2025-07-01;27;15408337;0
58978;276431380406120250601;2025-06-01;27;15408337;0
46979;276431478548420250801;2025-08-01;27;16411323;0
65234;276431478901320250501;2025-05-01;27;16411323;0
52899;276431480397720250701;2025-07-01;27;16411323;0
58973;276431480405620250601;2025-06-01;27;16411323;0
46980;276431578548620250801;2025-08-01;27;17970504;0
65239;276431578901820250501;2025-05-01;27;17970504;0
52894;276431580397220250701;2025-07-01;27;17970504;0
58968;276431580405120250601;2025-06-01;27;17970504;0
46981;276431678548720250801;2025-08-01;27;2000069527;0
65243;276431678902220250501;2025-05-01;27;2000069527;0
52890;276431680396820250701;2025-07-01;27;2000069527;0
58962;276431680404520250601;2025-06-01;27;2000069527;0
46982;276431778548820250801;2025-08-01;27;18932282;0
65240;276431778901920250501;2025-05-01;27;18932282;0
52892;276431780397020250701;2025-07-01;27;18932282;0
58966;276431780404920250601;2025-06-01;27;18932282;0
46983;276431878548920250801;2025-08-01;27;11819340;0
65215;276431878897020250501;2025-05-01;27;11819340;0
52919;276431880399720250701;2025-07-01;27;11819340;0
58993;276431880407620250601;2025-06-01;27;11819340;0
46984;276431978549020250801;2025-08-01;27;19073151;0
65241;276431978902020250501;2025-05-01;27;19073151;0
52891;276431980396920250701;2025-07-01;27;19073151;0
58965;276431980404820250601;2025-06-01;27;19073151;0
46985;276432078549120250801;2025-08-01;27;2000192909;0
52889;276432080396720250701;2025-07-01;27;2000192909;0
46987;276454378612820250801;2025-08-01;27;9694730;0
46988;276454478613220250801;2025-08-01;27;11208287;0
65168;276493978756420250501;2025-05-01;27;746312;0
40455;276493979151120250901;2025-09-01;27;746312;0
52862;276493980394020250701;2025-07-01;27;746312;0
58937;276493980402020250601;2025-06-01;27;746312;0
65170;276494078756620250501;2025-05-01;27;782467;0
58936;276494080401920250601;2025-06-01;27;782467;0
65172;276494178756820250501;2025-05-01;27;782521;0
52860;276494180393820250701;2025-07-01;27;782521;0
58933;276494180401620250601;2025-06-01;27;782521;0
65178;276495578762920250501;2025-05-01;27;2972026;0
58963;276495580404620250601;2025-06-01;27;2972026;0
65221;276521678897920250501;2025-05-01;27;13270745;0
52913;276521680399120250701;2025-07-01;27;13270745;0
58987;276521680407020250601;2025-06-01;27;13270745;0
65244;276530778917920250501;2025-05-01;27;43583;0
65245;276530878918020250501;2025-05-01;27;3472990;0
65246;276530978918120250501;2025-05-01;27;18044034;0
65247;276531078918220250501;2025-05-01;27;9401156;0
65248;276531778920720250501;2025-05-01;27;14196727;0
65249;276531878920820250501;2025-05-01;27;15392414;0
33986;276547078989920251001;2025-10-01;27;4237684;0
66625;322468141600820250501;2025-05-01;32;2036271337;4
48260;322468174368420250801;2025-08-01;32;2036271337;4
60284;322468176069520250601;2025-06-01;32;2036271337;2
66626;323626955930620250501;2025-05-01;32;2531655;2
60283;323626970052420250601;2025-06-01;32;2531655;2
54210;323626973934220250701;2025-07-01;32;2531655;2
54211;325624575969720250701;2025-07-01;32;70012383;2
35333;327088680361720251001;2025-10-01;32;1439760;2
22525;327088684666920251201;2025-12-01;32;1439760;2
4281;35110065191581220260301;2026-03-01;35;100141781;0
4406;35110920193051520260301;2026-03-01;35;100191714492;0
4410;35110921193051920260301;2026-03-01;35;100235862939;0
4414;35110922193052320260301;2026-03-01;35;100237572180;0
4415;35110923193052420260301;2026-03-01;35;100237603256;0
4417;35110924193052620260301;2026-03-01;35;100237603329;0
4418;35110925193052720260301;2026-03-01;35;100237615254;0
4419;35110926193052820260301;2026-03-01;35;100237589474;0
4420;35110927193052920260301;2026-03-01;35;100237598864;0
4422;35110928193053120260301;2026-03-01;35;100237571958;0
4421;35110929193053020260301;2026-03-01;35;100237593811;0
4423;35110930193053220260301;2026-03-01;35;100237615378;0
4424;35110931193053320260301;2026-03-01;35;100237599690;0
4425;35110932193053420260301;2026-03-01;35;100237556207;0
4426;35110933193053520260301;2026-03-01;35;100237555928;0
4427;35110934193053620260301;2026-03-01;35;100236189090;0
4428;35110935193053720260301;2026-03-01;35;100236189065;0
4429;35110936193053820260301;2026-03-01;35;100236189170;0
4430;35110937193053920260301;2026-03-01;35;100236181463;0
4431;35110938193054020260301;2026-03-01;35;100236189235;0
4432;35110939193054120260301;2026-03-01;35;100236174262;0
4433;35110940193054220260301;2026-03-01;35;100237556770;0
4434;35110941193054320260301;2026-03-01;35;100237556916;0
4435;35110942193054420260301;2026-03-01;35;100236174190;0
4436;35110943193054520260301;2026-03-01;35;100237557203;0
4437;35110944193054620260301;2026-03-01;35;100236174319;0
4438;35110945193054720260301;2026-03-01;35;100236169730;0
4439;35110946193054820260301;2026-03-01;35;100237556843;0
4440;35110947193054920260301;2026-03-01;35;100236173894;0
4441;35110948193055020260301;2026-03-01;35;100237556606;0
4442;35110949193055120260301;2026-03-01;35;100236173886;0
4443;35110950193055220260301;2026-03-01;35;100236169650;0
4445;35110951193055420260301;2026-03-01;35;100236169692;0
4444;35110952193055320260301;2026-03-01;35;100236173851;0
4446;35110953193055520260301;2026-03-01;35;100236174173;0
4447;35110954193055620260301;2026-03-01;35;100236173797;0
4448;35110955193055720260301;2026-03-01;35;100236169676;0
4449;35110956193055820260301;2026-03-01;35;100236174033;0
4450;35110957193055920260301;2026-03-01;35;100236169471;0
4451;35110958193056020260301;2026-03-01;35;100236169498;0
4452;35110959193056120260301;2026-03-01;35;100236174017;0
4453;35110960193056220260301;2026-03-01;35;100236169455;0
4455;35110961193056420260301;2026-03-01;35;100236174106;0
4454;35110962193056320260301;2026-03-01;35;100236173991;0
4456;35110963193056520260301;2026-03-01;35;100236174041;0
4457;35110964193056620260301;2026-03-01;35;100236169110;0
4458;35110965193056720260301;2026-03-01;35;100236168750;0
4459;35110966193056820260301;2026-03-01;35;100235854286;0
4460;35110967193056920260301;2026-03-01;35;100236169099;0
4461;35110968193057020260301;2026-03-01;35;100236103039;0
4462;35110969193057120260301;2026-03-01;35;100236169161;0
4463;35110970193057220260301;2026-03-01;35;100236169145;0
4464;35110971193057320260301;2026-03-01;35;100236169064;0
4465;35110972193057420260301;2026-03-01;35;100236169196;0
4466;35110973193057520260301;2026-03-01;35;100179800406;0
4467;35110974193057620260301;2026-03-01;35;100236169137;0
4468;35110975193057720260301;2026-03-01;35;100188097070;0
4469;35110976193057820260301;2026-03-01;35;100184131886;0
4470;35110977193057920260301;2026-03-01;35;100184499280;0
4471;35110978193058020260301;2026-03-01;35;100183231470;0
4472;35110979193058120260301;2026-03-01;35;100183232930;0
4473;35110980193058220260301;2026-03-01;35;100181819380;0
4474;35110981193058320260301;2026-03-01;35;100180333824;0
4476;35110982193058520260301;2026-03-01;35;100181819429;0
4475;35110983193058420260301;2026-03-01;35;100189790160;0
4477;35110984193058620260301;2026-03-01;35;100198717497;0
4478;35110985193058720260301;2026-03-01;35;100179768618;0
4479;35110986193058820260301;2026-03-01;35;100179768596;0
4480;35110987193058920260301;2026-03-01;35;100169662345;0
4481;35110988193059020260301;2026-03-01;35;100166796340;0
4482;35110989193059120260301;2026-03-01;35;100159314883;0
4483;35110990193059220260301;2026-03-01;35;100162709982;0
4484;35110991193059320260301;2026-03-01;35;100174897398;0
4485;35110992193059420260301;2026-03-01;35;100176691428;0
4486;35110993193059520260301;2026-03-01;35;100169664437;0
4487;35110994193059620260301;2026-03-01;35;100163954077;0
4488;35110995193059720260301;2026-03-01;35;100168158961;0
4489;35110996193059820260301;2026-03-01;35;100179508047;0
4490;35110997193059920260301;2026-03-01;35;100179773182;0
4491;35110998193060020260301;2026-03-01;35;100179774090;0
4492;35110999193060120260301;2026-03-01;35;100179770272;0
4493;35111000193060220260301;2026-03-01;35;100179773271;0
4503;35111001193061220260301;2026-03-01;35;100237615408;0
4504;35111002193061320260301;2026-03-01;35;100237603248;0
4505;35111003193061420260301;2026-03-01;35;100237615521;0
4506;35111004193061520260301;2026-03-01;35;100237599070;0
4507;35111005193061620260301;2026-03-01;35;100237572458;0
4508;35111006193061720260301;2026-03-01;35;100237589512;0
4509;35111007193061820260301;2026-03-01;35;100237557238;0
4511;35111008193062020260301;2026-03-01;35;100237556517;0
4510;35111009193061920260301;2026-03-01;35;100236188964;0
4512;35111010193062120260301;2026-03-01;35;100237556398;0
4513;35111011193062220260301;2026-03-01;35;100237556355;0
4514;35111012193062320260301;2026-03-01;35;100236189073;0
4516;35111013193062520260301;2026-03-01;35;100236189006;0
4515;35111014193062420260301;2026-03-01;35;100236189227;0
4517;35111015193062620260301;2026-03-01;35;100236189146;0
4518;35111016193062720260301;2026-03-01;35;100236188778;0
4519;35111017193062820260301;2026-03-01;35;100236188972;0
4520;35111018193062920260301;2026-03-01;35;100236188751;0
4521;35111019193063020260301;2026-03-01;35;100236188808;0
4522;35111020193063120260301;2026-03-01;35;100236188930;0
4523;35111021193063220260301;2026-03-01;35;100236181374;0
4524;35111022193063320260301;2026-03-01;35;100236181641;0
4525;35111023193063420260301;2026-03-01;35;100236174238;0
4526;35111024193063520260301;2026-03-01;35;100236181404;0
4527;35111025193063620260301;2026-03-01;35;100236181625;0
4528;35111026193063720260301;2026-03-01;35;100236181390;0
4529;35111027193063820260301;2026-03-01;35;100236174220;0
4530;35111028193063920260301;2026-03-01;35;100236181684;0
4531;35111029193064020260301;2026-03-01;35;100236181382;0
4532;35111030193064120260301;2026-03-01;35;100236174343;0
4533;35111031193064220260301;2026-03-01;35;100236174181;0
4534;35111032193064320260301;2026-03-01;35;100236174211;0
4535;35111033193064420260301;2026-03-01;35;100236174270;0
4536;35111034193064520260301;2026-03-01;35;100236174157;0
4537;35111035193064620260301;2026-03-01;35;100236189359;0
4538;35111036193064720260301;2026-03-01;35;100236173819;0
4539;35111037193064820260301;2026-03-01;35;100235862858;0
4540;35111038193064920260301;2026-03-01;35;100237553275;0
4541;35111039193065020260301;2026-03-01;35;100236174203;0
4542;35111040193065120260301;2026-03-01;35;100236169579;0
4543;35111041193065220260301;2026-03-01;35;100236169544;0
4544;35111042193065320260301;2026-03-01;35;100236169609;0
4545;35111043193065420260301;2026-03-01;35;100236174050;0
4546;35111044193065520260301;2026-03-01;35;100236168971;0
4547;35111045193065620260301;2026-03-01;35;100236168840;0
4548;35111046193065720260301;2026-03-01;35;100235862980;0
4549;35111047193065820260301;2026-03-01;35;100184269748;0
4550;35111048193065920260301;2026-03-01;35;100184499212;0
4551;35111049193066020260301;2026-03-01;35;100199466757;0
4552;35111050193066120260301;2026-03-01;35;100184813847;0
4554;35111051193066320260301;2026-03-01;35;100236173835;0
4553;35111052193066220260301;2026-03-01;35;100190315098;0
4555;35111053193066420260301;2026-03-01;35;100236173940;0
4556;35111054193066520260301;2026-03-01;35;100236173967;0
4557;35111055193066620260301;2026-03-01;35;100236173827;0
4558;35111056193066720260301;2026-03-01;35;100236174084;0
4559;35111057193066820260301;2026-03-01;35;100236173959;0
4560;35111058193066920260301;2026-03-01;35;100183229424;0
4561;35111059193067020260301;2026-03-01;35;100236173975;0
4562;35111060193067120260301;2026-03-01;35;100236173860;0
4563;35111061193067220260301;2026-03-01;35;100179806889;0
4564;35111062193067320260301;2026-03-01;35;100179923281;0
4565;35111063193067420260301;2026-03-01;35;100183228673;0
4566;35111064193067520260301;2026-03-01;35;100181620185;0
4567;35111065193067620260301;2026-03-01;35;100172944356;0
4568;35111066193067720260301;2026-03-01;35;100175452764;0
4569;35111067193067820260301;2026-03-01;35;100179786462;0
4570;35111068193067920260301;2026-03-01;35;100177845259;0
4571;35111069193068020260301;2026-03-01;35;100163377240;0
4572;35111070193068120260301;2026-03-01;35;100183234959;0
4573;35111071193068220260301;2026-03-01;35;100163951248;0
4575;35111072193068420260301;2026-03-01;35;100157543494;0
4574;35111073193068320260301;2026-03-01;35;100153950834;0
4576;35111074193068520260301;2026-03-01;35;100167014230;0
4577;35111075193068620260301;2026-03-01;35;100183240100;0
4578;35111076193068720260301;2026-03-01;35;100154863323;0
4579;35111077193068820260301;2026-03-01;35;100183231712;0
4580;35111078193068920260301;2026-03-01;35;100183234576;0
4582;35111079193069120260301;2026-03-01;35;100183233936;0
4581;35111080193069020260301;2026-03-01;35;100183237265;0
4583;35111081193069220260301;2026-03-01;35;100237611852;0
4584;35111082193069320260301;2026-03-01;35;100237589687;0
4585;35111083193069420260301;2026-03-01;35;100237615424;0
4586;35111084193069520260301;2026-03-01;35;100237599151;0
4587;35111085193069620260301;2026-03-01;35;100237615203;0
4588;35111086193069720260301;2026-03-01;35;100237603310;0
4589;35111087193069820260301;2026-03-01;35;100237611810;0
4590;35111088193069920260301;2026-03-01;35;100237612140;0
4593;35111089193070220260301;2026-03-01;35;100237614924;0
4592;35111090193070120260301;2026-03-01;35;100237603299;0
4591;35111091193070020260301;2026-03-01;35;100237610678;0
4594;35111092193070320260301;2026-03-01;35;100237572008;0
4595;35111093193070420260301;2026-03-01;35;100237615297;0
4596;35111094193070520260301;2026-03-01;35;100240131289;0
4597;35111095193070620260301;2026-03-01;35;100237615017;0
4598;35111096193070720260301;2026-03-01;35;100237589245;0
4599;35111097193070820260301;2026-03-01;35;100237598805;0
4600;35111098193070920260301;2026-03-01;35;100237603086;0
4601;35111099193071020260301;2026-03-01;35;100237599330;0
4602;35111100193071120260301;2026-03-01;35;100237598759;0
4603;35111101193071220260301;2026-03-01;35;100237603132;0
4604;35111102193071320260301;2026-03-01;35;100237602977;0
4605;35111103193071420260301;2026-03-01;35;100237589296;0
4606;35111104193071520260301;2026-03-01;35;100237599640;0
4607;35111105193071620260301;2026-03-01;35;100237557181;0
4608;35111106193071720260301;2026-03-01;35;100237589148;0
4609;35111107193071820260301;2026-03-01;35;100237599267;0
4610;35111108193071920260301;2026-03-01;35;100237603108;0
4611;35111109193072020260301;2026-03-01;35;100237603159;0
4612;35111110193072120260301;2026-03-01;35;100237556258;0
4613;35111111193072220260301;2026-03-01;35;100237603302;0
4614;35111112193072320260301;2026-03-01;35;100237603213;0
4615;35111113193072420260301;2026-03-01;35;100237553402;0
4617;35111114193072620260301;2026-03-01;35;100237553739;0
4616;35111115193072520260301;2026-03-01;35;100237556460;0
4618;35111116193072720260301;2026-03-01;35;100237556649;0
4619;35111117193072820260301;2026-03-01;35;100237553356;0
4621;35111118193073020260301;2026-03-01;35;100237553526;0
4620;35111119193072920260301;2026-03-01;35;100237556266;0
4622;35111120193073120260301;2026-03-01;35;100237556630;0
4623;35111121193073220260301;2026-03-01;35;100162378030;0
4625;35111122193073420260301;2026-03-01;35;100174157408;0
4626;35111123193073520260301;2026-03-01;35;100237556754;0
4627;35111124193073620260301;2026-03-01;35;100202477750;0
4628;35111125193073720260301;2026-03-01;35;100194569213;0
4629;35111126193073820260301;2026-03-01;35;100199356161;0
4630;35111127193073920260301;2026-03-01;35;100183231550;0
4631;35111128193074020260301;2026-03-01;35;100183241050;0
4632;35111129193074120260301;2026-03-01;35;100199360150;0
4633;35111130193074220260301;2026-03-01;35;100237571907;0
4635;35111131193074420260301;2026-03-01;35;200009367538;0
1115;35111131193406120260401;2026-04-01;35;200009367538;0
14433;35111131194107320260201;2026-02-01;35;200009367538;0
4634;35111132193074320260301;2026-03-01;35;200009367546;0
1109;35111132193405520260401;2026-04-01;35;200009367546;0
14434;35111132194107420260201;2026-02-01;35;200009367546;0
4636;35111133193074520260301;2026-03-01;35;100237615157;0
4637;35111134193074620260301;2026-03-01;35;100158296830;0
4639;35111135193074820260301;2026-03-01;35;100237589199;0
4641;35111136193075020260301;2026-03-01;35;100160710525;0
4638;35111137193074720260301;2026-03-01;35;200009379420;0
1108;35111137193405420260401;2026-04-01;35;200009379420;0
4640;35111138193074920260301;2026-03-01;35;100157219395;0
4643;35111139193075220260301;2026-03-01;35;100181303465;0
4642;35111140193075120260301;2026-03-01;35;100068455549;0
4644;35111141193075320260301;2026-03-01;35;100237556827;0
4645;35111142193075420260301;2026-03-01;35;100237589156;0
4646;35111143193075520260301;2026-03-01;35;100237557300;0
4647;35111144193075620260301;2026-03-01;35;100156666428;0
4648;35111145193075720260301;2026-03-01;35;100237557165;0
4649;35111146193075820260301;2026-03-01;35;100237556541;0
4650;35111147193075920260301;2026-03-01;35;100237553216;0
4651;35111148193076020260301;2026-03-01;35;100237615084;0
4652;35111149193076120260301;2026-03-01;35;100237556614;0
4653;35111150193076220260301;2026-03-01;35;100237571923;0
4654;35111151193076320260301;2026-03-01;35;100183236340;0
4656;35111152193076520260301;2026-03-01;35;100237572040;0
4655;35111153193076420260301;2026-03-01;35;100237615114;0
4658;35111154193076720260301;2026-03-01;35;100174158285;0
4657;35111155193076620260301;2026-03-01;35;100237602942;0
4659;35111156193076820260301;2026-03-01;35;100183600459;0
4660;35111157193076920260301;2026-03-01;35;100172562585;0
4661;35111158193077020260301;2026-03-01;35;100237603043;0
4662;35111159193077120260301;2026-03-01;35;100237589350;0
4663;35111160193077220260301;2026-03-01;35;100175269307;0
4665;35111161193077420260301;2026-03-01;35;100237614851;0
4664;35111162193077320260301;2026-03-01;35;100237593927;0
4666;35111163193077520260301;2026-03-01;35;100179800201;0
4667;35111164193077620260301;2026-03-01;35;100237589121;0
4668;35111165193077720260301;2026-03-01;35;100237599283;0
4669;35111166193077820260301;2026-03-01;35;100166472090;0
4670;35111167193077920260301;2026-03-01;35;100237555863;0
4671;35111169193078120260301;2026-03-01;35;100154595469;0
4672;35111171193078320260301;2026-03-01;35;100237555839;0
4673;35111172193078420260301;2026-03-01;35;100170154730;0
4674;35111173193078620260301;2026-03-01;35;100237556835;0
4675;35111174193078720260301;2026-03-01;35;100237556932;0
4676;35111175193078820260301;2026-03-01;35;100237599674;0
4677;35111176193078920260301;2026-03-01;35;100237556029;0
4678;35111177193079020260301;2026-03-01;35;100237596098;0
4679;35111178193079120260301;2026-03-01;35;100195138836;0
4681;35111179193079320260301;2026-03-01;35;100179765643;0
4680;35111180193079220260301;2026-03-01;35;100154410248;0
4682;35111181193079420260301;2026-03-01;35;100183236196;0
4683;35111182193079620260301;2026-03-01;35;100237603272;0
4685;35111183193079820260301;2026-03-01;35;100164912629;0
4684;35111184193079720260301;2026-03-01;35;100237556762;0
4687;35111185193080020260301;2026-03-01;35;100237603094;0
4686;35111186193079920260301;2026-03-01;35;100237556720;0
4689;35111188193080320260301;2026-03-01;35;100237556223;0
4688;35111189193080220260301;2026-03-01;35;100237556592;0
4690;35111190193080520260301;2026-03-01;35;100237589415;0
4691;35111191193080620260301;2026-03-01;35;100179884286;0
4692;35111192193080720260301;2026-03-01;35;100172741870;0
4694;35111193193080920260301;2026-03-01;35;100200515809;0
4693;35111194193080820260301;2026-03-01;35;100237602748;0
4695;35111195193081020260301;2026-03-01;35;100170154978;0
4696;35111196193081120260301;2026-03-01;35;100237599224;0
4697;35111197193081220260301;2026-03-01;35;100237596128;0
4698;35111198193081420260301;2026-03-01;35;100237589334;0
4699;35111199193081520260301;2026-03-01;35;100237555880;0
4700;35111200193081620260301;2026-03-01;35;100237603167;0
4701;35111201193081720260301;2026-03-01;35;100237555766;0
4702;35111202193081820260301;2026-03-01;35;100237589091;0
4703;35111203193081920260301;2026-03-01;35;100237603000;0
4704;35111204193082020260301;2026-03-01;35;100237556746;0
4706;35111205193082220260301;2026-03-01;35;100237589202;0
4705;35111206193082120260301;2026-03-01;35;100202473658;0
4707;35111207193082320260301;2026-03-01;35;100237615068;0
4708;35111208193082420260301;2026-03-01;35;100237553550;0
4709;35111209193082520260301;2026-03-01;35;100198405843;0
4710;35111210193082620260301;2026-03-01;35;100237556215;0
4711;35111211193082720260301;2026-03-01;35;100183236870;0
4712;35111212193082820260301;2026-03-01;35;100237599372;0
4713;35111213193083020260301;2026-03-01;35;100166469595;0
4714;35111214193083120260301;2026-03-01;35;100237557106;0
4715;35111215193083220260301;2026-03-01;35;100237615130;0
4716;35111216193083320260301;2026-03-01;35;100237557157;0
4717;35111217193083420260301;2026-03-01;35;100237615580;0
4718;35111218193083520260301;2026-03-01;35;100237589431;0
4719;35111219193083620260301;2026-03-01;35;100237553453;0
4720;35111220193083720260301;2026-03-01;35;100237556819;0
4721;35111223193084020260301;2026-03-01;35;100237572296;0
4722;35111224193084120260301;2026-03-01;35;100237599097;0
4723;35111225193084220260301;2026-03-01;35;100237553690;0
4724;35111226193084320260301;2026-03-01;35;100237612085;0
4725;35111227193084420260301;2026-03-01;35;100161444837;0
4726;35111228193084520260301;2026-03-01;35;100237615050;0
4727;35111229193084720260301;2026-03-01;35;100237556657;0
1105;35111229193405120260401;2026-04-01;35;100237556657;0
4728;35111230193084820260301;2026-03-01;35;100237557009;0
1104;35111230193405020260401;2026-04-01;35;100237557009;0
4729;35111234193086520260301;2026-03-01;35;100236174289;0
4730;35111235193086620260301;2026-03-01;35;100236174076;0
4731;35111236193086720260301;2026-03-01;35;100236173983;0
4733;35111237193086920260301;2026-03-01;35;100183233766;0
4734;35111238193087020260301;2026-03-01;35;100237603205;0
4735;35111239193087120260301;2026-03-01;35;100236181730;0
4736;35111240193087220260301;2026-03-01;35;100194757397;0
4737;35111241193087320260301;2026-03-01;35;100175270119;0
4738;35111242193087420260301;2026-03-01;35;100175453205;0
4739;35111243193087520260301;2026-03-01;35;100183233090;0
4740;35111244193087620260301;2026-03-01;35;100183236927;0
4741;35111245193087720260301;2026-03-01;35;100237603345;0
4742;35111246193087820260301;2026-03-01;35;100237589652;0
4743;35111247193087920260301;2026-03-01;35;100237553577;0
4744;35111248193088020260301;2026-03-01;35;100237556347;0
4745;35111249193088120260301;2026-03-01;35;100175269528;0
4746;35111250193088220260301;2026-03-01;35;100181622293;0
4747;35111251193088320260301;2026-03-01;35;100237556878;0
4748;35111252193088420260301;2026-03-01;35;100173909554;0
4749;35111253193088520260301;2026-03-01;35;100237556711;0
4750;35111254193088620260301;2026-03-01;35;100237571842;0
4751;35111255193088720260301;2026-03-01;35;100237603027;0
4752;35111256193088820260301;2026-03-01;35;100237557149;0
4753;35111257193088920260301;2026-03-01;35;100179251119;0
4754;35111258193089020260301;2026-03-01;35;100183235904;0
4755;35111259193089120260301;2026-03-01;35;100237556061;0
4757;35111260193089320260301;2026-03-01;35;100179805882;0
4756;35111261193089220260301;2026-03-01;35;100179770361;0
4758;35111262193089420260301;2026-03-01;35;100237553658;0
4759;35111263193089520260301;2026-03-01;35;100237553313;0
4760;35111264193089620260301;2026-03-01;35;100237603035;0
4356;3525668191592720260301;2026-03-01;35;109375572;0
1116;3525668193406220260401;2026-04-01;35;109375572;0
66631;352566841847220250501;2025-05-01;35;109375572;0
28890;352566878460020251101;2025-11-01;35;109375572;0
22546;352566881988920251201;2025-12-01;35;109375572;0
16249;352566884727920260101;2026-01-01;35;109375572;0
10100;352566891389620260201;2026-02-01;35;109375572;0
4357;3525669191592820260301;2026-03-01;35;109375670;0
1114;3525669193406020260401;2026-04-01;35;109375670;0
66632;352566941847320250501;2025-05-01;35;109375670;0
28892;352566978460220251101;2025-11-01;35;109375670;0
22549;352566981989220251201;2025-12-01;35;109375670;0
16248;352566984727820260101;2026-01-01;35;109375670;0
10098;352566991389420260201;2026-02-01;35;109375670;0
4355;3525670191592520260301;2026-03-01;35;109375645;0
1120;3525670193555620260401;2026-04-01;35;109375645;0
28891;352567078460120251101;2025-11-01;35;109375645;0
22547;352567081989020251201;2025-12-01;35;109375645;0
16247;352567084727720260101;2026-01-01;35;109375645;0
10067;352567091386220260201;2026-02-01;35;109375645;0
4388;3550532620260301;2026-03-01;35;100159314883;0
4397;3560662420260301;2026-03-01;35;100169664437;0
35338;356095577790020251001;2025-10-01;35;86054686;0
29045;356095579825520251101;2025-11-01;35;86054686;0
22938;356095584308620251201;2025-12-01;35;86054686;0
16390;356095587878420260101;2026-01-01;35;86054686;0
9981;356095591377620260201;2026-02-01;35;86054686;0
4408;3560956193051720260301;2026-03-01;35;9475753;0
35339;356095677790120251001;2025-10-01;35;9475753;0
22980;356095684312820251201;2025-12-01;35;9475753;0
16350;356095686858920260101;2026-01-01;35;9475753;0
4413;3560957193052220260301;2026-03-01;35;25234987;0
35340;356095777790220251001;2025-10-01;35;25234987;0
29158;356095780082220251101;2025-11-01;35;25234987;0
22981;356095784312920251201;2025-12-01;35;25234987;0
16338;356095786857720260101;2026-01-01;35;25234987;0
10130;356095792637520260201;2026-02-01;35;25234987;0
4262;3560958191577920260301;2026-03-01;35;10310032;0
35341;356095877790320251001;2025-10-01;35;10310032;0
29157;356095880082120251101;2025-11-01;35;10310032;0
22952;356095884310020251201;2025-12-01;35;10310032;0
16339;356095886857820260101;2026-01-01;35;10310032;0
9980;356095891377520260201;2026-02-01;35;10310032;0
4265;3560959191578420260301;2026-03-01;35;53199232;0
35342;356095977790420251001;2025-10-01;35;53199232;0
16387;356095987878120260101;2026-01-01;35;53199232;0
10011;356095991380620260201;2026-02-01;35;53199232;0
4416;3560960193052520260301;2026-03-01;35;56042288;0
35343;356096077790520251001;2025-10-01;35;56042288;0
29300;356096081332420251101;2025-11-01;35;56042288;0
22974;356096084312220251201;2025-12-01;35;56042288;0
16388;356096087878220260101;2026-01-01;35;56042288;0
10132;356096092637820260201;2026-02-01;35;56042288;0
4261;3560961191573720260301;2026-03-01;35;52560683;0
35344;356096177790620251001;2025-10-01;35;52560683;0
29022;356096179644620251101;2025-11-01;35;52560683;0
23001;356096184314920251201;2025-12-01;35;52560683;0
16348;356096186858720260101;2026-01-01;35;52560683;0
10014;356096191380920260201;2026-02-01;35;52560683;0
35345;356096277790720251001;2025-10-01;35;10082331;0
29160;356096280082520251101;2025-11-01;35;10082331;0
22953;356096284310120251201;2025-12-01;35;10082331;0
4260;3560963191555120260301;2026-03-01;35;42364177;0
35346;356096377790820251001;2025-10-01;35;42364177;0
29020;356096379644420251101;2025-11-01;35;42364177;0
22970;356096384311820251201;2025-12-01;35;42364177;0
16342;356096386858120260101;2026-01-01;35;42364177;0
10016;356096391381120260201;2026-02-01;35;42364177;0
4412;3560964193052120260301;2026-03-01;35;4845390;0
35347;356096477790920251001;2025-10-01;35;4845390;0
29298;356096481332220251101;2025-11-01;35;4845390;0
22937;356096484308520251201;2025-12-01;35;4845390;0
16370;356096487876420260101;2026-01-01;35;4845390;0
10128;356096492637320260201;2026-02-01;35;4845390;0
4365;3560965192119720260301;2026-03-01;35;104488131;0
35348;356096577791020251001;2025-10-01;35;104488131;0
29177;356096580711620251101;2025-11-01;35;104488131;0
22950;356096584309820251201;2025-12-01;35;104488131;0
16360;356096587875420260101;2026-01-01;35;104488131;0
10124;356096592636920260201;2026-02-01;35;104488131;0
4359;3560966192119120260301;2026-03-01;35;78782198;0
35349;356096677791120251001;2025-10-01;35;78782198;0
4270;3560967191579220260301;2026-03-01;35;43297056;0
35350;356096777791220251001;2025-10-01;35;43297056;0
29040;356096779646620251101;2025-11-01;35;43297056;0
22999;356096784314720251201;2025-12-01;35;43297056;0
16357;356096787875120260101;2026-01-01;35;43297056;0
9994;356096791378920260201;2026-02-01;35;43297056;0
35351;356096877791320251001;2025-10-01;35;50444433;0
29119;356096879833920251101;2025-11-01;35;50444433;0
23016;356096884316420251201;2025-12-01;35;50444433;0
16279;356096885656520260101;2026-01-01;35;50444433;0
10037;356096891383220260201;2026-02-01;35;50444433;0
4280;3560969191581120260301;2026-03-01;35;76097617;0
35352;356096977791420251001;2025-10-01;35;76097617;0
29136;356096979836020251101;2025-11-01;35;76097617;0
23014;356096984316220251201;2025-12-01;35;76097617;0
16334;356096986857320260101;2026-01-01;35;76097617;0
9990;356096991378520260201;2026-02-01;35;76097617;0
4376;3560970192120820260301;2026-03-01;35;63491354;0
35353;356097077791520251001;2025-10-01;35;63491354;0
29039;356097079646520251101;2025-11-01;35;63491354;0
22979;356097084312720251201;2025-12-01;35;63491354;0
16386;356097087878020260101;2026-01-01;35;63491354;0
10001;356097091379620260201;2026-02-01;35;63491354;0
4358;3560971192119020260301;2026-03-01;35;52745902;0
35354;356097177791620251001;2025-10-01;35;52745902;0
29141;356097179836520251101;2025-11-01;35;52745902;0
22995;356097184314320251201;2025-12-01;35;52745902;0
16380;356097187877420260101;2026-01-01;35;52745902;0
10004;356097191379920260201;2026-02-01;35;52745902;0
35355;356097277791720251001;2025-10-01;35;484598;0
29115;356097279833520251101;2025-11-01;35;484598;0
23019;356097284316720251201;2025-12-01;35;484598;0
16305;356097285659120260101;2026-01-01;35;484598;0
10062;356097291385720260201;2026-02-01;35;484598;0
4375;3560973192120720260301;2026-03-01;35;16004299;0
35356;356097377791820251001;2025-10-01;35;16004299;0
29148;356097379837420251101;2025-11-01;35;16004299;0
23020;356097384316820251201;2025-12-01;35;16004299;0
16384;356097387877820260101;2026-01-01;35;16004299;0
9983;356097391377820260201;2026-02-01;35;16004299;0
4284;3560974191581820260301;2026-03-01;35;100550142;0
35357;356097477791920251001;2025-10-01;35;100550142;0
29138;356097479836220251101;2025-11-01;35;100550142;0
23022;356097484317020251201;2025-12-01;35;100550142;0
16378;356097487877220260101;2026-01-01;35;100550142;0
10009;356097491380420260201;2026-02-01;35;100550142;0
4361;3560975192119320260301;2026-03-01;35;82292590;0
35358;356097577792020251001;2025-10-01;35;82292590;0
29134;356097579835820251101;2025-11-01;35;82292590;0
23010;356097584315820251201;2025-12-01;35;82292590;0
16332;356097586857120260101;2026-01-01;35;82292590;0
9992;356097591378720260201;2026-02-01;35;82292590;0
4271;3560976191579420260301;2026-03-01;35;85206148;0
35359;356097677792120251001;2025-10-01;35;85206148;0
29135;356097679835920251101;2025-11-01;35;85206148;0
23012;356097684316020251201;2025-12-01;35;85206148;0
16268;356097685655420260101;2026-01-01;35;85206148;0
10017;356097691381220260201;2026-02-01;35;85206148;0
4363;3560977192119520260301;2026-03-01;35;67317294;0
35360;356097777792220251001;2025-10-01;35;67317294;0
29145;356097779837120251101;2025-11-01;35;67317294;0
23003;356097784315120251201;2025-12-01;35;67317294;0
16356;356097787875020260101;2026-01-01;35;67317294;0
9987;356097791378220260201;2026-02-01;35;67317294;0
4278;3560978191580720260301;2026-03-01;35;1840568;0
35361;356097877792320251001;2025-10-01;35;1840568;0
29108;356097879832820251101;2025-11-01;35;1840568;0
22990;356097884313820251201;2025-12-01;35;1840568;0
16291;356097885657720260101;2026-01-01;35;1840568;0
10007;356097891380220260201;2026-02-01;35;1840568;0
35560;3561072020251001;2025-10-01;35;100236168840;0
35527;3561122220251001;2025-10-01;35;100183236340;0
4389;3561852420260301;2026-03-01;35;100160710525;0
35760;3561902120251001;2025-10-01;35;100237614924;0
4381;3561912420260301;2026-03-01;35;100154410248;0
4403;3562122620260301;2026-03-01;35;100174897398;0
35362;356224478085320251001;2025-10-01;35;68602286;0
29169;356224480710820251101;2025-11-01;35;68602286;0
23024;356224484317220251201;2025-12-01;35;68602286;0
16377;356224487877120260101;2026-01-01;35;68602286;0
9986;356224491378120260201;2026-02-01;35;68602286;0
4274;3562245191579920260301;2026-03-01;35;80924948;0
35363;356224578085420251001;2025-10-01;35;80924948;0
29036;356224579646120251101;2025-11-01;35;80924948;0
23013;356224584316120251201;2025-12-01;35;80924948;0
16335;356224586857420260101;2026-01-01;35;80924948;0
9991;356224591378620260201;2026-02-01;35;80924948;0
35364;356224678085520251001;2025-10-01;35;202021566;0
29309;356224681333320251101;2025-11-01;35;202021566;0
4373;3562247192120520260301;2026-03-01;35;4044185;0
35365;356224778085620251001;2025-10-01;35;4044185;0
29146;356224779837220251101;2025-11-01;35;4044185;0
22944;356224784309220251201;2025-12-01;35;4044185;0
16363;356224787875720260101;2026-01-01;35;4044185;0
10114;356224792635020260201;2026-02-01;35;4044185;0
4294;3562248191583320260301;2026-03-01;35;81624328;0
1102;3562248193404820260401;2026-04-01;35;81624328;0
35366;356224878085720251001;2025-10-01;35;81624328;0
29106;356224879832520251101;2025-11-01;35;81624328;0
22578;356224882269120251201;2025-12-01;35;81624328;0
16286;356224885657220260101;2026-01-01;35;81624328;0
10059;356224891385420260201;2026-02-01;35;81624328;0
35367;356224978085820251001;2025-10-01;35;53807995;0
29258;356224980719720251101;2025-11-01;35;53807995;0
22763;356224982288320251201;2025-12-01;35;53807995;0
35368;356225078085920251001;2025-10-01;35;72888652;0
29069;356225079827920251101;2025-11-01;35;72888652;0
22753;356225082287320251201;2025-12-01;35;72888652;0
35369;356225178086020251001;2025-10-01;35;56141149;0
29000;356225179642320251101;2025-11-01;35;56141149;0
22771;356225182289120251201;2025-12-01;35;56141149;0
35370;356225278086120251001;2025-10-01;35;48979767;0
29267;356225280720620251101;2025-11-01;35;48979767;0
22788;356225282290920251201;2025-12-01;35;48979767;0
35371;356225378086220251001;2025-10-01;35;31848621;0
28979;356225379640020251101;2025-11-01;35;31848621;0
22818;356225382293920251201;2025-12-01;35;31848621;0
35372;356225478086320251001;2025-10-01;35;200015182;0
28936;356225478906720251101;2025-11-01;35;200015182;0
22665;356225482278220251201;2025-12-01;35;200015182;0
35373;356225578086420251001;2025-10-01;35;202216957;0
29352;356225581337620251101;2025-11-01;35;202216957;0
22629;356225582274520251201;2025-12-01;35;202216957;0
35374;356225678086520251001;2025-10-01;35;72594128;0
28922;356225678905320251101;2025-11-01;35;72594128;0
22749;356225682286820251201;2025-12-01;35;72594128;0
35375;356225778086620251001;2025-10-01;35;50835599;0
29265;356225780720420251101;2025-11-01;35;50835599;0
22765;356225782288520251201;2025-12-01;35;50835599;0
35376;356225878086720251001;2025-10-01;35;54273978;0
29278;356225880721720251101;2025-11-01;35;54273978;0
22762;356225882288220251201;2025-12-01;35;54273978;0
35377;356225978086820251001;2025-10-01;35;202541726;0
29191;356225980713020251101;2025-11-01;35;202541726;0
22617;356225982273220251201;2025-12-01;35;202541726;0
35378;356226078086920251001;2025-10-01;35;200351230;0
29086;356226079829920251101;2025-11-01;35;200351230;0
22666;356226082278320251201;2025-12-01;35;200351230;0
35379;356226178087020251001;2025-10-01;35;202693883;0
22626;356226182274220251201;2025-12-01;35;202693883;0
35380;356226278087120251001;2025-10-01;35;43817823;0
28910;356226278904120251101;2025-11-01;35;43817823;0
35381;356226378087220251001;2025-10-01;35;28646444;0
29512;356226381353620251101;2025-11-01;35;28646444;0
22932;356226383001120251201;2025-12-01;35;28646444;0
4266;3562264191578520260301;2026-03-01;35;43000748;0
35382;356226478087320251001;2025-10-01;35;43000748;0
29107;356226479832620251101;2025-11-01;35;43000748;0
22991;356226484313920251201;2025-12-01;35;43000748;0
16319;356226485982720260101;2026-01-01;35;43000748;0
10025;356226491382020260201;2026-02-01;35;43000748;0
4263;3562265191578120260301;2026-03-01;35;54980000;0
35383;356226578087420251001;2025-10-01;35;54980000;0
29098;356226579831720251101;2025-11-01;35;54980000;0
22969;356226584311720251201;2025-12-01;35;54980000;0
16349;356226586858820260101;2026-01-01;35;54980000;0
10018;356226591381320260201;2026-02-01;35;54980000;0
4268;3562266191579020260301;2026-03-01;35;9049096;0
35384;356226678087520251001;2025-10-01;35;9049096;0
29024;356226679644820251101;2025-11-01;35;9049096;0
22972;356226684312020251201;2025-12-01;35;9049096;0
16344;356226686858320260101;2026-01-01;35;9049096;0
10015;356226691381020260201;2026-02-01;35;9049096;0
4377;3562267192120920260301;2026-03-01;35;8029741;0
35385;356226778087620251001;2025-10-01;35;8029741;0
29159;356226780082420251101;2025-11-01;35;8029741;0
22992;356226784314020251201;2025-12-01;35;8029741;0
16320;356226785982820260101;2026-01-01;35;8029741;0
10020;356226791381520260201;2026-02-01;35;8029741;0
4287;3562268191582320260301;2026-03-01;35;55491151;0
35386;356226878087720251001;2025-10-01;35;55491151;0
29109;356226879832920251101;2025-11-01;35;55491151;0
22971;356226884311920251201;2025-12-01;35;55491151;0
16307;356226885981520260101;2026-01-01;35;55491151;0
10022;356226891381720260201;2026-02-01;35;55491151;0
35387;356226978087820251001;2025-10-01;35;51481208;0
29101;356226979832020251101;2025-11-01;35;51481208;0
22977;356226984312520251201;2025-12-01;35;51481208;0
35388;356227078087920251001;2025-10-01;35;12513873;0
29030;356227079645520251101;2025-11-01;35;12513873;0
23005;356227084315320251201;2025-12-01;35;12513873;0
16299;356227085658520260101;2026-01-01;35;12513873;0
10058;356227091385320260201;2026-02-01;35;12513873;0
4275;3562271191580220260301;2026-03-01;35;12808849;0
35389;356227178088020251001;2025-10-01;35;12808849;0
29038;356227179646420251101;2025-11-01;35;12808849;0
23007;356227184315520251201;2025-12-01;35;12808849;0
16366;356227187876020260101;2026-01-01;35;12808849;0
10002;356227191379720260201;2026-02-01;35;12808849;0
4312;3562272191585920260301;2026-03-01;35;34504290;0
35390;356227278088120251001;2025-10-01;35;34504290;0
29137;356227279836120251101;2025-11-01;35;34504290;0
22572;356227282268520251201;2025-12-01;35;34504290;0
16304;356227285659020260101;2026-01-01;35;34504290;0
10042;356227291383720260201;2026-02-01;35;34504290;0
35391;356227378088220251001;2025-10-01;35;49431749;0
29273;356227380721220251101;2025-11-01;35;49431749;0
22790;356227382291120251201;2025-12-01;35;49431749;0
4277;3562274191580620260301;2026-03-01;35;56750625;0
35392;356227478088320251001;2025-10-01;35;56750625;0
29140;356227479836420251101;2025-11-01;35;56750625;0
23015;356227484316320251201;2025-12-01;35;56750625;0
16274;356227485656020260101;2026-01-01;35;56750625;0
9985;356227491378020260201;2026-02-01;35;56750625;0
35393;356227578088420251001;2025-10-01;35;83706259;0
29147;356227579837320251101;2025-11-01;35;83706259;0
22978;356227584312620251201;2025-12-01;35;83706259;0
16269;356227585655520260101;2026-01-01;35;83706259;0
9995;356227591379020260201;2026-02-01;35;83706259;0
4364;3562276192119620260301;2026-03-01;35;105792462;0
35394;356227678088520251001;2025-10-01;35;105792462;0
29176;356227680711520251101;2025-11-01;35;105792462;0
23004;356227684315220251201;2025-12-01;35;105792462;0
16353;356227687874720260101;2026-01-01;35;105792462;0
10005;356227691380020260201;2026-02-01;35;105792462;0
4360;3562277192119220260301;2026-03-01;35;107157527;0
35395;356227778088620251001;2025-10-01;35;107157527;0
29154;356227779838120251101;2025-11-01;35;107157527;0
22998;356227784314620251201;2025-12-01;35;107157527;0
16361;356227787875520260101;2026-01-01;35;107157527;0
10008;356227791380320260201;2026-02-01;35;107157527;0
4272;3562278191579620260301;2026-03-01;35;12630047;0
35396;356227878088720251001;2025-10-01;35;12630047;0
29120;356227879834020251101;2025-11-01;35;12630047;0
23017;356227884316520251201;2025-12-01;35;12630047;0
16365;356227887875920260101;2026-01-01;35;12630047;0
10006;356227891380120260201;2026-02-01;35;12630047;0
4282;3562279191581420260301;2026-03-01;35;89753070;0
35397;356227978088820251001;2025-10-01;35;89753070;0
29035;356227979646020251101;2025-11-01;35;89753070;0
22989;356227984313720251201;2025-12-01;35;89753070;0
16345;356227986858420260101;2026-01-01;35;89753070;0
10000;356227991379520260201;2026-02-01;35;89753070;0
4369;3562280192120120260301;2026-03-01;35;106174711;0
35398;356228078088920251001;2025-10-01;35;106174711;0
29142;356228079836720251101;2025-11-01;35;106174711;0
22941;356228084308920251201;2025-12-01;35;106174711;0
16351;356228087874520260101;2026-01-01;35;106174711;0
10131;356228092637620260201;2026-02-01;35;106174711;0
4283;3562281191581520260301;2026-03-01;35;69069174;0
35399;356228178089020251001;2025-10-01;35;69069174;0
29041;356228179646720251101;2025-11-01;35;69069174;0
22987;356228184313520251201;2025-12-01;35;69069174;0
16355;356228187874920260101;2026-01-01;35;69069174;0
9989;356228191378420260201;2026-02-01;35;69069174;0
35400;356228278089120251001;2025-10-01;35;900788;0
28856;356228278456420251101;2025-11-01;35;900788;0
22553;356228281989620251201;2025-12-01;35;900788;0
16246;356228284727620260101;2026-01-01;35;900788;0
4276;3562283191580420260301;2026-03-01;35;9511032;0
35401;356228378089220251001;2025-10-01;35;9511032;0
29153;356228379838020251101;2025-11-01;35;9511032;0
22997;356228384314520251201;2025-12-01;35;9511032;0
16346;356228386858520260101;2026-01-01;35;9511032;0
9996;356228391379120260201;2026-02-01;35;9511032;0
4501;3562284193061020260301;2026-03-01;35;81134142;0
35402;356228478089420251001;2025-10-01;35;81134142;0
29180;356228480711920251101;2025-11-01;35;81134142;0
22956;356228484310420251201;2025-12-01;35;81134142;0
16373;356228487876720260101;2026-01-01;35;81134142;0
10113;356228492634820260201;2026-02-01;35;81134142;0
4496;3562285193060520260301;2026-03-01;35;20638817;0
35403;356228578089520251001;2025-10-01;35;20638817;0
29167;356228580710620251101;2025-11-01;35;20638817;0
22964;356228584311220251201;2025-12-01;35;20638817;0
16379;356228587877320260101;2026-01-01;35;20638817;0
10112;356228592634620260201;2026-02-01;35;20638817;0
4497;3562286193060620260301;2026-03-01;35;47027517;0
35404;356228678089620251001;2025-10-01;35;47027517;0
29163;356228680710220251101;2025-11-01;35;47027517;0
23025;356228684355620251201;2025-12-01;35;47027517;0
16381;356228687877520260101;2026-01-01;35;47027517;0
10119;356228692635920260201;2026-02-01;35;47027517;0
35405;356228778089720251001;2025-10-01;35;202831715;0
29417;356228781344120251101;2025-11-01;35;202831715;0
35406;356228878089820251001;2025-10-01;35;89005210;0
29527;356228881469320251101;2025-11-01;35;89005210;0
35407;356228978089920251001;2025-10-01;35;54908701;0
29494;356228981351820251101;2025-11-01;35;54908701;0
35408;356229078090020251001;2025-10-01;35;31011152;0
29381;356229081340520251101;2025-11-01;35;31011152;0
35409;356229178090120251001;2025-10-01;35;31125867;0
29386;356229181341020251101;2025-11-01;35;31125867;0
35410;356229278090220251001;2025-10-01;35;201216187;0
29414;356229281343820251101;2025-11-01;35;201216187;0
35411;356229378090320251001;2025-10-01;35;111888921;0
29418;356229381344220251101;2025-11-01;35;111888921;0
35412;356229478090420251001;2025-10-01;35;53406281;0
29456;356229481348020251101;2025-11-01;35;53406281;0
35413;356229578090520251001;2025-10-01;35;112529721;0
29349;356229581337320251101;2025-11-01;35;112529721;0
35414;356229678090620251001;2025-10-01;35;119786222;0
29327;356229681335120251101;2025-11-01;35;119786222;0
35415;356229778090720251001;2025-10-01;35;56254521;0
29399;356229781342320251101;2025-11-01;35;56254521;0
35416;356229878090820251001;2025-10-01;35;203029789;0
29378;356229881340220251101;2025-11-01;35;203029789;0
35417;356229978090920251001;2025-10-01;35;31403093;0
29325;356229981334920251101;2025-11-01;35;31403093;0
35418;356230078091020251001;2025-10-01;35;118562754;0
29403;356230081342720251101;2025-11-01;35;118562754;0
35419;356230178091120251001;2025-10-01;35;125291922;0
29310;356230181333420251101;2025-11-01;35;125291922;0
35420;356230278091220251001;2025-10-01;35;44170424;0
29468;356230281349220251101;2025-11-01;35;44170424;0
35421;356230378091320251001;2025-10-01;35;200819381;0
29441;356230381346520251101;2025-11-01;35;200819381;0
35422;356230478091420251001;2025-10-01;35;200008339;0
29390;356230481341420251101;2025-11-01;35;200008339;0
35423;356230578091520251001;2025-10-01;35;45388288;0
29461;356230581348520251101;2025-11-01;35;45388288;0
35424;356230678091620251001;2025-10-01;35;62955241;0
29392;356230681341620251101;2025-11-01;35;62955241;0
35425;356230778091720251001;2025-10-01;35;65206452;0
29526;356230781469220251101;2025-11-01;35;65206452;0
35426;356230878091820251001;2025-10-01;35;83761942;0
29436;356230881346020251101;2025-11-01;35;83761942;0
35427;356230978091920251001;2025-10-01;35;73087149;0
29362;356230981338620251101;2025-11-01;35;73087149;0
35428;356231078092020251001;2025-10-01;35;113920946;0
29413;356231081343720251101;2025-11-01;35;113920946;0
35429;356231178092120251001;2025-10-01;35;54892813;0
29326;356231181335020251101;2025-11-01;35;54892813;0
35430;356231278092220251001;2025-10-01;35;202002565;0
29447;356231281347120251101;2025-11-01;35;202002565;0
35431;356231378092320251001;2025-10-01;35;118717600;0
29393;356231381341720251101;2025-11-01;35;118717600;0
35432;356231478092420251001;2025-10-01;35;202721413;0
29529;356231481469620251101;2025-11-01;35;202721413;0
35433;356231578092520251001;2025-10-01;35;203249034;0
29445;356231581346920251101;2025-11-01;35;203249034;0
35434;356231678092620251001;2025-10-01;35;50652371;0
29359;356231681338320251101;2025-11-01;35;50652371;0
35435;356231778092720251001;2025-10-01;35;113219172;0
29370;356231781339420251101;2025-11-01;35;113219172;0
35436;356231878092820251001;2025-10-01;35;44137389;0
29443;356231881346720251101;2025-11-01;35;44137389;0
35437;356231978092920251001;2025-10-01;35;56241607;0
29522;356231981354620251101;2025-11-01;35;56241607;0
35438;356232078093020251001;2025-10-01;35;57015767;0
29477;356232081350120251101;2025-11-01;35;57015767;0
35439;356232178093120251001;2025-10-01;35;202038004;0
29498;356232181352220251101;2025-11-01;35;202038004;0
35440;356232278093220251001;2025-10-01;35;30988993;0
29489;356232281351320251101;2025-11-01;35;30988993;0
35441;356232378093320251001;2025-10-01;35;56021381;0
29354;356232381337820251101;2025-11-01;35;56021381;0
35442;356232478093420251001;2025-10-01;35;202249150;0
29331;356232481335520251101;2025-11-01;35;202249150;0
35443;356232578093520251001;2025-10-01;35;125291906;0
29472;356232581349620251101;2025-11-01;35;125291906;0
35444;356232678093620251001;2025-10-01;35;53555643;0
29505;356232681352920251101;2025-11-01;35;53555643;0
35445;356232778093720251001;2025-10-01;35;42927366;0
29342;356232781336620251101;2025-11-01;35;42927366;0
35446;356232878093820251001;2025-10-01;35;77735901;0
29455;356232881347920251101;2025-11-01;35;77735901;0
35447;356232978093920251001;2025-10-01;35;65658591;0
29449;356232981347320251101;2025-11-01;35;65658591;0
35448;356233078094020251001;2025-10-01;35;200974821;0
29408;356233081343220251101;2025-11-01;35;200974821;0
35735;3562702220251001;2025-10-01;35;100237603043;0
4391;3562902520260301;2026-03-01;35;100163951248;0
4393;3562972420260301;2026-03-01;35;100164912629;0
4386;3563032420260301;2026-03-01;35;100157543494;0
4380;3563152420260301;2026-03-01;35;100153950834;0
35704;3563172220251001;2025-10-01;35;100237589334;0
4402;3563232520260301;2026-03-01;35;100173909554;0
4382;3563452520260301;2026-03-01;35;100154595469;0
4384;3563852520260301;2026-03-01;35;100156666428;0
35726;3563902220251001;2025-10-01;35;100237599372;0
4400;3563952520260301;2026-03-01;35;100172562585;0
28848;356398078455620251101;2025-11-01;35;9075;0
4339;3563981191589720260301;2026-03-01;35;895385;0
28849;356398178455720251101;2025-11-01;35;895385;0
22552;356398181989520251201;2025-12-01;35;895385;0
16264;356398185655020260101;2026-01-01;35;895385;0
10083;356398191387820260201;2026-02-01;35;895385;0
28850;356398278455820251101;2025-11-01;35;67898874;0
22730;356398282284920251201;2025-12-01;35;67898874;0
4345;3563983191590620260301;2026-03-01;35;52094330;0
28851;356398378455920251101;2025-11-01;35;52094330;0
22861;356398382298220251201;2025-12-01;35;52094330;0
16309;356398385981720260101;2026-01-01;35;52094330;0
10097;356398391389320260201;2026-02-01;35;52094330;0
4340;3563984191589820260301;2026-03-01;35;42206059;0
28852;356398478456020251101;2025-11-01;35;42206059;0
22568;356398481991220251201;2025-12-01;35;42206059;0
16254;356398485654020260101;2026-01-01;35;42206059;0
10072;356398491386720260201;2026-02-01;35;42206059;0
4292;3563985191583120260301;2026-03-01;35;1088432;0
28853;356398578456120251101;2025-11-01;35;1088432;0
22556;356398581989920251201;2025-12-01;35;1088432;0
16250;356398585653620260101;2026-01-01;35;1088432;0
10107;356398591390320260201;2026-02-01;35;1088432;0
4337;3563986191589420260301;2026-03-01;35;1190644;0
28854;356398678456220251101;2025-11-01;35;1190644;0
22558;356398681990120251201;2025-12-01;35;1190644;0
16324;356398685983220260101;2026-01-01;35;1190644;0
10106;356398691390220260201;2026-02-01;35;1190644;0
4342;3563987191590120260301;2026-03-01;35;750840;0
28855;356398778456320251101;2025-11-01;35;750840;0
22560;356398781990320251201;2025-12-01;35;750840;0
16323;356398785983120260101;2026-01-01;35;750840;0
10080;356398791387520260201;2026-02-01;35;750840;0
4332;3563988191588720260301;2026-03-01;35;117064;0
28857;356398878456520251101;2025-11-01;35;117064;0
22867;356398882299020251201;2025-12-01;35;117064;0
16331;356398885983920260101;2026-01-01;35;117064;0
10082;356398891387720260201;2026-02-01;35;117064;0
4346;3563989191590920260301;2026-03-01;35;45052664;0
28858;356398978456620251101;2025-11-01;35;45052664;0
22570;356398981991420251201;2025-12-01;35;45052664;0
16308;356398985981620260101;2026-01-01;35;45052664;0
10099;356398991389520260201;2026-02-01;35;45052664;0
4335;3563990191589020260301;2026-03-01;35;54097590;0
28859;356399078456720251101;2025-11-01;35;54097590;0
22571;356399082059920251201;2025-12-01;35;54097590;0
16256;356399085654220260101;2026-01-01;35;54097590;0
10069;356399091386420260201;2026-02-01;35;54097590;0
4334;3563991191588920260301;2026-03-01;35;451576;0
28860;356399178456820251101;2025-11-01;35;451576;0
22565;356399181990820251201;2025-12-01;35;451576;0
16328;356399185983620260101;2026-01-01;35;451576;0
10081;356399191387620260201;2026-02-01;35;451576;0
4322;3563992191587520260301;2026-03-01;35;31861543;0
4379;3563992520260301;2026-03-01;35;100068455549;0
28861;356399278456920251101;2025-11-01;35;31861543;0
22567;356399281991120251201;2025-12-01;35;31861543;0
16314;356399285982220260101;2026-01-01;35;31861543;0
10102;356399291389820260201;2026-02-01;35;31861543;0
4330;3563993191588520260301;2026-03-01;35;26103924;0
28862;356399378457020251101;2025-11-01;35;26103924;0
22548;356399381989120251201;2025-12-01;35;26103924;0
16322;356399385983020260101;2026-01-01;35;26103924;0
10105;356399391390120260201;2026-02-01;35;26103924;0
28863;356399478457120251101;2025-11-01;35;630950;0
22555;356399481989820251201;2025-12-01;35;630950;0
4324;3563995191587820260301;2026-03-01;35;25721691;0
28864;356399578457220251101;2025-11-01;35;25721691;0
23026;356399584592220251201;2025-12-01;35;25721691;0
16315;356399585982320260101;2026-01-01;35;25721691;0
10077;356399591387220260201;2026-02-01;35;25721691;0
4338;3563996191589520260301;2026-03-01;35;55297320;0
28865;356399678457320251101;2025-11-01;35;55297320;0
22563;356399681990620251201;2025-12-01;35;55297320;0
16253;356399685653920260101;2026-01-01;35;55297320;0
10071;356399691386620260201;2026-02-01;35;55297320;0
28866;356399778457420251101;2025-11-01;35;26333814;0
22550;356399781989320251201;2025-12-01;35;26333814;0
28867;356399878457520251101;2025-11-01;35;52525802;0
22860;356399882298120251201;2025-12-01;35;52525802;0
4323;3563999191587620260301;2026-03-01;35;23596881;0
28868;356399978457620251101;2025-11-01;35;23596881;0
22551;356399981989420251201;2025-12-01;35;23596881;0
16325;356399985983320260101;2026-01-01;35;23596881;0
10078;356399991387320260201;2026-02-01;35;23596881;0
28869;356400078457720251101;2025-11-01;35;1511335;0
22561;356400081990420251201;2025-12-01;35;1511335;0
28870;356400178457820251101;2025-11-01;35;51177908;0
22864;356400182298520251201;2025-12-01;35;51177908;0
4333;3564002191588820260301;2026-03-01;35;18970309;0
28871;356400278457920251101;2025-11-01;35;18970309;0
22554;356400281989720251201;2025-12-01;35;18970309;0
16261;356400285654720260101;2026-01-01;35;18970309;0
10079;356400291387420260201;2026-02-01;35;18970309;0
4325;3564003191587920260301;2026-03-01;35;30557425;0
28872;356400378458020251101;2025-11-01;35;30557425;0
22566;356400381990920251201;2025-12-01;35;30557425;0
16311;356400385981920260101;2026-01-01;35;30557425;0
10075;356400391387020260201;2026-02-01;35;30557425;0
28873;356400478458120251101;2025-11-01;35;32150055;0
22564;356400481990720251201;2025-12-01;35;32150055;0
28874;356400578458220251101;2025-11-01;35;40031383;0
22569;356400581991320251201;2025-12-01;35;40031383;0
4328;3564006191588220260301;2026-03-01;35;7598262;0
28875;356400678458320251101;2025-11-01;35;7598262;0
22559;356400681990220251201;2025-12-01;35;7598262;0
16263;356400685654920260101;2026-01-01;35;7598262;0
10101;356400691389720260201;2026-02-01;35;7598262;0
4329;3564007191588320260301;2026-03-01;35;25141458;0
28876;356400778458420251101;2025-11-01;35;25141458;0
22557;356400781990020251201;2025-12-01;35;25141458;0
16316;356400785982420260101;2026-01-01;35;25141458;0
10104;356400791390020260201;2026-02-01;35;25141458;0
28877;356400878458520251101;2025-11-01;35;91906130;0
22541;356400881988420251201;2025-12-01;35;91906130;0
16262;356400885654820260101;2026-01-01;35;91906130;0
10055;356400891385020260201;2026-02-01;35;91906130;0
28878;356400978458620251101;2025-11-01;35;2323907;0
22562;356400981990520251201;2025-12-01;35;2323907;0
4349;3564010191591420260301;2026-03-01;35;10622527;0
1111;3564010193405720260401;2026-04-01;35;10622527;0
28879;356401078458720251101;2025-11-01;35;10622527;0
22543;356401081988620251201;2025-12-01;35;10622527;0
16239;356401084726920260101;2026-01-01;35;10622527;0
10063;356401091385820260201;2026-02-01;35;10622527;0
4354;3564011191592220260301;2026-03-01;35;100212654;0
1107;3564011193405320260401;2026-04-01;35;100212654;0
28880;356401178458820251101;2025-11-01;35;100212654;0
22532;356401181987520251201;2025-12-01;35;100212654;0
16237;356401184726720260101;2026-01-01;35;100212654;0
10089;356401191388520260201;2026-02-01;35;100212654;0
4352;3564012191591920260301;2026-03-01;35;9258361;0
28881;356401278458920251101;2025-11-01;35;9258361;0
22542;356401281988520251201;2025-12-01;35;9258361;0
16244;356401284727420260101;2026-01-01;35;9258361;0
10093;356401291388920260201;2026-02-01;35;9258361;0
4299;3564013191584020260301;2026-03-01;35;68759886;0
1119;3564013193555420260401;2026-04-01;35;68759886;0
28882;356401378459020251101;2025-11-01;35;68759886;0
22540;356401381988320251201;2025-12-01;35;68759886;0
16288;356401385657420260101;2026-01-01;35;68759886;0
10053;356401391384820260201;2026-02-01;35;68759886;0
4351;3564014191591720260301;2026-03-01;35;72897627;0
28883;356401478459120251101;2025-11-01;35;72897627;0
22538;356401481988120251201;2025-12-01;35;72897627;0
16240;356401484727020260101;2026-01-01;35;72897627;0
10056;356401491385120260201;2026-02-01;35;72897627;0
4293;3564015191583220260301;2026-03-01;35;104426250;0
1117;3564015193554920260401;2026-04-01;35;104426250;0
28884;356401578459220251101;2025-11-01;35;104426250;0
22531;356401581987420251201;2025-12-01;35;104426250;0
16277;356401585656320260101;2026-01-01;35;104426250;0
10052;356401591384720260201;2026-02-01;35;104426250;0
4316;3564016191586620260301;2026-03-01;35;102961972;0
1110;3564016193405620260401;2026-04-01;35;102961972;0
28885;356401678459320251101;2025-11-01;35;102961972;0
22537;356401681988020251201;2025-12-01;35;102961972;0
16243;356401684727320260101;2026-01-01;35;102961972;0
10088;356401691388420260201;2026-02-01;35;102961972;0
4348;3564017191591120260301;2026-03-01;35;34300384;0
1095;3564017193404120260401;2026-04-01;35;34300384;0
28886;356401778459420251101;2025-11-01;35;34300384;0
22544;356401781988720251201;2025-12-01;35;34300384;0
16241;356401784727120260101;2026-01-01;35;34300384;0
10060;356401791385520260201;2026-02-01;35;34300384;0
4350;3564018191591520260301;2026-03-01;35;36435392;0
28887;356401878459520251101;2025-11-01;35;36435392;0
22535;356401881987820251201;2025-12-01;35;36435392;0
16245;356401884727520260101;2026-01-01;35;36435392;0
10095;356401891389120260201;2026-02-01;35;36435392;0
4353;3564019191592120260301;2026-03-01;35;106652923;0
1113;3564019193405920260401;2026-04-01;35;106652923;0
28888;356401978459620251101;2025-11-01;35;106652923;0
22530;356401981987320251201;2025-12-01;35;106652923;0
16270;356401985655620260101;2026-01-01;35;106652923;0
10047;356401991384220260201;2026-02-01;35;106652923;0
4347;3564020191591020260301;2026-03-01;35;49047779;0
1106;3564020193405220260401;2026-04-01;35;49047779;0
28889;356402078459720251101;2025-11-01;35;49047779;0
22539;356402081988220251201;2025-12-01;35;49047779;0
16242;356402084727220260101;2026-01-01;35;49047779;0
10092;356402091388820260201;2026-02-01;35;49047779;0
4399;3564142520260301;2026-03-01;35;100170154978;0
4395;3564202620260301;2026-03-01;35;100166796340;0
35732;3564292120251001;2025-10-01;35;100237603000;0
4385;3564482520260301;2026-03-01;35;100157219395;0
4390;3564552520260301;2026-03-01;35;100163377240;0
4401;3564582620260301;2026-03-01;35;100172944356;0
4392;3564622720260301;2026-03-01;35;100163954077;0
4404;3564782420260301;2026-03-01;35;100175269307;0
35628;3564962220251001;2025-10-01;35;100236189235;0
35614;3565002220251001;2025-10-01;35;100236188751;0
4398;3565052520260301;2026-03-01;35;100170154730;0
28893;356521878902420251101;2025-11-01;35;49180380;0
22778;356521882289920251201;2025-12-01;35;49180380;0
28894;356521978902520251101;2025-11-01;35;51056259;0
22789;356521982291020251201;2025-12-01;35;51056259;0
28895;356522078902620251101;2025-11-01;35;51053772;0
28896;356522178902720251101;2025-11-01;35;52838510;0
22909;356522182998820251201;2025-12-01;35;52838510;0
28897;356522278902820251101;2025-11-01;35;49526707;0
22773;356522282289320251201;2025-12-01;35;49526707;0
28898;356522378902920251101;2025-11-01;35;52679586;0
22759;356522382287920251201;2025-12-01;35;52679586;0
28899;356522478903020251101;2025-11-01;35;55170331;0
22781;356522482290220251201;2025-12-01;35;55170331;0
28900;356522578903120251101;2025-11-01;35;52703509;0
22782;356522582290320251201;2025-12-01;35;52703509;0
28901;356522678903220251101;2025-11-01;35;49752952;0
28902;356522778903320251101;2025-11-01;35;50702963;0
22787;356522782290820251201;2025-12-01;35;50702963;0
28903;356522878903420251101;2025-11-01;35;51059622;0
28904;356522978903520251101;2025-11-01;35;48339156;0
22796;356522982291720251201;2025-12-01;35;48339156;0
28905;356523078903620251101;2025-11-01;35;2174719;0
22834;356523082295520251201;2025-12-01;35;2174719;0
28906;356523178903720251101;2025-11-01;35;56226136;0
22768;356523182288820251201;2025-12-01;35;56226136;0
28907;356523278903820251101;2025-11-01;35;24093343;0
22830;356523282295120251201;2025-12-01;35;24093343;0
28908;356523378903920251101;2025-11-01;35;43700331;0
28909;356523478904020251101;2025-11-01;35;57837465;0
22800;356523482292120251201;2025-12-01;35;57837465;0
28911;356523578904220251101;2025-11-01;35;41549899;0
22806;356523582292720251201;2025-12-01;35;41549899;0
28912;356523678904320251101;2025-11-01;35;48300454;0
22792;356523682291320251201;2025-12-01;35;48300454;0
28913;356523778904420251101;2025-11-01;35;27279693;0
22828;356523782294920251201;2025-12-01;35;27279693;0
28914;356523878904520251101;2025-11-01;35;45506205;0
22807;356523882292820251201;2025-12-01;35;45506205;0
28915;356523978904620251101;2025-11-01;35;81349807;0
22701;356523982282020251201;2025-12-01;35;81349807;0
28916;356524078904720251101;2025-11-01;35;75886090;0
28917;356524178904820251101;2025-11-01;35;72783214;0
22747;356524182286620251201;2025-12-01;35;72783214;0
28918;356524278904920251101;2025-11-01;35;83930531;0
22700;356524282281920251201;2025-12-01;35;83930531;0
28919;356524378905020251101;2025-11-01;35;80037330;0
22710;356524382282920251201;2025-12-01;35;80037330;0
28920;356524478905120251101;2025-11-01;35;71878700;0
22757;356524482287720251201;2025-12-01;35;71878700;0
28921;356524578905220251101;2025-11-01;35;85403512;0
22696;356524582281520251201;2025-12-01;35;85403512;0
28923;356524678905420251101;2025-11-01;35;64519210;0
22745;356524682286420251201;2025-12-01;35;64519210;0
28924;356524778905520251101;2025-11-01;35;48096989;0
28925;356524878905620251101;2025-11-01;35;87624702;0
22692;356524882281120251201;2025-12-01;35;87624702;0
28926;356524978905720251101;2025-11-01;35;66167418;0
22721;356524982284020251201;2025-12-01;35;66167418;0
28927;356525078905820251101;2025-11-01;35;60413522;0
22737;356525082285620251201;2025-12-01;35;60413522;0
28928;356525178905920251101;2025-11-01;35;63043611;0
22751;356525182287020251201;2025-12-01;35;63043611;0
28929;356525278906020251101;2025-11-01;35;65913353;0
22741;356525282286020251201;2025-12-01;35;65913353;0
28930;356525378906120251101;2025-11-01;35;65757041;0
22743;356525382286220251201;2025-12-01;35;65757041;0
28931;356525478906220251101;2025-11-01;35;68627378;0
28932;356525578906320251101;2025-11-01;35;68549318;0
22727;356525582284620251201;2025-12-01;35;68549318;0
28933;356525678906420251101;2025-11-01;35;68473567;0
22734;356525682285320251201;2025-12-01;35;68473567;0
28934;356525778906520251101;2025-11-01;35;68755465;0
22717;356525782283620251201;2025-12-01;35;68755465;0
28935;356525878906620251101;2025-11-01;35;65827236;0
22738;356525882285720251201;2025-12-01;35;65827236;0
28937;356525978906820251101;2025-11-01;35;90198549;0
28938;356526078906920251101;2025-11-01;35;121657426;0
22709;356526082282820251201;2025-12-01;35;121657426;0
28939;356526178907120251101;2025-11-01;35;200076664;0
22673;356526182279120251201;2025-12-01;35;200076664;0
28940;356526278907220251101;2025-11-01;35;200097416;0
28941;356526378907320251101;2025-11-01;35;121996409;0
22711;356526382283020251201;2025-12-01;35;121996409;0
28942;356526478907420251101;2025-11-01;35;200097415;0
22670;356526482278820251201;2025-12-01;35;200097415;0
28943;356526578907520251101;2025-11-01;35;200097420;0
22675;356526582279320251201;2025-12-01;35;200097420;0
28944;356526678907620251101;2025-11-01;35;200333051;0
22660;356526682277720251201;2025-12-01;35;200333051;0
28945;356526778907720251101;2025-11-01;35;200012115;0
28946;356526878907820251101;2025-11-01;35;200003822;0
22667;356526882278520251201;2025-12-01;35;200003822;0
28947;356526978907920251101;2025-11-01;35;90037227;0
22687;356526982280620251201;2025-12-01;35;90037227;0
28948;356527078908020251101;2025-11-01;35;116263334;0
22679;356527082279720251201;2025-12-01;35;116263334;0
28949;356527178908120251101;2025-11-01;35;117525430;0
22681;356527182279920251201;2025-12-01;35;117525430;0
28950;356527278908220251101;2025-11-01;35;111451523;0
22689;356527282280820251201;2025-12-01;35;111451523;0
28951;356527378908520251101;2025-11-01;35;117824852;0
22678;356527382279620251201;2025-12-01;35;117824852;0
28952;356527478908620251101;2025-11-01;35;202574552;0
22613;356527482272820251201;2025-12-01;35;202574552;0
28953;356527578908720251101;2025-11-01;35;113675763;0
22685;356527582280420251201;2025-12-01;35;113675763;0
28954;356527678908820251101;2025-11-01;35;202603715;0
22622;356527682273820251201;2025-12-01;35;202603715;0
28955;356527778908920251101;2025-11-01;35;203616709;0
22609;356527782272420251201;2025-12-01;35;203616709;0
28956;356527878909020251101;2025-11-01;35;203627172;0
22601;356527882271520251201;2025-12-01;35;203627172;0
4624;3565279193073320260301;2026-03-01;35;BTE0015624;0
28957;356527978909120251101;2025-11-01;35;BTE0015624;0
22875;356527982995420251201;2025-12-01;35;BTE0015624;0
28958;356528078909220251101;2025-11-01;35;202796745;0
22614;356528082272920251201;2025-12-01;35;202796745;0
28959;356528178909320251101;2025-11-01;35;203173538;0
22607;356528182272220251201;2025-12-01;35;203173538;0
28960;356528278909420251101;2025-11-01;35;202434943;0
22618;356528282273320251201;2025-12-01;35;202434943;0
28961;356528378909520251101;2025-11-01;35;203121916;0
22602;356528382271620251201;2025-12-01;35;203121916;0
28962;356528478909620251101;2025-11-01;35;201449535;0
22645;356528482276220251201;2025-12-01;35;201449535;0
28963;356528578909720251101;2025-11-01;35;200509227;0
22652;356528582276920251201;2025-12-01;35;200509227;0
28964;356528678909820251101;2025-11-01;35;203806717;0
22610;356528682272520251201;2025-12-01;35;203806717;0
28965;356528778909920251101;2025-11-01;35;200394919;0
22659;356528782277620251201;2025-12-01;35;200394919;0
28966;356528878910020251101;2025-11-01;35;201658511;0
28967;356528978910120251101;2025-11-01;35;200449537;0
22893;356528982997220251201;2025-12-01;35;200449537;0
28968;356529078910220251101;2025-11-01;35;200565375;0
28969;356529178910320251101;2025-11-01;35;200709319;0
22638;356529182275520251201;2025-12-01;35;200709319;0
28970;356529278910420251101;2025-11-01;35;200792070;0
22644;356529282276120251201;2025-12-01;35;200792070;0
28971;356529378910520251101;2025-11-01;35;202121310;0
22632;356529382274820251201;2025-12-01;35;202121310;0
35509;3565392220251001;2025-10-01;35;100181303465;0
4396;3565702520260301;2026-03-01;35;100167014230;0
35768;3565712220251001;2025-10-01;35;100237615203;0
4383;3565722420260301;2026-03-01;35;100154863323;0
4394;3565822420260301;2026-03-01;35;100166469595;0
28972;356821779639220251101;2025-11-01;35;201584169;0
22637;356821782275420251201;2025-12-01;35;201584169;0
28973;356821879639320251101;2025-11-01;35;54708613;0
22916;356821882999520251201;2025-12-01;35;54708613;0
28974;356821979639420251101;2025-11-01;35;64053075;0
22742;356821982286120251201;2025-12-01;35;64053075;0
28975;356822079639520251101;2025-11-01;35;60545038;0
22748;356822082286720251201;2025-12-01;35;60545038;0
28976;356822179639720251101;2025-11-01;35;79816801;0
22707;356822182282620251201;2025-12-01;35;79816801;0
28977;356822279639820251101;2025-11-01;35;200016326;0
22662;356822282277920251201;2025-12-01;35;200016326;0
28978;356822379639920251101;2025-11-01;35;201898154;0
22651;356822382276820251201;2025-12-01;35;201898154;0
28980;356822479640220251101;2025-11-01;35;50711687;0
22780;356822482290120251201;2025-12-01;35;50711687;0
28981;356822579640320251101;2025-11-01;35;203439866;0
22600;356822582271320251201;2025-12-01;35;203439866;0
28982;356822679640420251101;2025-11-01;35;202277040;0
22628;356822682274420251201;2025-12-01;35;202277040;0
28983;356822779640520251101;2025-11-01;35;122852010;0
22658;356822782277520251201;2025-12-01;35;122852010;0
28984;356822879640620251101;2025-11-01;35;68604521;0
22726;356822882284520251201;2025-12-01;35;68604521;0
28985;356822979640720251101;2025-11-01;35;48366102;0
22798;356822982291920251201;2025-12-01;35;48366102;0
28986;356823079640820251101;2025-11-01;35;60035617;0
22797;356823082291820251201;2025-12-01;35;60035617;0
28987;356823179640920251101;2025-11-01;35;69836353;0
22715;356823182283420251201;2025-12-01;35;69836353;0
28988;356823279641020251101;2025-11-01;35;63648369;0
22746;356823282286520251201;2025-12-01;35;63648369;0
28989;356823379641120251101;2025-11-01;35;48180963;0
22821;356823382294220251201;2025-12-01;35;48180963;0
28990;356823479641320251101;2025-11-01;35;60285001;0
22750;356823482286920251201;2025-12-01;35;60285001;0
28991;356823579641420251101;2025-11-01;35;69074585;0
22716;356823582283520251201;2025-12-01;35;69074585;0
28992;356823679641520251101;2025-11-01;35;202032813;0
22654;356823682277120251201;2025-12-01;35;202032813;0
28993;356823779641620251101;2025-11-01;35;39217710;0
22831;356823782295220251201;2025-12-01;35;39217710;0
28994;356823879641720251101;2025-11-01;35;202215330;0
22631;356823882274720251201;2025-12-01;35;202215330;0
28995;356823979641820251101;2025-11-01;35;46172181;0
22845;356823982296620251201;2025-12-01;35;46172181;0
28996;356824079641920251101;2025-11-01;35;60311169;0
22755;356824082287520251201;2025-12-01;35;60311169;0
28997;356824179642020251101;2025-11-01;35;84711779;0
22694;356824182281320251201;2025-12-01;35;84711779;0
28998;356824279642120251101;2025-11-01;35;48024082;0
22840;356824282296120251201;2025-12-01;35;48024082;0
28999;356824379642220251101;2025-11-01;35;67167195;0
22725;356824382284420251201;2025-12-01;35;67167195;0
29001;356824479642420251101;2025-11-01;35;89123638;0
22680;356824482279820251201;2025-12-01;35;89123638;0
29002;356824579642520251101;2025-11-01;35;24908045;0
22927;356824583000620251201;2025-12-01;35;24908045;0
29003;356824679642620251101;2025-11-01;35;112292658;0
22686;356824682280520251201;2025-12-01;35;112292658;0
29004;356824779642720251101;2025-11-01;35;50705628;0
22784;356824782290520251201;2025-12-01;35;50705628;0
29005;356824879642820251101;2025-11-01;35;65778421;0
22744;356824882286320251201;2025-12-01;35;65778421;0
29006;356824979642920251101;2025-11-01;35;68627831;0
22724;356824982284320251201;2025-12-01;35;68627831;0
29007;356825079643120251101;2025-11-01;35;45655596;0
22809;356825082293020251201;2025-12-01;35;45655596;0
29008;356825179643220251101;2025-11-01;35;52592976;0
22859;356825182298020251201;2025-12-01;35;52592976;0
4291;3568252191582920260301;2026-03-01;35;6054064;0
29009;356825279643320251101;2025-11-01;35;6054064;0
22853;356825282297420251201;2025-12-01;35;6054064;0
16252;356825285653820260101;2026-01-01;35;6054064;0
10043;356825291383820260201;2026-02-01;35;6054064;0
29010;356825379643420251101;2025-11-01;35;47466601;0
22858;356825382297920251201;2025-12-01;35;47466601;0
29011;356825479643520251101;2025-11-01;35;3160874;0
22855;356825482297620251201;2025-12-01;35;3160874;0
4321;3568255191587420260301;2026-03-01;35;18155222;0
29012;356825579643620251101;2025-11-01;35;18155222;0
22985;356825584313320251201;2025-12-01;35;18155222;0
16318;356825585982620260101;2026-01-01;35;18155222;0
10041;356825591383620260201;2026-02-01;35;18155222;0
4343;3568256191590220260301;2026-03-01;35;44272873;0
29013;356825679643720251101;2025-11-01;35;44272873;0
22866;356825682298720251201;2025-12-01;35;44272873;0
16310;356825685981820260101;2026-01-01;35;44272873;0
10103;356825691389920260201;2026-02-01;35;44272873;0
29014;356825779643820251101;2025-11-01;35;57103264;0
22857;356825782297820251201;2025-12-01;35;57103264;0
16259;356825785654520260101;2026-01-01;35;57103264;0
10086;356825791388120260201;2026-02-01;35;57103264;0
4327;3568258191588120260301;2026-03-01;35;24806570;0
29015;356825879643920251101;2025-11-01;35;24806570;0
22986;356825884313420251201;2025-12-01;35;24806570;0
16327;356825885983520260101;2026-01-01;35;24806570;0
10070;356825891386520260201;2026-02-01;35;24806570;0
4344;3568259191590420260301;2026-03-01;35;52306825;0
29016;356825979644020251101;2025-11-01;35;52306825;0
22963;356825984311120251201;2025-12-01;35;52306825;0
16306;356825985981420260101;2026-01-01;35;52306825;0
10073;356825991386820260201;2026-02-01;35;52306825;0
4341;3568260191590020260301;2026-03-01;35;56361367;0
29017;356826079644120251101;2025-11-01;35;56361367;0
22960;356826084310820251201;2025-12-01;35;56361367;0
16251;356826085653720260101;2026-01-01;35;56361367;0
10084;356826091387920260201;2026-02-01;35;56361367;0
4267;3568261191578720260301;2026-03-01;35;23224887;0
29018;356826179644220251101;2025-11-01;35;23224887;0
22973;356826184312120251201;2025-12-01;35;23224887;0
16343;356826186858220260101;2026-01-01;35;23224887;0
10012;356826191380720260201;2026-02-01;35;23224887;0
29019;356826279644320251101;2025-11-01;35;26650550;0
22988;356826284313620251201;2025-12-01;35;26650550;0
4331;3568263191588620260301;2026-03-01;35;28359969;0
29021;356826379644520251101;2025-11-01;35;28359969;0
22965;356826384311320251201;2025-12-01;35;28359969;0
16260;356826385654620260101;2026-01-01;35;28359969;0
10085;356826391388020260201;2026-02-01;35;28359969;0
4288;3568264191582420260301;2026-03-01;35;9364064;0
29023;356826479644720251101;2025-11-01;35;9364064;0
22854;356826482297520251201;2025-12-01;35;9364064;0
16326;356826485983420260101;2026-01-01;35;9364064;0
10032;356826491382720260201;2026-02-01;35;9364064;0
29025;356826579644920251101;2025-11-01;35;53556868;0
23009;356826584315720251201;2025-12-01;35;53556868;0
1098;3568266193404420260401;2026-04-01;35;21215960;0
29026;356826679645020251101;2025-11-01;35;21215960;0
22533;356826681987620251201;2025-12-01;35;21215960;0
16300;356826685658620260101;2026-01-01;35;21215960;0
10094;356826691389020260201;2026-02-01;35;21215960;0
4301;3568267191584220260301;2026-03-01;35;77519701;0
1094;3568267193404020260401;2026-04-01;35;77519701;0
29027;356826779645120251101;2025-11-01;35;77519701;0
22573;356826782268620251201;2025-12-01;35;77519701;0
16289;356826785657520260101;2026-01-01;35;77519701;0
10013;356826791380820260201;2026-02-01;35;77519701;0
4309;3568268191585320260301;2026-03-01;35;104144327;0
29028;356826879645220251101;2025-11-01;35;104144327;0
22590;356826882270320251201;2025-12-01;35;104144327;0
16284;356826885657020260101;2026-01-01;35;104144327;0
10036;356826891383120260201;2026-02-01;35;104144327;0
4318;3568269191587020260301;2026-03-01;35;32761201;0
1097;3568269193404320260401;2026-04-01;35;32761201;0
29029;356826979645320251101;2025-11-01;35;32761201;0
22577;356826982269020251201;2025-12-01;35;32761201;0
16301;356826985658720260101;2026-01-01;35;32761201;0
10091;356826991388720260201;2026-02-01;35;32761201;0
4269;3568270191579120260301;2026-03-01;35;107924412;0
29031;356827079645620251101;2025-11-01;35;107924412;0
22592;356827082270520251201;2025-12-01;35;107924412;0
16265;356827085655120260101;2026-01-01;35;107924412;0
10038;356827091383320260201;2026-02-01;35;107924412;0
29032;356827179645720251101;2025-11-01;35;13703625;0
23021;356827184316920251201;2025-12-01;35;13703625;0
16294;356827185658020260101;2026-01-01;35;13703625;0
10048;356827191384320260201;2026-02-01;35;13703625;0
4372;3568272192120420260301;2026-03-01;35;104956755;0
29033;356827279645820251101;2025-11-01;35;104956755;0
23000;356827284314820251201;2025-12-01;35;104956755;0
16371;356827287876520260101;2026-01-01;35;104956755;0
10003;356827291379820260201;2026-02-01;35;104956755;0
29034;356827379645920251101;2025-11-01;35;102326142;0
22588;356827382270120251201;2025-12-01;35;102326142;0
16273;356827385655920260101;2026-01-01;35;102326142;0
10026;356827391382120260201;2026-02-01;35;102326142;0
4279;3568274191580920260301;2026-03-01;35;106454714;0
29037;356827479646320251101;2025-11-01;35;106454714;0
23002;356827484315020251201;2025-12-01;35;106454714;0
16358;356827487875220260101;2026-01-01;35;106454714;0
9997;356827491379220260201;2026-02-01;35;106454714;0
29042;356884479825220251101;2025-11-01;35;69447659;0
22722;356884482284120251201;2025-12-01;35;69447659;0
29043;356884579825320251101;2025-11-01;35;69904448;0
22714;356884582283320251201;2025-12-01;35;69904448;0
29044;356884679825420251101;2025-11-01;35;50268112;0
22779;356884682290020251201;2025-12-01;35;50268112;0
29046;356884779825620251101;2025-11-01;35;BTE0017897;0
22595;356884782270820251201;2025-12-01;35;BTE0017897;0
29047;356884879825720251101;2025-11-01;35;113345321;0
22690;356884882280920251201;2025-12-01;35;113345321;0
29048;356884979825820251101;2025-11-01;35;47106620;0
22847;356884982296820251201;2025-12-01;35;47106620;0
29049;356885079825920251101;2025-11-01;35;70201013;0
22756;356885082287620251201;2025-12-01;35;70201013;0
22702;356885182282120251201;2025-12-01;35;73475173;0
29051;356885279826120251101;2025-11-01;35;56871155;0
22766;356885282288620251201;2025-12-01;35;56871155;0
29052;356885379826220251101;2025-11-01;35;68627238;0
22718;356885382283720251201;2025-12-01;35;68627238;0
29053;356885479826320251101;2025-11-01;35;110163303;0
22682;356885482280020251201;2025-12-01;35;110163303;0
29054;356885579826420251101;2025-11-01;35;24463183;0
22825;356885582294620251201;2025-12-01;35;24463183;0
29055;356885679826520251101;2025-11-01;35;200015442;0
22868;356885682656220251201;2025-12-01;35;200015442;0
29056;356885779826620251101;2025-11-01;35;202062454;0
22636;356885782275320251201;2025-12-01;35;202062454;0
29058;356885879826820251101;2025-11-01;35;56103859;0
22761;356885882288120251201;2025-12-01;35;56103859;0
29057;356885979826720251101;2025-11-01;35;66357063;0
22729;356885982284820251201;2025-12-01;35;66357063;0
29059;356886079826920251101;2025-11-01;35;32280211;0
22823;356886082294420251201;2025-12-01;35;32280211;0
29060;356886179827020251101;2025-11-01;35;45368007;0
22811;356886182293220251201;2025-12-01;35;45368007;0
29061;356886279827120251101;2025-11-01;35;116503165;0
22677;356886282279520251201;2025-12-01;35;116503165;0
29062;356886379827220251101;2025-11-01;35;67052886;0
22731;356886382285020251201;2025-12-01;35;67052886;0
29063;356886479827320251101;2025-11-01;35;24460583;0
22826;356886482294720251201;2025-12-01;35;24460583;0
29064;356886579827420251101;2025-11-01;35;2633647;0
22833;356886582295420251201;2025-12-01;35;2633647;0
29065;356886679827520251101;2025-11-01;35;202781316;0
22615;356886682273020251201;2025-12-01;35;202781316;0
29066;356886779827620251101;2025-11-01;35;202314456;0
22625;356886782274120251201;2025-12-01;35;202314456;0
29067;356886879827720251101;2025-11-01;35;56157819;0
22776;356886882289620251201;2025-12-01;35;56157819;0
29068;356886979827820251101;2025-11-01;35;82906424;0
22699;356886982281820251201;2025-12-01;35;82906424;0
29070;356887079828020251101;2025-11-01;35;200439113;0
22646;356887082276320251201;2025-12-01;35;200439113;0
29071;356887179828120251101;2025-11-01;35;54747996;0
22758;356887182287820251201;2025-12-01;35;54747996;0
29072;356887279828220251101;2025-11-01;35;47680075;0
22837;356887282295820251201;2025-12-01;35;47680075;0
29073;356887379828320251101;2025-11-01;35;47102934;0
22846;356887382296720251201;2025-12-01;35;47102934;0
29074;356887479828420251101;2025-11-01;35;80735312;0
22703;356887482282220251201;2025-12-01;35;80735312;0
29075;356887579828520251101;2025-11-01;35;49339656;0
22785;356887582290620251201;2025-12-01;35;49339656;0
29076;356887679828620251101;2025-11-01;35;61640395;0
22754;356887682287420251201;2025-12-01;35;61640395;0
29077;356887879828820251101;2025-11-01;35;67365353;0
22720;356887882283920251201;2025-12-01;35;67365353;0
29078;356888179829120251101;2025-11-01;35;67048617;0
22735;356888182285420251201;2025-12-01;35;67048617;0
29079;356888279829220251101;2025-11-01;35;44152949;0
22813;356888282293420251201;2025-12-01;35;44152949;0
29080;356888379829320251101;2025-11-01;35;29079187;0
22819;356888382294020251201;2025-12-01;35;29079187;0
29081;356888479829420251101;2025-11-01;35;46631780;0
22838;356888482295920251201;2025-12-01;35;46631780;0
29082;356888579829520251101;2025-11-01;35;68712626;0
22723;356888582284220251201;2025-12-01;35;68712626;0
29083;356888679829620251101;2025-11-01;35;200980618;0
22641;356888682275820251201;2025-12-01;35;200980618;0
29084;356888779829720251101;2025-11-01;35;48004413;0
22835;356888782295620251201;2025-12-01;35;48004413;0
29085;356888879829820251101;2025-11-01;35;200014995;0
22661;356888882277820251201;2025-12-01;35;200014995;0
29087;356889079830120251101;2025-11-01;35;44470151;0
22802;356889082292320251201;2025-12-01;35;44470151;0
29088;356889179830220251101;2025-11-01;35;45515930;0
22803;356889182292420251201;2025-12-01;35;45515930;0
29089;356889279830320251101;2025-11-01;35;82348111;0
22704;356889282282320251201;2025-12-01;35;82348111;0
29090;356889379830420251101;2025-11-01;35;200163022;0
22676;356889382279420251201;2025-12-01;35;200163022;0
29091;356889479830520251101;2025-11-01;35;63243628;0
22739;356889482285820251201;2025-12-01;35;63243628;0
29092;356889579830620251101;2025-11-01;35;125343493;0
22668;356889582278620251201;2025-12-01;35;125343493;0
29093;356889679830720251101;2025-11-01;35;89086546;0
22691;356889682281020251201;2025-12-01;35;89086546;0
29094;356889779830920251101;2025-11-01;35;32684061;0
22820;356889782294120251201;2025-12-01;35;32684061;0
29095;356890079831220251101;2025-11-01;35;51897030;0
22862;356890082298320251201;2025-12-01;35;51897030;0
4336;3568901191589120260301;2026-03-01;35;44370964;0
29096;356890179831320251101;2025-11-01;35;44370964;0
22863;356890182298420251201;2025-12-01;35;44370964;0
16312;356890185982020260101;2026-01-01;35;44370964;0
10074;356890191386920260201;2026-02-01;35;44370964;0
4319;3568902191587120260301;2026-03-01;35;22951734;0
29097;356890279831420251101;2025-11-01;35;22951734;0
22967;356890284311520251201;2025-12-01;35;22951734;0
16317;356890285982520260101;2026-01-01;35;22951734;0
10039;356890291383420260201;2026-02-01;35;22951734;0
4290;3568905191582820260301;2026-03-01;35;4661109;0
29099;356890579831820251101;2025-11-01;35;4661109;0
22982;356890584313020251201;2025-12-01;35;4661109;0
16266;356890585655220260101;2026-01-01;35;4661109;0
10076;356890591387120260201;2026-02-01;35;4661109;0
4378;3568906192121020260301;2026-03-01;35;3954986;0
29100;356890679831920251101;2025-11-01;35;3954986;0
22865;356890682298620251201;2025-12-01;35;3954986;0
16329;356890685983720260101;2026-01-01;35;3954986;0
10029;356890691382420260201;2026-02-01;35;3954986;0
4326;3568907191588020260301;2026-03-01;35;6116809;0
29102;356890779832120251101;2025-11-01;35;6116809;0
22957;356890784310520251201;2025-12-01;35;6116809;0
16330;356890785983820260101;2026-01-01;35;6116809;0
10087;356890791388220260201;2026-02-01;35;6116809;0
4289;3568908191582620260301;2026-03-01;35;47592798;0
29103;356890879832220251101;2025-11-01;35;47592798;0
22984;356890884313220251201;2025-12-01;35;47592798;0
16313;356890885982120260101;2026-01-01;35;47592798;0
10021;356890891381620260201;2026-02-01;35;47592798;0
4264;3568909191578320260301;2026-03-01;35;20481269;0
29104;356890979832320251101;2025-11-01;35;20481269;0
22994;356890984314220251201;2025-12-01;35;20481269;0
16321;356890985982920260101;2026-01-01;35;20481269;0
10019;356890991381420260201;2026-02-01;35;20481269;0
29105;356891079832420251101;2025-11-01;35;52655323;0
22852;356891082297320251201;2025-12-01;35;52655323;0
29110;356891279833020251101;2025-11-01;35;54421462;0
23018;356891284316620251201;2025-12-01;35;54421462;0
16276;356891285656220260101;2026-01-01;35;54421462;0
10044;356891291383920260201;2026-02-01;35;54421462;0
29111;356891379833120251101;2025-11-01;35;85036994;0
23008;356891384315620251201;2025-12-01;35;85036994;0
16267;356891385655320260101;2026-01-01;35;85036994;0
10030;356891391382520260201;2026-02-01;35;85036994;0
4303;3568914191584420260301;2026-03-01;35;281140;0
3243;3568914194025820260401;2026-04-01;35;281140;0
29112;356891479833220251101;2025-11-01;35;281140;0
22584;356891482269720251201;2025-12-01;35;281140;0
16302;356891485658820260101;2026-01-01;35;281140;0
10065;356891491386020260201;2026-02-01;35;281140;0
4300;3568915191584120260301;2026-03-01;35;1708490;0
1096;3568915193404220260401;2026-04-01;35;1708490;0
29114;356891579833420251101;2025-11-01;35;1708490;0
22587;356891582270020251201;2025-12-01;35;1708490;0
16296;356891585658220260101;2026-01-01;35;1708490;0
10068;356891591386320260201;2026-02-01;35;1708490;0
4305;3568916191584620260301;2026-03-01;35;5382939;0
29113;356891679833320251101;2025-11-01;35;5382939;0
22582;356891682269520251201;2025-12-01;35;5382939;0
16298;356891685658420260101;2026-01-01;35;5382939;0
10057;356891691385220260201;2026-02-01;35;5382939;0
29116;356891779833620251101;2025-11-01;35;4656490;0
22545;356891781988820251201;2025-12-01;35;4656490;0
16290;356891785657620260101;2026-01-01;35;4656490;0
10066;356891791386120260201;2026-02-01;35;4656490;0
4317;3568918191586820260301;2026-03-01;35;108799069;0
29117;356891879833720251101;2025-11-01;35;108799069;0
22589;356891882270220251201;2025-12-01;35;108799069;0
16257;356891885654320260101;2026-01-01;35;108799069;0
10028;356891891382320260201;2026-02-01;35;108799069;0
4308;3568919191585120260301;2026-03-01;35;97614793;0
29118;356891979833820251101;2025-11-01;35;97614793;0
22975;356891984312320251201;2025-12-01;35;97614793;0
16258;356891985654420260101;2026-01-01;35;97614793;0
10024;356891991381920260201;2026-02-01;35;97614793;0
29121;356892079834120251101;2025-11-01;35;84009705;0
23006;356892084315420251201;2025-12-01;35;84009705;0
16272;356892085655820260101;2026-01-01;35;84009705;0
10027;356892091382220260201;2026-02-01;35;84009705;0
29122;356892179834220251101;2025-11-01;35;2540924;0
23011;356892184315920251201;2025-12-01;35;2540924;0
16303;356892185658920260101;2026-01-01;35;2540924;0
10064;356892191385920260201;2026-02-01;35;2540924;0
4310;3568922191585620260301;2026-03-01;35;106312669;0
1099;3568922193404520260401;2026-04-01;35;106312669;0
29123;356892279834320251101;2025-11-01;35;106312669;0
22594;356892282270720251201;2025-12-01;35;106312669;0
16280;356892285656620260101;2026-01-01;35;106312669;0
10045;356892291384020260201;2026-02-01;35;106312669;0
4311;3568923191585720260301;2026-03-01;35;5247047;0
29124;356892379834420251101;2025-11-01;35;5247047;0
22583;356892382269620251201;2025-12-01;35;5247047;0
16281;356892385656720260101;2026-01-01;35;5247047;0
10034;356892391382920260201;2026-02-01;35;5247047;0
4304;3568924191584520260301;2026-03-01;35;36498068;0
1118;3568924193555120260401;2026-04-01;35;36498068;0
29125;356892479834520251101;2025-11-01;35;36498068;0
22536;356892481987920251201;2025-12-01;35;36498068;0
16238;356892484726820260101;2026-01-01;35;36498068;0
10096;356892491389220260201;2026-02-01;35;36498068;0
4313;3568925191586020260301;2026-03-01;35;1728750;0
1112;3568925193405820260401;2026-04-01;35;1728750;0
29126;356892579834720251101;2025-11-01;35;1728750;0
22580;356892582269320251201;2025-12-01;35;1728750;0
16292;356892585657820260101;2026-01-01;35;1728750;0
10033;356892591382820260201;2026-02-01;35;1728750;0
4295;3568926191583420260301;2026-03-01;35;84603879;0
29127;356892679834820251101;2025-11-01;35;84603879;0
22576;356892682268920251201;2025-12-01;35;84603879;0
16271;356892685655720260101;2026-01-01;35;84603879;0
10023;356892691381820260201;2026-02-01;35;84603879;0
4273;3568927191579820260301;2026-03-01;35;106426818;0
29128;356892779834920251101;2025-11-01;35;106426818;0
23023;356892784317120251201;2025-12-01;35;106426818;0
16352;356892787874620260101;2026-01-01;35;106426818;0
10010;356892791380520260201;2026-02-01;35;106426818;0
4314;3568929191586220260301;2026-03-01;35;71170448;0
29129;356892979835220251101;2025-11-01;35;71170448;0
22579;356892982269220251201;2025-12-01;35;71170448;0
16297;356892985658320260101;2026-01-01;35;71170448;0
10035;356892991383020260201;2026-02-01;35;71170448;0
4296;3568930191583620260301;2026-03-01;35;105456420;0
1103;3568930193404920260401;2026-04-01;35;105456420;0
29130;356893079835320251101;2025-11-01;35;105456420;0
22534;356893081987720251201;2025-12-01;35;105456420;0
16236;356893084726620260101;2026-01-01;35;105456420;0
10090;356893091388620260201;2026-02-01;35;105456420;0
4297;3568931191583820260301;2026-03-01;35;105222771;0
29131;356893179835420251101;2025-11-01;35;105222771;0
22593;356893182270620251201;2025-12-01;35;105222771;0
16282;356893185656820260101;2026-01-01;35;105222771;0
10040;356893191383520260201;2026-02-01;35;105222771;0
29132;356893279835520251101;2025-11-01;35;11589310;0
22585;356893282269820251201;2025-12-01;35;11589310;0
16293;356893285657920260101;2026-01-01;35;11589310;0
10054;356893291384920260201;2026-02-01;35;11589310;0
3244;3568933194025920260401;2026-04-01;35;100059384;0
29133;356893379835620251101;2025-11-01;35;100059384;0
22591;356893382270420251201;2025-12-01;35;100059384;0
16278;356893385656420260101;2026-01-01;35;100059384;0
10049;356893391384420260201;2026-02-01;35;100059384;0
4286;3568935191582120260301;2026-03-01;35;90814169;0
29139;356893579836320251101;2025-11-01;35;90814169;0
22976;356893584312420251201;2025-12-01;35;90814169;0
16341;356893586858020260101;2026-01-01;35;90814169;0
9984;356893591377920260201;2026-02-01;35;90814169;0
4306;3568938191584720260301;2026-03-01;35;50902725;0
29143;356893879836920251101;2025-11-01;35;50902725;0
22996;356893884314420251201;2025-12-01;35;50902725;0
16283;356893885656920260101;2026-01-01;35;50902725;0
10051;356893891384620260201;2026-02-01;35;50902725;0
4302;3568939191584320260301;2026-03-01;35;3866874;0
1101;3568939193404720260401;2026-04-01;35;3866874;0
29144;356893979837020251101;2025-11-01;35;3866874;0
22586;356893982269920251201;2025-12-01;35;3866874;0
16287;356893985657320260101;2026-01-01;35;3866874;0
10061;356893991385620260201;2026-02-01;35;3866874;0
4307;3568940191584820260301;2026-03-01;35;7801149;0
29149;356894079837520251101;2025-11-01;35;7801149;0
22581;356894082269420251201;2025-12-01;35;7801149;0
16285;356894085657120260101;2026-01-01;35;7801149;0
10031;356894091382620260201;2026-02-01;35;7801149;0
4371;3568942192120320260301;2026-03-01;35;94943834;0
29150;356894279837720251101;2025-11-01;35;94943834;0
22942;356894284309020251201;2025-12-01;35;94943834;0
16340;356894286857920260101;2026-01-01;35;94943834;0
9993;356894291378820260201;2026-02-01;35;94943834;0
4374;3568943192120620260301;2026-03-01;35;93224397;0
29151;356894379837820251101;2025-11-01;35;93224397;0
22959;356894384310720251201;2025-12-01;35;93224397;0
16376;356894387877020260101;2026-01-01;35;93224397;0
9998;356894391379320260201;2026-02-01;35;93224397;0
4285;3568944191582020260301;2026-03-01;35;81301324;0
29152;356894479837920251101;2025-11-01;35;81301324;0
22983;356894484313120251201;2025-12-01;35;81301324;0
16336;356894486857520260101;2026-01-01;35;81301324;0
9988;356894491378320260201;2026-02-01;35;81301324;0
4298;3568945191583920260301;2026-03-01;35;35068515;0
1100;3568945193404620260401;2026-04-01;35;35068515;0
29155;356894579838220251101;2025-11-01;35;35068515;0
22575;356894582268820251201;2025-12-01;35;35068515;0
16295;356894585658120260101;2026-01-01;35;35068515;0
10046;356894591384120260201;2026-02-01;35;35068515;0
4315;3568947191586420260301;2026-03-01;35;64020363;0
1093;3568947193403920260401;2026-04-01;35;64020363;0
29156;356894779838420251101;2025-11-01;35;64020363;0
22574;356894782268720251201;2025-12-01;35;64020363;0
16275;356894785656120260101;2026-01-01;35;64020363;0
10050;356894791384520260201;2026-02-01;35;64020363;0
4498;3572123193060720260301;2026-03-01;35;29210739;0
29161;357212380710020251101;2025-11-01;35;29210739;0
22954;357212384310220251201;2025-12-01;35;29210739;0
16364;357212387875820260101;2026-01-01;35;29210739;0
10116;357212392635420260201;2026-02-01;35;29210739;0
29162;357212480710120251101;2025-11-01;35;76316491;0
22947;357212484309520251201;2025-12-01;35;76316491;0
16374;357212487876820260101;2026-01-01;35;76316491;0
10122;357212492636620260201;2026-02-01;35;76316491;0
4732;3572125193086820260301;2026-03-01;35;75565676;0
29164;357212580710320251101;2025-11-01;35;75565676;0
22945;357212584309320251201;2025-12-01;35;75565676;0
16375;357212587876920260101;2026-01-01;35;75565676;0
10118;357212592635720260201;2026-02-01;35;75565676;0
4495;3572126193060420260301;2026-03-01;35;46624066;0
29165;357212680710420251101;2025-11-01;35;46624066;0
22993;357212684314120251201;2025-12-01;35;46624066;0
16362;357212687875620260101;2026-01-01;35;46624066;0
10108;357212692633820260201;2026-02-01;35;46624066;0
29166;357212780710520251101;2025-11-01;35;54185998;0
22949;357212784309720251201;2025-12-01;35;54185998;0
16382;357212787877620260101;2026-01-01;35;54185998;0
9999;357212791379420260201;2026-02-01;35;54185998;0
4494;3572128193060320260301;2026-03-01;35;54518091;0
29168;357212880710720251101;2025-11-01;35;54518091;0
22961;357212884310920251201;2025-12-01;35;54518091;0
16383;357212887877720260101;2026-01-01;35;54518091;0
10115;357212892635120260201;2026-02-01;35;54518091;0
4368;3572129192120020260301;2026-03-01;35;2025027;0
29170;357212980710920251101;2025-11-01;35;2025027;0
22962;357212984311020251201;2025-12-01;35;2025027;0
16385;357212987877920260101;2026-01-01;35;2025027;0
10123;357212992636720260201;2026-02-01;35;2025027;0
4502;3572130193061120260301;2026-03-01;35;107783525;0
29171;357213080711020251101;2025-11-01;35;107783525;0
22955;357213084310320251201;2025-12-01;35;107783525;0
16354;357213087874820260101;2026-01-01;35;107783525;0
10121;357213092636520260201;2026-02-01;35;107783525;0
4370;3572131192120220260301;2026-03-01;35;99490684;0
29172;357213180711120251101;2025-11-01;35;99490684;0
22966;357213184311420251201;2025-12-01;35;99490684;0
16372;357213187876620260101;2026-01-01;35;99490684;0
10111;357213192634420260201;2026-02-01;35;99490684;0
4367;3572132192119920260301;2026-03-01;35;7265492;0
29173;357213280711220251101;2025-11-01;35;7265492;0
22946;357213284309420251201;2025-12-01;35;7265492;0
16347;357213286858620260101;2026-01-01;35;7265492;0
10127;357213292637220260201;2026-02-01;35;7265492;0
4362;3572133192119420260301;2026-03-01;35;86264753;0
29175;357213380711420251101;2025-11-01;35;86264753;0
22948;357213384309620251201;2025-12-01;35;86264753;0
16367;357213387876120260101;2026-01-01;35;86264753;0
10110;357213392634220260201;2026-02-01;35;86264753;0
4500;3572134193060920260301;2026-03-01;35;104031239;0
29174;357213480711320251101;2025-11-01;35;104031239;0
22958;357213484310620251201;2025-12-01;35;104031239;0
16359;357213487875320260101;2026-01-01;35;104031239;0
10109;357213492634120260201;2026-02-01;35;104031239;0
4499;3572135193060820260301;2026-03-01;35;80724159;0
29179;357213580711820251101;2025-11-01;35;80724159;0
22951;357213584309920251201;2025-12-01;35;80724159;0
16333;357213586857220260101;2026-01-01;35;80724159;0
10117;357213592635520260201;2026-02-01;35;80724159;0
4366;3572136192119820260301;2026-03-01;35;88934969;0
29178;357213680711720251101;2025-11-01;35;88934969;0
22968;357213684311620251201;2025-12-01;35;88934969;0
16337;357213686857620260101;2026-01-01;35;88934969;0
10120;357213692636120260201;2026-02-01;35;88934969;0
29181;357213780712020251101;2025-11-01;35;203501709;0
22606;357213782272120251201;2025-12-01;35;203501709;0
29182;357213880712120251101;2025-11-01;35;203014092;0
22633;357213882274920251201;2025-12-01;35;203014092;0
29183;357213980712220251101;2025-11-01;35;203608280;0
22612;357213982272720251201;2025-12-01;35;203608280;0
29184;357214080712320251101;2025-11-01;35;202742289;0
22621;357214082273720251201;2025-12-01;35;202742289;0
29185;357214180712420251101;2025-11-01;35;203420420;0
22597;357214182271020251201;2025-12-01;35;203420420;0
29186;357214280712520251101;2025-11-01;35;203043223;0
29187;357214380712620251101;2025-11-01;35;202698280;0
22616;357214382273120251201;2025-12-01;35;202698280;0
29188;357214480712720251101;2025-11-01;35;202105482;0
22882;357214482996120251201;2025-12-01;35;202105482;0
29189;357214580712820251101;2025-11-01;35;202249302;0
22620;357214582273620251201;2025-12-01;35;202249302;0
29190;357214680712920251101;2025-11-01;35;202632661;0
22619;357214682273420251201;2025-12-01;35;202632661;0
29192;357214780713120251101;2025-11-01;35;202031068;0
22655;357214782277220251201;2025-12-01;35;202031068;0
29193;357214880713220251101;2025-11-01;35;203026494;0
22630;357214882274620251201;2025-12-01;35;203026494;0
29194;357214980713320251101;2025-11-01;35;202240446;0
22623;357214982273920251201;2025-12-01;35;202240446;0
29195;357215080713420251101;2025-11-01;35;203439872;0
22878;357215082995720251201;2025-12-01;35;203439872;0
29196;357215180713520251101;2025-11-01;35;202097489;0
22649;357215182276620251201;2025-12-01;35;202097489;0
29197;357215280713620251101;2025-11-01;35;202133007;0
22635;357215282275220251201;2025-12-01;35;202133007;0
29198;357215380713720251101;2025-11-01;35;202392277;0
22624;357215382274020251201;2025-12-01;35;202392277;0
29199;357215480713820251101;2025-11-01;35;202237676;0
22627;357215482274320251201;2025-12-01;35;202237676;0
29200;357215580713920251101;2025-11-01;35;203090599;0
22603;357215582271720251201;2025-12-01;35;203090599;0
29201;357215680714020251101;2025-11-01;35;203225889;0
22596;357215682270920251201;2025-12-01;35;203225889;0
29202;357215780714120251101;2025-11-01;35;202015963;0
22647;357215782276420251201;2025-12-01;35;202015963;0
29203;357215880714220251101;2025-11-01;35;203107920;0
22605;357215882271920251201;2025-12-01;35;203107920;0
29204;357215980714320251101;2025-11-01;35;203186922;0
22604;357215982271820251201;2025-12-01;35;203186922;0
29205;357216080714420251101;2025-11-01;35;203173536;0
22611;357216082272620251201;2025-12-01;35;203173536;0
29206;357216180714520251101;2025-11-01;35;203220608;0
22608;357216182272320251201;2025-12-01;35;203220608;0
29207;357216280714620251101;2025-11-01;35;124898696;0
22881;357216282996020251201;2025-12-01;35;124898696;0
29208;357216380714720251101;2025-11-01;35;200014691;0
22656;357216382277320251201;2025-12-01;35;200014691;0
29209;357216480714820251101;2025-11-01;35;200051356;0
22672;357216482279020251201;2025-12-01;35;200051356;0
29210;357216580714920251101;2025-11-01;35;200186224;0
22671;357216582278920251201;2025-12-01;35;200186224;0
29211;357216680715020251101;2025-11-01;35;200012444;0
22669;357216682278720251201;2025-12-01;35;200012444;0
29212;357216780715120251101;2025-11-01;35;200010181;0
22664;357216782278120251201;2025-12-01;35;200010181;0
29213;357216880715220251101;2025-11-01;35;200012425;0
29214;357216980715320251101;2025-11-01;35;200278487;0
22674;357216982279220251201;2025-12-01;35;200278487;0
29215;357217080715420251101;2025-11-01;35;200010185;0
22887;357217082996620251201;2025-12-01;35;200010185;0
29216;357217180715520251101;2025-11-01;35;122496515;0
22712;357217182283120251201;2025-12-01;35;122496515;0
29217;357217280715620251101;2025-11-01;35;120639017;0
22713;357217282283220251201;2025-12-01;35;120639017;0
29218;357217380715720251101;2025-11-01;35;200882581;0
22880;357217382995920251201;2025-12-01;35;200882581;0
29219;357217480715820251101;2025-11-01;35;119374439;0
22708;357217482282720251201;2025-12-01;35;119374439;0
29220;357217580715920251101;2025-11-01;35;116811382;0
22684;357217582280220251201;2025-12-01;35;116811382;0
29221;357217680716020251101;2025-11-01;35;201785526;0
22653;357217682277020251201;2025-12-01;35;201785526;0
29222;357217780716120251101;2025-11-01;35;113245556;0
22693;357217782281220251201;2025-12-01;35;113245556;0
29223;357217880716220251101;2025-11-01;35;201947130;0
22657;357217882277420251201;2025-12-01;35;201947130;0
29224;357217980716320251101;2025-11-01;35;201541931;0
22640;357217982275720251201;2025-12-01;35;201541931;0
29225;357218080716420251101;2025-11-01;35;201901674;0
22650;357218082276720251201;2025-12-01;35;201901674;0
29226;357218180716520251101;2025-11-01;35;201253796;0
22639;357218182275620251201;2025-12-01;35;201253796;0
29227;357218280716620251101;2025-11-01;35;201901074;0
22889;357218282996820251201;2025-12-01;35;201901074;0
29228;357218380716720251101;2025-11-01;35;201249443;0
22643;357218382276020251201;2025-12-01;35;201249443;0
29229;357218480716820251101;2025-11-01;35;201335832;0
22879;357218482995820251201;2025-12-01;35;201335832;0
9982;357218491377720260201;2026-02-01;35;201335832;0
29230;357218580716920251101;2025-11-01;35;201182358;0
22634;357218582275020251201;2025-12-01;35;201182358;0
29231;357218680717020251101;2025-11-01;35;201471253;0
22642;357218682275920251201;2025-12-01;35;201471253;0
29232;357218780717120251101;2025-11-01;35;112631533;0
22683;357218782280120251201;2025-12-01;35;112631533;0
29233;357218880717220251101;2025-11-01;35;59984121;0
22799;357218882292020251201;2025-12-01;35;59984121;0
29234;357218980717320251101;2025-11-01;35;68295502;0
29235;357219080717420251101;2025-11-01;35;62831879;0
29236;357219180717520251101;2025-11-01;35;61450651;0
29237;357219280717620251101;2025-11-01;35;89775368;0
29238;357219380717720251101;2025-11-01;35;71006851;0
22910;357219382998920251201;2025-12-01;35;71006851;0
29239;357219480717820251101;2025-11-01;35;71328572;0
22752;357219482287220251201;2025-12-01;35;71328572;0
29240;357219580717920251101;2025-11-01;35;67675107;0
22733;357219582285220251201;2025-12-01;35;67675107;0
29241;357219680718020251101;2025-11-01;35;111084946;0
29242;357219780718120251101;2025-11-01;35;66820642;0
22728;357219782284720251201;2025-12-01;35;66820642;0
29243;357219880718220251101;2025-11-01;35;62031767;0
29244;357219980718320251101;2025-11-01;35;67756808;0
22719;357219982283820251201;2025-12-01;35;67756808;0
29245;357220080718420251101;2025-11-01;35;60282347;0
22900;357220082997920251201;2025-12-01;35;60282347;0
29246;357220180718520251101;2025-11-01;35;66812399;0
22732;357220182285120251201;2025-12-01;35;66812399;0
29247;357220280718620251101;2025-11-01;35;61367273;0
22891;357220282997020251201;2025-12-01;35;61367273;0
29248;357220380718720251101;2025-11-01;35;112324967;0
29249;357220480718820251101;2025-11-01;35;66827167;0
22736;357220482285520251201;2025-12-01;35;66827167;0
29250;357220580718920251101;2025-11-01;35;110763629;0
22688;357220582280720251201;2025-12-01;35;110763629;0
29251;357220680719020251101;2025-11-01;35;85053261;0
29252;357220780719120251101;2025-11-01;35;73610682;0
22705;357220782282420251201;2025-12-01;35;73610682;0
29253;357220880719220251101;2025-11-01;35;90009878;0
22698;357220882281720251201;2025-12-01;35;90009878;0
29254;357220980719320251101;2025-11-01;35;74814133;0
22706;357220982282520251201;2025-12-01;35;74814133;0
29255;357221080719420251101;2025-11-01;35;87776472;0
22697;357221082281620251201;2025-12-01;35;87776472;0
29256;357221180719520251101;2025-11-01;35;82051607;0
22695;357221182281420251201;2025-12-01;35;82051607;0
29257;357221280719620251101;2025-11-01;35;54242231;0
22772;357221282289220251201;2025-12-01;35;54242231;0
29259;357221380719820251101;2025-11-01;35;53055233;0
22770;357221382289020251201;2025-12-01;35;53055233;0
29260;357221480719920251101;2025-11-01;35;52537129;0
22774;357221482289420251201;2025-12-01;35;52537129;0
29261;357221580720020251101;2025-11-01;35;52219291;0
22926;357221583000520251201;2025-12-01;35;52219291;0
29262;357221680720120251101;2025-11-01;35;51053781;0
22786;357221682290720251201;2025-12-01;35;51053781;0
29263;357221780720220251101;2025-11-01;35;50124315;0
22920;357221782999920251201;2025-12-01;35;50124315;0
29264;357221880720320251101;2025-11-01;35;51337606;0
22777;357221882289720251201;2025-12-01;35;51337606;0
29266;357221980720520251101;2025-11-01;35;50864751;0
22767;357221982288720251201;2025-12-01;35;50864751;0
29268;357222080720720251101;2025-11-01;35;58900381;0
22908;357222082998720251201;2025-12-01;35;58900381;0
29269;357222180720820251101;2025-11-01;35;56479514;0
22769;357222182288920251201;2025-12-01;35;56479514;0
29270;357222280720920251101;2025-11-01;35;48966011;0
22795;357222282291620251201;2025-12-01;35;48966011;0
29271;357222380721020251101;2025-11-01;35;49393545;0
22917;357222382999620251201;2025-12-01;35;49393545;0
29272;357222480721120251101;2025-11-01;35;58945938;0
22897;357222482997620251201;2025-12-01;35;58945938;0
29274;357222580721320251101;2025-11-01;35;58761748;0
22805;357222582292620251201;2025-12-01;35;58761748;0
29275;357222680721420251101;2025-11-01;35;49470302;0
22913;357222682999220251201;2025-12-01;35;49470302;0
29276;357222780721520251101;2025-11-01;35;54849241;0
22931;357222783001020251201;2025-12-01;35;54849241;0
29277;357222880721620251101;2025-11-01;35;54398525;0
22760;357222882288020251201;2025-12-01;35;54398525;0
29279;357222980721820251101;2025-11-01;35;57482357;0
22801;357222982292220251201;2025-12-01;35;57482357;0
29280;357223080721920251101;2025-11-01;35;54726671;0
22775;357223082289520251201;2025-12-01;35;54726671;0
29281;357223180722020251101;2025-11-01;35;40098818;0
22822;357223182294320251201;2025-12-01;35;40098818;0
29282;357223280722120251101;2025-11-01;35;39887502;0
22816;357223282293720251201;2025-12-01;35;39887502;0
29283;357223380722220251101;2025-11-01;35;45547645;0
22933;357223383001220251201;2025-12-01;35;45547645;0
29284;357223480722320251101;2025-11-01;35;44411588;0
22810;357223482293120251201;2025-12-01;35;44411588;0
29285;357223580722420251101;2025-11-01;35;45865574;0
22842;357223582296320251201;2025-12-01;35;45865574;0
29286;357223680722520251101;2025-11-01;35;45529493;0
22919;357223682999820251201;2025-12-01;35;45529493;0
29287;357223780722620251101;2025-11-01;35;41401565;0
22804;357223782292520251201;2025-12-01;35;41401565;0
29288;357223880722720251101;2025-11-01;35;40001164;0
22817;357223882293820251201;2025-12-01;35;40001164;0
29289;357223980722820251101;2025-11-01;35;42407745;0
22812;357223982293320251201;2025-12-01;35;42407745;0
29290;357224080722920251101;2025-11-01;35;42670888;0
22815;357224082293620251201;2025-12-01;35;42670888;0
29291;357224180723020251101;2025-11-01;35;36593095;0
22921;357224183000020251201;2025-12-01;35;36593095;0
29292;357224280723120251101;2025-11-01;35;29004616;0
22934;357224283001320251201;2025-12-01;35;29004616;0
29293;357224380723220251101;2025-11-01;35;41129385;0
22808;357224382292920251201;2025-12-01;35;41129385;0
29294;357224480723320251101;2025-11-01;35;26583054;0
22827;357224482294820251201;2025-12-01;35;26583054;0
29295;357224580723420251101;2025-11-01;35;27608689;0
22824;357224582294520251201;2025-12-01;35;27608689;0
29296;357224680723520251101;2025-11-01;35;24479365;0
22832;357224682295320251201;2025-12-01;35;24479365;0
4407;3574820193051620260301;2026-03-01;35;4550820;0
29297;357482081332120251101;2025-11-01;35;4550820;0
22936;357482084308420251201;2025-12-01;35;4550820;0
16391;357482087878520260101;2026-01-01;35;4550820;0
10125;357482092637020260201;2026-02-01;35;4550820;0
29299;357482181332320251101;2025-11-01;35;200675901;0
4411;3574822193052020260301;2026-03-01;35;28706006;0
29301;357482281332520251101;2025-11-01;35;28706006;0
22940;357482284308820251201;2025-12-01;35;28706006;0
16389;357482287878320260101;2026-01-01;35;28706006;0
10126;357482292637120260201;2026-02-01;35;28706006;0
29302;357482381332620251101;2025-11-01;35;200714313;0
29303;357482481332720251101;2025-11-01;35;54951739;0
29304;357482581332820251101;2025-11-01;35;54920485;0
29305;357482681332920251101;2025-11-01;35;58074627;0
29306;357482781333020251101;2025-11-01;35;202373859;0
29307;357482881333120251101;2025-11-01;35;203209841;0
22871;357482882995020251201;2025-12-01;35;203209841;0
29308;357482981333220251101;2025-11-01;35;31169392;0
29311;357483081333520251101;2025-11-01;35;201305503;0
22876;357483082995520251201;2025-12-01;35;201305503;0
29312;357483181333620251101;2025-11-01;35;65064356;0
29313;357483281333720251101;2025-11-01;35;84182911;0
29314;357483381333820251101;2025-11-01;35;202025859;0
29315;357483481333920251101;2025-11-01;35;200010634;0
29316;357483581334020251101;2025-11-01;35;62668986;0
29317;357483681334120251101;2025-11-01;35;203880642;0
29318;357483781334220251101;2025-11-01;35;202025860;0
29319;357483881334320251101;2025-11-01;35;62503952;0
29320;357483981334420251101;2025-11-01;35;200714314;0
29321;357484081334520251101;2025-11-01;35;39852288;0
22924;357484083000320251201;2025-12-01;35;39852288;0
29322;357484181334620251101;2025-11-01;35;202861657;0
29323;357484281334720251101;2025-11-01;35;202025864;0
29324;357484381334820251101;2025-11-01;35;202405435;0
29328;357484481335220251101;2025-11-01;35;82377227;0
29329;357484581335320251101;2025-11-01;35;202025862;0
29330;357484681335420251101;2025-11-01;35;202373857;0
29332;357484781335620251101;2025-11-01;35;30361036;0
29333;357484881335720251101;2025-11-01;35;54505585;0
22904;357484882998320251201;2025-12-01;35;54505585;0
29334;357484981335820251101;2025-11-01;35;201729933;0
22892;357484982997120251201;2025-12-01;35;201729933;0
29335;357485081335920251101;2025-11-01;35;60727870;0
29336;357485181336020251101;2025-11-01;35;123429676;0
29337;357485281336120251101;2025-11-01;35;57490970;0
29338;357485381336220251101;2025-11-01;35;202025861;0
29339;357485481336320251101;2025-11-01;35;31152333;0
29340;357485581336420251101;2025-11-01;35;200012707;0
29341;357485681336520251101;2025-11-01;35;118664794;0
29343;357485781336720251101;2025-11-01;35;202914441;0
29344;357485881336820251101;2025-11-01;35;63292521;0
29345;357485981336920251101;2025-11-01;35;54928061;0
29346;357486081337020251101;2025-11-01;35;64340520;0
29347;357486181337120251101;2025-11-01;35;202950038;0
29348;357486281337220251101;2025-11-01;35;61542717;0
29350;357486381337420251101;2025-11-01;35;115500031;0
29351;357486481337520251101;2025-11-01;35;48837032;0
29353;357486581337720251101;2025-11-01;35;62085786;0
29355;357486681337920251101;2025-11-01;35;202025865;0
29356;357486781338020251101;2025-11-01;35;117474011;0
29358;357486881338220251101;2025-11-01;35;202723376;0
22873;357486882995220251201;2025-12-01;35;202723376;0
29357;357486981338120251101;2025-11-01;35;61065030;0
29360;357487081338420251101;2025-11-01;35;52795471;0
22905;357487082998420251201;2025-12-01;35;52795471;0
29361;357487181338520251101;2025-11-01;35;79507581;0
22896;357487182997520251201;2025-12-01;35;79507581;0
29363;357487281338720251101;2025-11-01;35;52338991;0
29364;357487381338820251101;2025-11-01;35;62596519;0
29365;357487481338920251101;2025-11-01;35;202603594;0
22886;357487482996520251201;2025-12-01;35;202603594;0
29366;357487581339020251101;2025-11-01;35;200254822;0
29367;357487681339120251101;2025-11-01;35;58877819;0
22899;357487682997820251201;2025-12-01;35;58877819;0
29368;357487781339220251101;2025-11-01;35;202929024;0
29369;357487881339320251101;2025-11-01;35;202021565;0
29371;357487981339520251101;2025-11-01;35;55265286;0
29372;357488081339620251101;2025-11-01;35;50810201;0
22911;357488082999020251201;2025-12-01;35;50810201;0
29373;357488181339720251101;2025-11-01;35;123323223;0
29374;357488281339820251101;2025-11-01;35;51957728;0
29375;357488381339920251101;2025-11-01;35;64787648;0
29376;357488481340020251101;2025-11-01;35;28576942;0
22935;357488483001420251201;2025-12-01;35;28576942;0
29377;357488581340120251101;2025-11-01;35;69760233;0
22902;357488582998120251201;2025-12-01;35;69760233;0
29379;357488681340320251101;2025-11-01;35;54878781;0
29380;357488781340420251101;2025-11-01;35;30602173;0
22918;357488782999720251201;2025-12-01;35;30602173;0
29382;357488881340620251101;2025-11-01;35;61538001;0
29383;357488981340720251101;2025-11-01;35;65453093;0
22740;357488982285920251201;2025-12-01;35;65453093;0
29384;357489081340820251101;2025-11-01;35;203485401;0
29385;357489181340920251101;2025-11-01;35;2239534;0
29387;357489281341120251101;2025-11-01;35;BTE0017838;0
22869;357489282994820251201;2025-12-01;35;BTE0017838;0
29388;357489381341220251101;2025-11-01;35;67879829;0
22901;357489382998020251201;2025-12-01;35;67879829;0
29389;357489481341320251101;2025-11-01;35;202788601;0
29391;357489581341520251101;2025-11-01;35;47203391;0
22925;357489583000420251201;2025-12-01;35;47203391;0
29394;357489681341820251101;2025-11-01;35;90117115;0
22890;357489682996920251201;2025-12-01;35;90117115;0
29395;357489781341920251101;2025-11-01;35;113059710;0
29396;357489881342020251101;2025-11-01;35;58107355;0
22912;357489882999120251201;2025-12-01;35;58107355;0
29397;357489981342120251101;2025-11-01;35;86299816;0
29398;357490081342220251101;2025-11-01;35;46744274;0
29400;357490181342420251101;2025-11-01;35;203449083;0
29401;357490281342520251101;2025-11-01;35;65603761;0
29402;357490381342620251101;2025-11-01;35;20255918;0
29404;357490481342820251101;2025-11-01;35;28624092;0
22930;357490483000920251201;2025-12-01;35;28624092;0
29405;357490581342920251101;2025-11-01;35;45684391;0
29406;357490681343020251101;2025-11-01;35;200714312;0
29407;357490781343120251101;2025-11-01;35;66961432;0
22898;357490782997720251201;2025-12-01;35;66961432;0
29409;357490881343320251101;2025-11-01;35;BTE0018773;0
22877;357490882995620251201;2025-12-01;35;BTE0018773;0
29410;357490981343420251101;2025-11-01;35;110884302;0
29412;357491081343620251101;2025-11-01;35;79891578;0
29411;357491181343520251101;2025-11-01;35;200791378;0
29415;357491281343920251101;2025-11-01;35;202352275;0
29416;357491381344020251101;2025-11-01;35;200714311;0
29419;357491481344320251101;2025-11-01;35;202521793;0
29420;357491581344420251101;2025-11-01;35;202969112;0
29421;357491681344520251101;2025-11-01;35;64706508;0
29422;357491781344620251101;2025-11-01;35;31173233;0
29423;357491881344720251101;2025-11-01;35;52157989;0
29424;357491981344820251101;2025-11-01;35;55338615;0
22914;357491982999320251201;2025-12-01;35;55338615;0
29425;357492081344920251101;2025-11-01;35;203381016;0
29426;357492181345020251101;2025-11-01;35;57292345;0
29427;357492281345120251101;2025-11-01;35;58629742;0
29428;357492381345220251101;2025-11-01;35;202373858;0
29429;357492481345320251101;2025-11-01;35;200003465;0
29430;357492581345420251101;2025-11-01;35;119102030;0
29431;357492681345520251101;2025-11-01;35;116715201;0
29432;357492781345620251101;2025-11-01;35;80529691;0
29433;357492881345720251101;2025-11-01;35;75461927;0
29434;357492981345820251101;2025-11-01;35;60738847;0
29435;357493081345920251101;2025-11-01;35;41277708;0
29437;357493181346120251101;2025-11-01;35;54290040;0
22922;357493183000120251201;2025-12-01;35;54290040;0
29438;357493281346220251101;2025-11-01;35;200254823;0
29439;357493381346320251101;2025-11-01;35;87472759;0
29440;357493481346420251101;2025-11-01;35;85849375;0
29442;357493581346620251101;2025-11-01;35;202165350;0
29444;357493681346820251101;2025-11-01;35;65595998;0
29446;357493781347020251101;2025-11-01;35;69240663;0
29448;357493881347220251101;2025-11-01;35;41176430;0
22915;357493882999420251201;2025-12-01;35;41176430;0
29450;357493981347420251101;2025-11-01;35;202100945;0
22888;357493982996720251201;2025-12-01;35;202100945;0
29451;357494081347520251101;2025-11-01;35;48837717;0
22923;357494083000220251201;2025-12-01;35;48837717;0
29452;357494181347620251101;2025-11-01;35;61604640;0
22894;357494182997320251201;2025-12-01;35;61604640;0
29453;357494281347720251101;2025-11-01;35;30667968;0
29454;357494381347820251101;2025-11-01;35;203144511;0
29457;357494481348120251101;2025-11-01;35;58096515;0
29458;357494581348220251101;2025-11-01;35;202025866;0
29459;357494681348320251101;2025-11-01;35;62076027;0
29460;357494781348420251101;2025-11-01;35;118402790;0
22885;357494782996420251201;2025-12-01;35;118402790;0
29462;357494881348620251101;2025-11-01;35;202373856;0
29463;357494981348720251101;2025-11-01;35;66886848;0
29464;357495081348820251101;2025-11-01;35;80963731;0
29465;357495181348920251101;2025-11-01;35;30229961;0
29466;357495281349020251101;2025-11-01;35;63926628;0
29467;357495381349120251101;2025-11-01;35;200096567;0
29469;357495481349320251101;2025-11-01;35;48240737;0
22907;357495482998620251201;2025-12-01;35;48240737;0
29470;357495581349420251101;2025-11-01;35;200012392;0
22884;357495582996320251201;2025-12-01;35;200012392;0
29471;357495681349520251101;2025-11-01;35;74120719;0
29473;357495781349720251101;2025-11-01;35;202945741;0
22872;357495782995120251201;2025-12-01;35;202945741;0
29474;357495881349820251101;2025-11-01;35;118777831;0
22883;357495882996220251201;2025-12-01;35;118777831;0
29475;357495981349920251101;2025-11-01;35;116967366;0
29476;357496081350020251101;2025-11-01;35;201247276;0
22874;357496082995320251201;2025-12-01;35;201247276;0
29478;357496181350220251101;2025-11-01;35;52218961;0
29479;357496281350320251101;2025-11-01;35;202790386;0
29480;357496381350420251101;2025-11-01;35;49672924;0
29481;357496481350520251101;2025-11-01;35;57428018;0
22764;357496482288420251201;2025-12-01;35;57428018;0
29482;357496581350620251101;2025-11-01;35;121591565;0
29483;357496681350720251101;2025-11-01;35;58740082;0
22895;357496682997420251201;2025-12-01;35;58740082;0
29484;357496781350820251101;2025-11-01;35;200244602;0
29485;357496881350920251101;2025-11-01;35;41649583;0
29486;357496981351020251101;2025-11-01;35;62595113;0
29487;357497081351120251101;2025-11-01;35;202871974;0
29488;357497181351220251101;2025-11-01;35;30311403;0
29490;357497281351420251101;2025-11-01;35;69789207;0
29491;357497381351520251101;2025-11-01;35;70976953;0
22906;357497382998520251201;2025-12-01;35;70976953;0
29492;357497481351620251101;2025-11-01;35;118645285;0
29493;357497581351720251101;2025-11-01;35;48148521;0
29495;357497681351920251101;2025-11-01;35;123717426;0
29496;357497781352020251101;2025-11-01;35;30701449;0
29497;357497881352120251101;2025-11-01;35;56909951;0
29499;357497981352320251101;2025-11-01;35;54637864;0
29500;357498081352420251101;2025-11-01;35;64303209;0
29501;357498181352520251101;2025-11-01;35;202025863;0
29502;357498281352620251101;2025-11-01;35;68858043;0
29503;357498381352720251101;2025-11-01;35;202901352;0
22870;357498382994920251201;2025-12-01;35;202901352;0
29504;357498481352820251101;2025-11-01;35;200014016;0
29506;357498581353020251101;2025-11-01;35;52088979;0
22928;357498583000720251201;2025-12-01;35;52088979;0
29507;357498681353120251101;2025-11-01;35;203088982;0
29508;357498781353220251101;2025-11-01;35;52468119;0
29509;357498881353320251101;2025-11-01;35;62880071;0
29510;357498981353420251101;2025-11-01;35;202619730;0
29511;357499081353520251101;2025-11-01;35;65057121;0
29513;357499181353720251101;2025-11-01;35;46946314;0
22841;357499182296220251201;2025-12-01;35;46946314;0
29514;357499281353820251101;2025-11-01;35;48414956;0
22794;357499282291520251201;2025-12-01;35;48414956;0
29515;357499381353920251101;2025-11-01;35;2115157;0
22829;357499382295020251201;2025-12-01;35;2115157;0
29516;357499481354020251101;2025-11-01;35;47394927;0
22844;357499482296520251201;2025-12-01;35;47394927;0
29517;357499581354120251101;2025-11-01;35;47465841;0
22839;357499582296020251201;2025-12-01;35;47465841;0
29518;357499681354220251101;2025-11-01;35;48269743;0
22791;357499682291220251201;2025-12-01;35;48269743;0
29519;357499781354320251101;2025-11-01;35;47606487;0
22836;357499782295720251201;2025-12-01;35;47606487;0
29520;357499881354420251101;2025-11-01;35;46965815;0
22843;357499882296420251201;2025-12-01;35;46965815;0
29521;357499981354520251101;2025-11-01;35;55217893;0
29523;357550881468920251101;2025-11-01;35;56421300;0
29524;357550981469020251101;2025-11-01;35;25650165;0
22929;357550983000820251201;2025-12-01;35;25650165;0
29525;357551081469120251101;2025-11-01;35;201216183;0
4405;3575511193051420260301;2026-03-01;35;30962621;0
29528;357551181469420251101;2025-11-01;35;30962621;0
22943;357551184309120251201;2025-12-01;35;30962621;0
16368;357551187876220260101;2026-01-01;35;30962621;0
10133;357551192638120260201;2026-02-01;35;30962621;0
4409;3575512193051820260301;2026-03-01;35;11475663;0
29530;357551281469720251101;2025-11-01;35;11475663;0
22939;357551284308720251201;2025-12-01;35;11475663;0
16369;357551287876320260101;2026-01-01;35;11475663;0
10129;357551292637420260201;2026-02-01;35;11475663;0
29531;357551381469820251101;2025-11-01;35;204328264;0
22850;357551382297120251201;2025-12-01;35;204328264;0
29532;357551481469920251101;2025-11-01;35;204328262;0
22851;357551482297220251201;2025-12-01;35;204328262;0
29533;357551581470020251101;2025-11-01;35;204328259;0
22849;357551582297020251201;2025-12-01;35;204328259;0
29534;357551681470120251101;2025-11-01;35;204252440;0
22848;357551682296920251201;2025-12-01;35;204252440;0
22598;357906482271120251201;2025-12-01;35;203583915;0
22599;357906582271220251201;2025-12-01;35;203530685;0
22648;357906882276520251201;2025-12-01;35;201658512;0
22663;357906982278020251201;2025-12-01;35;200017099;0
22783;357907382290420251201;2025-12-01;35;50125885;0
22793;357907482291420251201;2025-12-01;35;50616421;0
22814;357907582293520251201;2025-12-01;35;45185832;0
4320;3579076191587320260301;2026-03-01;35;30830792;0
22856;357907682297720251201;2025-12-01;35;30830792;0
16255;357907685654120260101;2026-01-01;35;30830792;0
22903;358157082998220251201;2025-12-01;35;63608481;0
92992;35910047488112620250101;2025-01-01;359;201743010;0
618767;3591021020250701;2025-07-01;359;7039464688;0
17446;35910506090682720260101;2026-01-01;359;3008605687;0
23832;35910506090682820251201;2025-12-01;359;3008605687;0
36804;35910506090682920251001;2025-10-01;359;3008605687;0
30281;35910506090683020251101;2025-11-01;359;3008605687;0
17445;35910506190682620260101;2026-01-01;359;1000018985;0
23834;35910507390694520251201;2025-12-01;359;237017700495;0
618129;3591052420251101;2025-11-01;359;58833641;0
5218;3591052920260301;2026-03-01;359;58833641;0
618145;3591062420251101;2025-11-01;359;50514229;0
11242;3591062620260201;2026-02-01;359;50514229;0
5217;3591062720260301;2026-03-01;359;50514229;0
618132;3591071420251101;2025-11-01;359;52811180;0
23837;359109980191742920251201;2025-12-01;359;1221465;0
23838;359109983191752720251201;2025-12-01;359;3002320966;0
55205;359110215191876820250701;2025-07-01;359;2896473;0
68059;359110215191881720250501;2025-05-01;359;2896473;0
74284;359110215191900220250401;2025-04-01;359;2896473;0
92993;359110215192100120250101;2025-01-01;359;2896473;0
618148;3591132520251101;2025-11-01;359;102288726;0
619276;359114420250401;2025-04-01;359;3033894286;0
618614;359114520250801;2025-08-01;359;3033894286;0
618968;359114720250601;2025-06-01;359;3033894286;0
618967;3591151020250601;2025-06-01;359;3033895444;0
619275;359115420250401;2025-04-01;359;3033895444;0
618613;359115520250801;2025-08-01;359;3033895444;0
618779;359115620250701;2025-07-01;359;3033895444;0
619111;359115720250501;2025-05-01;359;3033895444;0
618146;3591171320251101;2025-11-01;359;6829678;0
619783;3591191220250101;2025-01-01;359;3015527098;0
619779;3591221620250101;2025-01-01;359;15528087;0
619272;3591221720250401;2025-04-01;359;15528087;0
619109;3591221820250501;2025-05-01;359;15528087;0
618965;3591221920250601;2025-06-01;359;15528087;0
618776;3591222020250701;2025-07-01;359;15528087;0
618108;3591231820251101;2025-11-01;359;435104;0
618149;3591262420251101;2025-11-01;359;3017152296;0
11347;359129020260201;2026-02-01;359;873934;0
618293;3591292320251001;2025-10-01;359;873934;0
618135;3591292420251101;2025-11-01;359;873934;0
618133;359132820251101;2025-11-01;359;5511073;0
618608;3591331420250801;2025-08-01;359;9001186;0
618775;3591331520250701;2025-07-01;359;9001186;0
621524;359133220240301;2024-03-01;359;9001186;0
621354;359133320240401;2024-04-01;359;9001186;0
621182;359133420240501;2024-05-01;359;9001186;0
621008;359133520240601;2024-06-01;359;9001186;0
620838;359133620240701;2024-07-01;359;9001186;0
620664;359133720240801;2024-08-01;359;9001186;0
620499;359133820240901;2024-09-01;359;9001186;0
620354;359133920241001;2024-10-01;359;9001186;0
159091;3591341020240401;2024-04-01;359;810032;0
618597;3591341020250801;2025-08-01;359;810032;0
193691;359134120231201;2023-12-01;359;810032;0
199875;359134220231101;2023-11-01;359;810032;0
116936;359134320241001;2024-10-01;359;810032;0
124870;359134420240901;2024-09-01;359;810032;0
131214;359134520240801;2024-08-01;359;810032;0
137486;359134620240701;2024-07-01;359;810032;0
177184;359134720240201;2024-02-01;359;810032;0
144094;359134820240601;2024-06-01;359;810032;0
150334;359134920240501;2024-05-01;359;810032;0
618959;359134920250601;2025-06-01;359;810032;0
618296;3591352220251001;2025-10-01;359;11986182;0
619274;3591361520250401;2025-04-01;359;748145;0
619110;3591361620250501;2025-05-01;359;748145;0
618777;3591361720250701;2025-07-01;359;748145;0
618611;3591361820250801;2025-08-01;359;748145;0
619781;3591361920250101;2025-01-01;359;748145;0
618966;3591362020250601;2025-06-01;359;748145;0
619103;3591381820250501;2025-05-01;359;5588588;0
618276;3591382320251001;2025-10-01;359;5588588;0
618117;3591382420251101;2025-11-01;359;5588588;0
618118;3591392420251101;2025-11-01;359;5728711;0
618147;3591402220251101;2025-11-01;359;6022758;0
618602;3591412020250801;2025-08-01;359;9002455;0
618294;3591412220251001;2025-10-01;359;9002455;0
618606;3591422120250801;2025-08-01;359;9005662;0
618774;3591422220250701;2025-07-01;359;9005662;0
618607;3591442220250801;2025-08-01;359;24877140;0
618270;3591451220251001;2025-10-01;359;7072841063;0
618764;359145920250701;2025-07-01;359;7072841063;0
618290;3591462320251001;2025-10-01;359;9011529;0
619778;3591481520250101;2025-01-01;359;10896473;0
619271;3591481620250401;2025-04-01;359;10896473;0
619108;3591481720250501;2025-05-01;359;10896473;0
618964;3591481820250601;2025-06-01;359;10896473;0
618773;3591481920250701;2025-07-01;359;10896473;0
618605;3591482020250801;2025-08-01;359;10896473;0
618299;3591482220251001;2025-10-01;359;10896473;0
618140;3591482320251101;2025-11-01;359;10896473;0
11364;359149020260201;2026-02-01;359;21365687;0
618292;3591492420251001;2025-10-01;359;21365687;0
618134;3591492520251101;2025-11-01;359;21365687;0
618440;3591531120250901;2025-09-01;359;45675639;0
618609;3591542120250801;2025-08-01;359;56511928;0
618121;3591612520251101;2025-11-01;359;7070316875;0
619107;3591801020250501;2025-05-01;359;56525814;0
618298;3591801120251001;2025-10-01;359;56525814;0
618137;3591801320251101;2025-11-01;359;56525814;0
618604;359180720250801;2025-08-01;359;56525814;0
618963;359180920250601;2025-06-01;359;56525814;0
618603;359191620250801;2025-08-01;359;62849694;0
618136;359191720251101;2025-11-01;359;62849694;0
618297;359191820251001;2025-10-01;359;62849694;0
619102;35924720250501;2025-05-01;359;873742601860;0
618126;359301720251101;2025-11-01;359;810194181;0
5216;35931720260301;2026-03-01;359;45174901819;0
61707;3593229747446620250601;2025-06-01;359;435104;0
68042;3593229747446820250501;2025-05-01;359;435104;0
30263;3593229781726520251101;2025-11-01;359;435104;0
23831;3593229790682020251201;2025-12-01;359;435104;0
11227;3593229790682320260201;2026-02-01;359;435104;0
17443;3593229790682420260101;2026-01-01;359;435104;0
17503;35933020260101;2026-01-01;359;154312900449;0
11281;35933020260201;2026-02-01;359;154312900449;0
618287;359334620251001;2025-10-01;359;154312900449;0
17504;35934020260101;2026-01-01;359;250228300410;0
11282;35934020260201;2026-02-01;359;250228300410;0
618286;359342320251001;2025-10-01;359;250228300410;0
68044;3593559555502920250501;2025-05-01;359;10658033;0
23818;3593559584337220251201;2025-12-01;359;10658033;0
17424;3593559587965120260101;2026-01-01;359;10658033;0
11230;3593559592595520260201;2026-02-01;359;10658033;0
68045;3593559655503020250501;2025-05-01;359;14907356;0
92991;3593559683844120250101;2025-01-01;359;14907356;0
43242;3593559683844620250901;2025-09-01;359;14907356;0
23819;3593559684339620251201;2025-12-01;359;14907356;0
17426;3593559687965320260101;2026-01-01;359;14907356;0
11229;3593559692595320260201;2026-02-01;359;14907356;0
68043;3593559755502820250501;2025-05-01;359;2000042969;0
92980;3593559755508520250101;2025-01-01;359;2000042969;0
23816;3593559784336920251201;2025-12-01;359;2000042969;0
17423;3593559787964920260101;2026-01-01;359;2000042969;0
11231;3593559792638420260201;2026-02-01;359;2000042969;0
68046;3593559855503120250501;2025-05-01;359;5140331;0
92979;3593559855508420250101;2025-01-01;359;5140331;0
80534;3593559855508620250301;2025-03-01;359;5140331;0
17425;3593559887965220260101;2026-01-01;359;5140331;0
11228;3593559892594620260201;2026-02-01;359;5140331;0
17454;35935651191753420260101;2026-01-01;359;01806432;0
68047;3593565155508220250501;2025-05-01;359;01806432;0
100923;3593565155645320241201;2024-12-01;359;01806432;0
108873;3593565155645420241101;2024-11-01;359;01806432;0
74274;3593565155645520250401;2025-04-01;359;01806432;0
80535;3593565155645720250301;2025-03-01;359;01806432;0
86815;3593565155646220250201;2025-02-01;359;01806432;0
92981;3593565155651620250101;2025-01-01;359;01806432;0
1145;35935652193125020260401;2026-04-01;359;W9013850585;0
61708;3593565255508320250601;2025-06-01;359;W9013850585;0
17420;3593565284770820260101;2026-01-01;359;W9013850585;0
11221;3593565288494920260201;2026-02-01;359;W9013850585;0
5212;3593565293892320260301;2026-03-01;359;W9013850585;0
68048;3593565355508720250501;2025-05-01;359;9051631;0
30285;3593565390690420251101;2025-11-01;359;9051631;0
36806;3593565390692120251001;2025-10-01;359;9051631;0
17452;3593565390692620260101;2026-01-01;359;9051631;0
5350;35935671193129420260301;2026-03-01;359;45174901819;0
61709;3593567155510620250601;2025-06-01;359;45174901819;0
61710;3593567255510720250601;2025-06-01;359;3011714711;0
61711;3593567355510820250601;2025-06-01;359;873656401810;0
61712;3593567455510920250601;2025-06-01;359;873658101808;0
61713;3593567555511020250601;2025-06-01;359;873703001807;0
61716;3593567655511320250601;2025-06-01;359;873705901890;0
61717;3593567755511420250601;2025-06-01;359;873725801840;0
61714;3593567855511120250601;2025-06-01;359;873742301894;0
61725;3593567955512220250601;2025-06-01;359;873720701846;0
61715;3593568055511220250601;2025-06-01;359;873741301802;0
61719;3593568155511620250601;2025-06-01;359;873746001845;0
61726;3593568255512320250601;2025-06-01;359;873740001854;0
61729;3593568355512620250601;2025-06-01;359;873712801827;0
61720;3593568455511720250601;2025-06-01;359;873744401843;0
61721;3593568555511820250601;2025-06-01;359;873734001803;0
61723;3593568655512020250601;2025-06-01;359;873734801837;0
61718;3593568755511520250601;2025-06-01;359;873728301839;0
61722;3593568855511920250601;2025-06-01;359;873710501897;0
61728;3593568955512520250601;2025-06-01;359;873714801890;0
61724;3593569055512120250601;2025-06-01;359;873720001808;0
61727;3593569155512420250601;2025-06-01;359;873742601860;0
68049;3593569155513220250501;2025-05-01;359;873742601860;0
61731;3593569255512820250601;2025-06-01;359;873746601898;0
61730;3593569355512720250601;2025-06-01;359;882910501802;0
61733;3593569455513020250601;2025-06-01;359;873654601838;0
61734;3593569555513120250601;2025-06-01;359;873707201815;0
61732;3593569655512920250601;2025-06-01;359;873750101818;0
618291;359362320251001;2025-10-01;359;170036000480;0
17506;35939020260101;2026-01-01;359;63800429;0
11285;35939020260201;2026-02-01;359;63800429;0
618288;359392320251001;2025-10-01;359;63800429;0
617955;359392520251201;2025-12-01;359;63800429;0
618127;359392620251101;2025-11-01;359;63800429;0
617971;359402820251201;2025-12-01;359;237017700495;0
618601;359471520250801;2025-08-01;359;2010395101;0
618125;359471720251101;2025-11-01;359;2010395101;0
618768;359481920250701;2025-07-01;359;2011738119;0
618128;359492220251101;2025-11-01;359;201565068;0
43228;3595212375322720250901;2025-09-01;359;9232977;0
43229;3595212575323220250901;2025-09-01;359;6699985;0
30257;3595212580803320251101;2025-11-01;359;6699985;0
43230;3595212675323320250901;2025-09-01;359;2942117;0
30259;3595212680803520251101;2025-11-01;359;2942117;0
43231;3595212775323420250901;2025-09-01;359;2895533;0
618281;359531820251001;2025-10-01;359;7024688113;0
618439;359531920250901;2025-09-01;359;7024688113;0
618280;359541120251001;2025-10-01;359;7019882432;0
43232;3595569475869120250901;2025-09-01;359;35121983;0
55189;3595624775969920250701;2025-07-01;359;7072841063;0
36779;3595624779681520251001;2025-10-01;359;7072841063;0
55190;3595624975970120250701;2025-07-01;359;4011488736;0
36773;3595624978986420251001;2025-10-01;359;4011488736;0
30274;3595624982836120251101;2025-11-01;359;4011488736;0
23822;3595624985383920251201;2025-12-01;359;4011488736;0
17434;3595624989158720260101;2026-01-01;359;4011488736;0
11236;35956250190721720260201;2026-02-01;359;4007948293;0
23836;35956250191742420251201;2025-12-01;359;4007948293;0
55191;3595625075970220250701;2025-07-01;359;4007948293;0
36774;3595625079194820251001;2025-10-01;359;4007948293;0
30275;3595625082836220251101;2025-11-01;359;4007948293;0
17433;3595625089158020260101;2026-01-01;359;4007948293;0
11235;35956251190701920260201;2026-02-01;359;7039464688;0
55192;3595625175970320250701;2025-07-01;359;7039464688;0
36787;3595625179769320251001;2025-10-01;359;7039464688;0
30273;3595625182836020251101;2025-11-01;359;7039464688;0
23821;3595625185347720251201;2025-12-01;359;7039464688;0
17437;3595625189269520260101;2026-01-01;359;7039464688;0
618282;35956720251001;2025-10-01;359;7027118423;0
618122;359571420251101;2025-11-01;359;515076005940;0
619269;359571520250401;2025-04-01;359;515076005940;0
618598;359571620250801;2025-08-01;359;515076005940;0
619605;359571820250201;2025-02-01;359;515076005940;0
619776;359571920250101;2025-01-01;359;515076005940;0
618769;359572020250701;2025-07-01;359;515076005940;0
618960;359572120250601;2025-06-01;359;515076005940;0
619104;359572220250501;2025-05-01;359;515076005940;0
619436;359572320250301;2025-03-01;359;515076005940;0
618283;359572420251001;2025-10-01;359;515076005940;0
11238;35957406191355220260201;2026-02-01;359;2895481;0
43233;3595740676370220250901;2025-09-01;359;2895481;0
36800;3595740680726420251001;2025-10-01;359;2895481;0
30276;3595740682836320251101;2025-11-01;359;2895481;0
23825;3595740686101120251201;2025-12-01;359;2895481;0
17453;3595740690877120260101;2026-01-01;359;2895481;0
11237;35957409191354920260201;2026-02-01;359;8199894;0
43234;3595740976370520250901;2025-09-01;359;8199894;0
36776;3595740979333720251001;2025-10-01;359;8199894;0
30272;3595740982835920251101;2025-11-01;359;8199894;0
23824;3595740986101020251201;2025-12-01;359;8199894;0
17439;3595740990342320260101;2026-01-01;359;8199894;0
618599;359581120250801;2025-08-01;359;515075905988;0
618961;359581220250601;2025-06-01;359;515075905988;0
618770;359581320250701;2025-07-01;359;515075905988;0
619105;359581420250501;2025-05-01;359;515075905988;0
618123;359581520251101;2025-11-01;359;515075905988;0
618284;359581620251001;2025-10-01;359;515075905988;0
618124;359591320251101;2025-11-01;359;515075505916;0
619270;359591420250401;2025-04-01;359;515075505916;0
618600;359591520250801;2025-08-01;359;515075505916;0
619777;359591820250101;2025-01-01;359;515075505916;0
618771;359591920250701;2025-07-01;359;515075505916;0
618962;359592020250601;2025-06-01;359;515075505916;0
619106;359592120250501;2025-05-01;359;515075505916;0
619437;359592220250301;2025-03-01;359;515075505916;0
618285;359592420251001;2025-10-01;359;515075505916;0
68050;3596014877624820250501;2025-05-01;359;5588588;0
36794;3596014880168620251001;2025-10-01;359;5588588;0
30266;3596014881726820251101;2025-11-01;359;5588588;0
61847;3596020250601;2025-06-01;359;873656101844;0
618443;359632220250901;2025-09-01;359;132218501963;0
23835;35964717190338520251201;2025-12-01;359;5728711;0
36772;3596471778671720251001;2025-10-01;359;5728711;0
30269;3596471781727220251101;2025-11-01;359;5728711;0
17428;3596471787977320260101;2026-01-01;359;5728711;0
11233;3596471792754020260201;2026-02-01;359;5728711;0
618441;359652320250901;2025-09-01;359;132164901907;0
36775;3596662579194920251001;2025-10-01;359;4001926069;0
30279;3596662585517720251101;2025-11-01;359;4001926069;0
23826;3596662586147420251201;2025-12-01;359;4001926069;0
17435;3596662589159820260101;2026-01-01;359;4001926069;0
618442;359672220250901;2025-09-01;359;132128901939;0
61735;3596783579480120250601;2025-06-01;359;810032;0
49185;3596783579480920250801;2025-08-01;359;810032;0
55193;3596784979492820250701;2025-07-01;359;2011738119;0
17418;3596784984623720260101;2026-01-01;359;2011738119;0
11218;3596784988310920260201;2026-02-01;359;2011738119;0
5210;3596784993379820260301;2026-03-01;359;2011738119;0
618295;359681220251001;2025-10-01;359;132099001944;0
92982;3596828279648620250101;2025-01-01;359;7030062390;0
36790;3596828280110620251001;2025-10-01;359;7030062390;0
74275;3596828281539020250401;2025-04-01;359;7030062390;0
30284;3596828290683620251101;2025-11-01;359;7030062390;0
17448;3596828290683820260101;2026-01-01;359;7030062390;0
36777;3596843679681320251001;2025-10-01;359;7019882432;0
36778;3596843779681420251001;2025-10-01;359;7024688113;0
43239;3596843781536220250901;2025-09-01;359;7024688113;0
36780;3596843979681720251001;2025-10-01;359;7027118423;0
30243;3596844579682420251101;2025-11-01;359;7070316875;0
36781;3596848079687420251001;2025-10-01;359;515076005940;0
30248;3596848079690520251101;2025-11-01;359;515076005940;0
92985;3596848081537720250101;2025-01-01;359;515076005940;0
86816;3596848081538220250201;2025-02-01;359;515076005940;0
80536;3596848081538620250301;2025-03-01;359;515076005940;0
74278;3596848081539320250401;2025-04-01;359;515076005940;0
68052;3596848081540120250501;2025-05-01;359;515076005940;0
61738;3596848081541020250601;2025-06-01;359;515076005940;0
55199;3596848081542120250701;2025-07-01;359;515076005940;0
49193;3596848081542820250801;2025-08-01;359;515076005940;0
36782;3596848179687520251001;2025-10-01;359;515075905988;0
30246;3596848179690220251101;2025-11-01;359;515075905988;0
68053;3596848181540220250501;2025-05-01;359;515075905988;0
61740;3596848181541220250601;2025-06-01;359;515075905988;0
55200;3596848181542220250701;2025-07-01;359;515075905988;0
49195;3596848181543120250801;2025-08-01;359;515075905988;0
36783;3596848279687620251001;2025-10-01;359;515075505916;0
30247;3596848279690320251101;2025-11-01;359;515075505916;0
92984;3596848281537620250101;2025-01-01;359;515075505916;0
80537;3596848281538720250301;2025-03-01;359;515075505916;0
74277;3596848281539220250401;2025-04-01;359;515075505916;0
68055;3596848281540420250501;2025-05-01;359;515075505916;0
61737;3596848281540920250601;2025-06-01;359;515075505916;0
55201;3596848281542320250701;2025-07-01;359;515075505916;0
49197;3596848281543420250801;2025-08-01;359;515075505916;0
30244;3596848579688020251101;2025-11-01;359;2010395101;0
49186;3596848580311920250801;2025-08-01;359;2010395101;0
17419;3596848584624820260101;2026-01-01;359;2010395101;0
11219;3596848588311020260201;2026-02-01;359;2010395101;0
5209;3596848593379620260301;2026-03-01;359;2010395101;0
30245;3596848779688220251101;2025-11-01;359;810194181;0
11606;35968580193130920260201;2026-02-01;359;250228300410;0
17820;35968580193131920260101;2026-01-01;359;250228300410;0
36784;3596858079708020251001;2025-10-01;359;250228300410;0
17821;35968582193133320260101;2026-01-01;359;154312900449;0
11607;35968582193133720260201;2026-02-01;359;154312900449;0
36785;3596858279708220251001;2025-10-01;359;154312900449;0
30286;35968584191755920251101;2025-11-01;359;63800429;0
23841;35968584191759320251201;2025-12-01;359;63800429;0
11604;35968584193127020260201;2026-02-01;359;63800429;0
21790;35968584194029020260101;2026-01-01;359;63800429;0
36786;3596858479708420251001;2025-10-01;359;63800429;0
30249;3596862279712420251101;2025-11-01;359;201565068;0
17417;3596862284623520260101;2026-01-01;359;201565068;0
11220;3596862288311220260201;2026-02-01;359;201565068;0
5211;3596862293379920260301;2026-03-01;359;201565068;0
5349;35968624193127620260301;2026-03-01;359;58833641;0
30250;3596862479712620251101;2025-11-01;359;58833641;0
30251;3596862679712820251101;2025-11-01;359;00008785783;0
30252;3596862779712920251101;2025-11-01;359;1194632;0
30253;3596862879713020251101;2025-11-01;359;52811180;0
17421;3596862885463220260101;2026-01-01;359;52811180;0
11223;3596862889053220260201;2026-02-01;359;52811180;0
36788;3596868279783820251001;2025-10-01;359;7000145046;0
36789;3597005580110020251001;2025-10-01;359;9011529;0
30254;3597015480122720251101;2025-11-01;359;5511073;0
36791;3597020980168320251001;2025-10-01;359;170036000480;0
15548;35970210194029620260201;2026-02-01;359;21365687;0
9269;35970210194030620260301;2026-03-01;359;21365687;0
36792;3597021080168420251001;2025-10-01;359;21365687;0
30270;3597021081739320251101;2025-11-01;359;21365687;0
15547;35970211194028920260201;2026-02-01;359;873934;0
36793;3597021180168520251001;2025-10-01;359;873934;0
30264;3597021181726620251101;2025-11-01;359;873934;0
36795;3597021280168720251001;2025-10-01;359;9002455;0
49192;3597021281535220250801;2025-08-01;359;9002455;0
23839;35970213191752820251201;2025-12-01;359;14635496;0
36796;3597021380168820251001;2025-10-01;359;14635496;0
17444;3597021390682520260101;2026-01-01;359;14635496;0
36797;3597021480168920251001;2025-10-01;359;11986182;0
36798;3597028580184720251001;2025-10-01;359;62849694;0
30255;3597028580191920251101;2025-11-01;359;62849694;0
49191;3597028581535120250801;2025-08-01;359;62849694;0
36799;3597029080185920251001;2025-10-01;359;56525814;0
30256;3597029080194120251101;2025-11-01;359;56525814;0
68054;3597029081540320250501;2025-05-01;359;56525814;0
61739;3597029081541120250601;2025-06-01;359;56525814;0
55196;3597029081541720250701;2025-07-01;359;56525814;0
49196;3597029081543320250801;2025-08-01;359;56525814;0
1144;35972544193124620260401;2026-04-01;359;2029771;0
30258;3597254480803420251101;2025-11-01;359;2029771;0
11224;3597254489164220260201;2026-02-01;359;2029771;0
17450;3597254490685720260101;2026-01-01;359;2029771;0
5213;3597254494170920260301;2026-03-01;359;2029771;0
30260;3597288580930220251101;2025-11-01;359;1806432;0
36801;3597540981411620251001;2025-10-01;359;10896473;0
30261;3597540981422020251101;2025-11-01;359;10896473;0
92989;3597540981538120250101;2025-01-01;359;10896473;0
74280;3597540981539720250401;2025-04-01;359;10896473;0
68056;3597540981540620250501;2025-05-01;359;10896473;0
61741;3597540981541320250601;2025-06-01;359;10896473;0
55202;3597540981542420250701;2025-07-01;359;10896473;0
49194;3597540981542920250801;2025-08-01;359;10896473;0
55194;3597582881534220250701;2025-07-01;359;9005662;0
49190;3597582881535020250801;2025-08-01;359;9005662;0
49187;3597582981534720250801;2025-08-01;359;24877140;0
49188;3597583081534820250801;2025-08-01;359;9001186;0
55195;3597583081541520250701;2025-07-01;359;9001186;0
49189;3597583181534920250801;2025-08-01;359;56511928;0
43235;3597583281535420250901;2025-09-01;359;45675639;0
43236;3597583381535520250901;2025-09-01;359;14635631;0
43237;3597583481535620250901;2025-09-01;359;14635569;0
43238;3597583581535720250901;2025-09-01;359;14635712;0
43240;3597583981536520250901;2025-09-01;359;7043049997;0
30271;3597583982041220251101;2025-11-01;359;7043049997;0
23823;3597583986100620251201;2025-12-01;359;7043049997;0
17436;3597583989164120260101;2026-01-01;359;7043049997;0
36805;3597583990683220251001;2025-10-01;359;7043049997;0
11234;3597583994171120260201;2026-02-01;359;7043049997;0
43241;3597584181536920250901;2025-09-01;359;7040612836;0
30278;3597584185517620251101;2025-11-01;359;7040612836;0
23827;3597584186569320251201;2025-12-01;359;7040612836;0
17438;3597584189269920260101;2026-01-01;359;7040612836;0
92983;3597584281537420250101;2025-01-01;359;15528087;0
74276;3597584281539120250401;2025-04-01;359;15528087;0
68051;3597584281540020250501;2025-05-01;359;15528087;0
61736;3597584281540820250601;2025-06-01;359;15528087;0
55197;3597584281541820250701;2025-07-01;359;15528087;0
23828;3597584288080820251201;2025-12-01;359;15528087;0
17440;3597584290681420260101;2026-01-01;359;15528087;0
11226;3597584290681720260201;2026-02-01;359;15528087;0
92986;3597584581537820250101;2025-01-01;359;7029998374;0
74279;3597584581539620250401;2025-04-01;359;7029998374;0
49199;3597584581737820250801;2025-08-01;359;7029998374;0
36802;3597584581738720251001;2025-10-01;359;7029998374;0
30282;3597584590683320251101;2025-11-01;359;7029998374;0
17447;3597584590683720260101;2026-01-01;359;7029998374;0
23833;3597584590684020251201;2025-12-01;359;7029998374;0
92987;3597584681537920250101;2025-01-01;359;748145;0
74281;3597584681539820250401;2025-04-01;359;748145;0
68057;3597584681540720250501;2025-05-01;359;748145;0
61742;3597584681541420250601;2025-06-01;359;748145;0
55198;3597584681542020250701;2025-07-01;359;748145;0
49198;3597584681543620250801;2025-08-01;359;748145;0
92988;3597584781538020250101;2025-01-01;359;7029944614;0
86817;3597584781538420250201;2025-02-01;359;7029944614;0
55203;3597584781737720250701;2025-07-01;359;7029944614;0
49200;3597584781737920250801;2025-08-01;359;7029944614;0
36803;3597584781738820251001;2025-10-01;359;7029944614;0
30283;3597584790683520251101;2025-11-01;359;7029944614;0
17449;3597584790683920260101;2026-01-01;359;7029944614;0
5348;35976494193127520260301;2026-03-01;359;50514229;0
11605;35976494193127920260201;2026-02-01;359;50514229;0
30262;3597649481724720251101;2025-11-01;359;50514229;0
5214;35976501190259420260301;2026-03-01;359;6829678;0
23840;35976501191755420251201;2025-12-01;359;6829678;0
30265;3597650181726720251101;2025-11-01;359;6829678;0
11222;3597650188833020260201;2026-02-01;359;6829678;0
30267;3597650381727020251101;2025-11-01;359;6022758;0
30268;3597650481727120251101;2025-11-01;359;102288726;0
23813;3597650484336620251201;2025-12-01;359;102288726;0
17430;3597650487978720260101;2026-01-01;359;102288726;0
618766;35980920250701;2025-07-01;359;4007948293;0
30277;3598689583829320251101;2025-11-01;359;3017152296;0
92990;3598702583843820250101;2025-01-01;359;3015527098;0
49201;3598702683843920250801;2025-08-01;359;3033895444;0
74282;3598702683844020250401;2025-04-01;359;3033895444;0
55204;3598702683844220250701;2025-07-01;359;3033895444;0
61744;3598702683844720250601;2025-06-01;359;3033895444;0
68058;3598702683844820250501;2025-05-01;359;3033895444;0
23830;3598702690681920251201;2025-12-01;359;3033895444;0
17442;3598702690682120260101;2026-01-01;359;3033895444;0
61743;3598702883843720250601;2025-06-01;359;3033894286;0
74283;3598702883844320250401;2025-04-01;359;3033894286;0
49202;3598702883844420250801;2025-08-01;359;3033894286;0
23829;3598702890681520251201;2025-12-01;359;3033894286;0
17441;3598702890681620260101;2026-01-01;359;3033894286;0
5215;35988715191761220260301;2026-03-01;359;80393229;0
23812;3598871584279020251201;2025-12-01;359;80393229;0
17422;3598871585688620260101;2026-01-01;359;80393229;0
11225;3598871589809320260201;2026-02-01;359;80393229;0
23814;3598880384336720251201;2025-12-01;359;3021904715;0
17432;3598880387978920260101;2026-01-01;359;3021904715;0
23815;3598880484336820251201;2025-12-01;359;3016785350;0
17429;3598880487978220260101;2026-01-01;359;3016785350;0
23817;3598880584337020251201;2025-12-01;359;3017328904;0
17431;3598880587978820260101;2026-01-01;359;3017328904;0
23820;3598888384346520251201;2025-12-01;359;3002333448;0
17427;3598888387973020260101;2026-01-01;359;3002333448;0
11232;3598888392639020260201;2026-02-01;359;3002333448;0
619782;35989520250101;2025-01-01;359;7029944614;0
619606;35989620250201;2025-02-01;359;7029944614;0
618612;35989720250801;2025-08-01;359;7029944614;0
618302;35989820251001;2025-10-01;359;7029944614;0
618778;35989920250701;2025-07-01;359;7029944614;0
618765;359921020250701;2025-07-01;359;4011488736;0
30280;3599239185517820251101;2025-11-01;359;7005389300;0
17451;3599239190688620260101;2026-01-01;359;7005389300;0
618301;359971020251001;2025-10-01;359;7029998374;0
619780;35997620250101;2025-01-01;359;7029998374;0
619273;35997720250401;2025-04-01;359;7029998374;0
618610;35997920250801;2025-08-01;359;7029998374;0
619775;359991320250101;2025-01-01;359;7030062390;0
619268;359991720250401;2025-04-01;359;7030062390;0
622738;36010028920251001;2025-10-01;360;201452389;0
622696;36016010020251101;2025-11-01;360;76598641;0
622690;36017428920251101;2025-11-01;360;201608847;0
622669;3601899220251101;2025-11-01;360;20205813;0
622717;36019648820251001;2025-10-01;360;201867324;0
622647;36019648920251101;2025-11-01;360;201867324;0
622721;36019819020251001;2025-10-01;360;202261351;0
622651;36019819120251101;2025-11-01;360;202261351;0
622726;36019938920251001;2025-10-01;360;202403926;0
622680;36020110020251101;2025-11-01;360;20233647;0
622671;36020531420251101;2025-11-01;360;20197870;0
622743;36020561320251001;2025-10-01;360;20303076;0
622731;36020571320251001;2025-10-01;360;20239998;0
622655;36020571420251101;2025-11-01;360;20239998;0
622732;36020581320251001;2025-10-01;360;20264721;0
622718;36020611420251001;2025-10-01;360;20233639;0
622648;36020611520251101;2025-11-01;360;20233639;0
622663;36020621520251101;2025-11-01;360;20240082;0
623554;3602064120241001;2024-10-01;360;204534884;0
622730;3602228720251001;2025-10-01;360;2002591;0
622850;3602228820250801;2025-08-01;360;2002591;0
622673;3602249120251101;2025-11-01;360;2390370;0
622741;3602298620251001;2025-10-01;360;20197918;0
622923;3602298820250701;2025-07-01;360;20197918;0
622733;3602418620251001;2025-10-01;360;20212721;0
622851;3602418720250801;2025-08-01;360;20212721;0
622921;3602418820250701;2025-07-01;360;20212721;0
622683;3602668820251101;2025-11-01;360;20233701;0
622737;3602788720251001;2025-10-01;360;20251939;0
622852;3602788820250801;2025-08-01;360;20251939;0
622922;3602788920250701;2025-07-01;360;20251939;0
622688;3602828520251101;2025-11-01;360;20252005;0
622668;3602848820251101;2025-11-01;360;20252056;0
622719;3602858920251001;2025-10-01;360;20252064;0
622649;3602859020251101;2025-11-01;360;20252064;0
622674;3602888920251101;2025-11-01;360;20258046;0
622686;3602908920251101;2025-11-01;360;20258071;0
622734;3602968920251001;2025-10-01;360;20258151;0
622693;3603169120251101;2025-11-01;360;20283741;0
622742;3603208520251001;2025-10-01;360;20289901;0
622658;3603208620251101;2025-11-01;360;20289901;0
622664;3603558920251101;2025-11-01;360;20315635;0
622727;3603648920251001;2025-10-01;360;20322887;0
622654;3603649020251101;2025-11-01;360;20322887;0
622854;3603978920250801;2025-08-01;360;36867012;0
622697;3603979120251101;2025-11-01;360;36867012;0
93147;3604034271335120250101;2025-01-01;360;204534884;0
101089;3604034271335220241201;2024-12-01;360;204534884;0
55356;3604034271335320250701;2025-07-01;360;204534884;0
68214;3604034271335520250501;2025-05-01;360;204534884;0
61876;3604034271335620250601;2025-06-01;360;204534884;0
117029;3604034271336020241001;2024-10-01;360;204534884;0
36963;3604034281806320251001;2025-10-01;360;204534884;0
23976;3604034290010220251201;2025-12-01;360;204534884;0
55357;3604034371335420250701;2025-07-01;360;204481827;0
61877;3604034371335820250601;2025-06-01;360;204481827;0
30456;3604034381739420251101;2025-11-01;360;204481827;0
622723;3604118920251001;2025-10-01;360;74482807;0
622689;3604238520251101;2025-11-01;360;75472830;0
622677;3604289020251101;2025-11-01;360;76017273;0
622694;3604319020251101;2025-11-01;360;78000289;0
622725;3604348820251001;2025-10-01;360;79131743;0
622653;3604348920251101;2025-11-01;360;79131743;0
622687;3604428920251101;2025-11-01;360;82838054;0
622665;3604449020251101;2025-11-01;360;83526013;0
622661;3604478920251101;2025-11-01;360;84811994;0
622698;3604538720251101;2025-11-01;360;85032867;0
622667;3604548820251101;2025-11-01;360;85049921;0
622691;3604618520251101;2025-11-01;360;85427951;0
622692;3604628520251101;2025-11-01;360;85735078;0
622678;3604718920251101;2025-11-01;360;87060507;0
622666;3604749020251101;2025-11-01;360;88454851;0
622672;3605139120251101;2025-11-01;360;113863438;0
622720;3605178820251001;2025-10-01;360;114427747;0
622650;3605178920251101;2025-11-01;360;114427747;0
622679;360529320251101;2025-11-01;360;25192302;0
622684;360539920251101;2025-11-01;360;20220286;0
622670;3605528320251101;2025-11-01;360;121226913;0
622652;3605668820251101;2025-11-01;360;200462649;0
622729;3605678920251001;2025-10-01;360;200555584;0
622685;3605868920251101;2025-11-01;360;201166456;0
622662;3605908920251101;2025-11-01;360;201178446;0
36935;3606832879663620251001;2025-10-01;360;201867324;0
30410;3606832880787020251101;2025-11-01;360;201867324;0
36936;3606832979663720251001;2025-10-01;360;20233639;0
30430;3606832980789020251101;2025-11-01;360;20233639;0
36937;3606833179663920251001;2025-10-01;360;20252064;0
30437;3606833180789820251101;2025-11-01;360;20252064;0
36938;3606833279664020251001;2025-10-01;360;114427747;0
30434;3606833280789520251101;2025-11-01;360;114427747;0
36939;3606833379664120251001;2025-10-01;360;202261351;0
30440;3606833380790120251101;2025-11-01;360;202261351;0
36940;3606833479664220251001;2025-10-01;360;200462649;0
30435;3606833480789620251101;2025-11-01;360;200462649;0
36941;3606833579664320251001;2025-10-01;360;74482807;0
36942;3606833679664520251001;2025-10-01;360;38891263;0
36943;3606833779664620251001;2025-10-01;360;79131743;0
30446;3606833780790920251101;2025-11-01;360;79131743;0
36944;3606833879664720251001;2025-10-01;360;202403926;0
36945;3606833979664820251001;2025-10-01;360;20322887;0
30453;3606833980791720251101;2025-11-01;360;20322887;0
36946;3606834079664920251001;2025-10-01;360;20205686;0
36947;3606834179665020251001;2025-10-01;360;200555584;0
36948;3606834279665120251001;2025-10-01;360;2002591;0
55361;3606834281534620250701;2025-07-01;360;2002591;0
49355;3606834281543220250801;2025-08-01;360;2002591;0
36949;3606834379665220251001;2025-10-01;360;20239998;0
30454;3606834380791820251101;2025-11-01;360;20239998;0
36950;3606834479665320251001;2025-10-01;360;20264721;0
36951;3606834579665420251001;2025-10-01;360;20212721;0
55358;3606834581534320250701;2025-07-01;360;20212721;0
49354;3606834581543020250801;2025-08-01;360;20212721;0
36952;3606834679665520251001;2025-10-01;360;20258151;0
36953;3606834779665620251001;2025-10-01;360;200667540;0
30449;3606834780791220251101;2025-11-01;360;200667540;0
36954;3606834879665720251001;2025-10-01;360;76117006;0
36955;3606834979665820251001;2025-10-01;360;20251939;0
55359;3606834981534420250701;2025-07-01;360;20251939;0
49352;3606834981542620250801;2025-08-01;360;20251939;0
36956;3606835079665920251001;2025-10-01;360;201452389;0
36957;3606835179666020251001;2025-10-01;360;20264739;0
30455;3606835180791920251101;2025-11-01;360;20264739;0
36958;3606835279666120251001;2025-10-01;360;118363603;0
36959;3606835379666220251001;2025-10-01;360;20197918;0
55360;3606835381534520250701;2025-07-01;360;20197918;0
49353;3606835381542720250801;2025-08-01;360;20197918;0
36960;3606835479666320251001;2025-10-01;360;20289901;0
30448;3606835480791120251101;2025-11-01;360;20289901;0
36961;3606835779666620251001;2025-10-01;360;20303076;0
30451;3606835780791520251101;2025-11-01;360;20303076;0
36962;3606835879666720251001;2025-10-01;360;20303068;0
30450;3606835880791420251101;2025-11-01;360;20303068;0
30404;3607249280786420251101;2025-11-01;360;84811994;0
30405;3607249380786520251101;2025-11-01;360;201178446;0
30406;3607249480786620251101;2025-11-01;360;20240082;0
23977;3607249490010320251201;2025-12-01;360;20240082;0
30407;3607249580786720251101;2025-11-01;360;20315635;0
30408;3607249680786820251101;2025-11-01;360;83526013;0
30409;3607249780786920251101;2025-11-01;360;88454851;0
30411;3607249880787120251101;2025-11-01;360;85049921;0
30412;3607249980787220251101;2025-11-01;360;20252056;0
30413;3607250080787320251101;2025-11-01;360;20205813;0
30414;3607250180787420251101;2025-11-01;360;121226913;0
30415;3607250280787520251101;2025-11-01;360;20197870;0
30416;3607250380787620251101;2025-11-01;360;113863438;0
30417;3607250480787720251101;2025-11-01;360;2390370;0
30418;3607250580787820251101;2025-11-01;360;20258046;0
30419;3607250680787920251101;2025-11-01;360;20264691;0
30420;3607250780788020251101;2025-11-01;360;20309724;0
30421;3607250880788120251101;2025-11-01;360;76017273;0
30422;3607250980788220251101;2025-11-01;360;87060507;0
30423;3607251080788320251101;2025-11-01;360;25192302;0
30424;3607251180788420251101;2025-11-01;360;20233647;0
30425;3607251280788520251101;2025-11-01;360;20233680;0
30426;3607251380788620251101;2025-11-01;360;20251998;0
30427;3607251480788720251101;2025-11-01;360;20233701;0
30428;3607251580788820251101;2025-11-01;360;20220286;0
30429;3607251680788920251101;2025-11-01;360;201166456;0
30431;3607251780789120251101;2025-11-01;360;20258071;0
30432;3607251880789220251101;2025-11-01;360;82838054;0
30433;3607251980789420251101;2025-11-01;360;20252005;0
30436;3607252080789720251101;2025-11-01;360;75472830;0
30438;3607252180789920251101;2025-11-01;360;201608847;0
30439;3607252280790020251101;2025-11-01;360;85427951;0
30441;3607252380790220251101;2025-11-01;360;85735078;0
30442;3607252480790420251101;2025-11-01;360;20283741;0
30443;3607252580790520251101;2025-11-01;360;78000289;0
30444;3607252680790720251101;2025-11-01;360;73800945;0
30445;3607252780790820251101;2025-11-01;360;76598641;0
30447;3607252880791020251101;2025-11-01;360;36867012;0
49356;3607252881543520250801;2025-08-01;360;36867012;0
30452;3607253080791620251101;2025-11-01;360;85032867;0
622676;360819120251101;2025-11-01;360;20309724;0
622681;360879820251101;2025-11-01;360;20233680;0
622736;360899720251001;2025-10-01;360;76117006;0
622695;360909420251101;2025-11-01;360;73800945;0
109113;362101320241101;2024-11-01;362;4001959474;0
101215;362101421775420241201;2024-12-01;362;200003707;0
93255;362101421914020250101;2025-01-01;362;200003707;0
74632;3621014241747720250401;2025-04-01;362;200003707;0
43537;3621014276431620250901;2025-09-01;362;200003707;0
37178;3621014278281120251001;2025-10-01;362;200003707;0
87053;36210142976920250201;2025-02-01;362;200003707;0
101214;362101431775320241201;2024-12-01;362;120041972;0
93252;362101431906620250101;2025-01-01;362;120041972;0
74633;3621014341747820250401;2025-04-01;362;120041972;0
62057;3621014355962220250601;2025-06-01;362;120041972;0
80774;36210143824020250301;2025-03-01;362;120041972;0
87054;36210143977020250201;2025-02-01;362;120041972;0
11451;36210152888426220260201;2026-02-01;362;85398080;0
11455;36210168788507620260201;2026-02-01;362;W9010646693;0
43641;36210168790985820250901;2025-09-01;362;W9010646693;0
17867;36210178388581720260101;2026-01-01;362;7472250;0
11671;36210178393569420260201;2026-02-01;362;7472250;0
17869;36210178588582220260101;2026-01-01;362;7475500;0
11672;36210178593571520260201;2026-02-01;362;7475500;0
68332;362102341785920250501;2025-05-01;362;10007466674;0
61985;3621023449837620250601;2025-06-01;362;10007466674;0
49456;3621023474141120250801;2025-08-01;362;10007466674;0
43507;3621023475095120250901;2025-09-01;362;10007466674;0
11559;36210445690353120260201;2026-02-01;362;350001;0
80775;362104791034820250301;2025-03-01;362;0151331741;0
144195;362104791038620240601;2024-06-01;362;0151331741;0
151583;362104791079920240501;2024-05-01;362;0151331741;0
93225;362104791486320250101;2025-01-01;362;0151331741;0
117154;362104791851720241001;2024-10-01;362;0151331741;0
109170;362104791880620241101;2024-11-01;362;0151331741;0
74666;3621047968806220250401;2025-04-01;362;0151331741;0
68423;3621047970175020250501;2025-05-01;362;0151331741;0
93251;362104801859720250101;2025-01-01;362;2733180;0
80941;36210480192136720250301;2025-03-01;362;2733180;0
74704;36210480192136820250401;2025-04-01;362;2733180;0
68467;36210480192136920250501;2025-05-01;362;2733180;0
62154;36210480192137020250601;2025-06-01;362;2733180;0
49603;36210480192137120250801;2025-08-01;362;2733180;0
43659;36210480192137220250901;2025-09-01;362;2733180;0
55589;36210480192137320250701;2025-07-01;362;2733180;0
87203;36210480192137420250201;2025-02-01;362;2733180;0
37276;36210480192137520251001;2025-10-01;362;2733180;0
24335;3621048090680620251201;2025-12-01;362;2733180;0
17915;3621048090885420260101;2026-01-01;362;2733180;0
87110;362104811859820250201;2025-02-01;362;2759119;0
62147;36210481192133020250601;2025-06-01;362;2759119;0
55583;36210481192133120250701;2025-07-01;362;2759119;0
49597;36210481192133320250801;2025-08-01;362;2759119;0
37271;36210481192133520251001;2025-10-01;362;2759119;0
74674;3621048174695820250401;2025-04-01;362;2759119;0
80923;3621048174695920250301;2025-03-01;362;2759119;0
68432;3621048174697420250501;2025-05-01;362;2759119;0
109226;3621048174699320241101;2024-11-01;362;2759119;0
101396;3621048174786920241201;2024-12-01;362;2759119;0
43594;3621048178519920250901;2025-09-01;362;2759119;0
24298;3621048185370620251201;2025-12-01;362;2759119;0
17920;3621048190913220260101;2026-01-01;362;2759119;0
87111;362104821859920250201;2025-02-01;362;2800986;0
43657;36210482192135920250901;2025-09-01;362;2800986;0
188121;3621048271079220240101;2024-01-01;362;2800986;0
62112;3621048274692920250601;2025-06-01;362;2800986;0
93271;3621048274693120250101;2025-01-01;362;2800986;0
74671;3621048274695220250401;2025-04-01;362;2800986;0
68429;3621048274697020250501;2025-05-01;362;2800986;0
109221;3621048274698320241101;2024-11-01;362;2800986;0
101391;3621048274786420241201;2024-12-01;362;2800986;0
24295;3621048284619720251201;2025-12-01;362;2800986;0
17862;3621048288426320260101;2026-01-01;362;2800986;0
62005;3621049853920250601;2025-06-01;362;4001959474;0
68334;362105621897220250501;2025-05-01;362;1160032901881;0
80888;3621056221362620250301;2025-03-01;362;1160032901881;0
11614;36210562590979620260201;2026-02-01;362;2921644;0
17966;36210562591035620260101;2026-01-01;362;2921644;0
55449;3621056271300420250701;2025-07-01;362;1160032901881;0
37074;3621056276616720251001;2025-10-01;362;1160032901881;0
30526;3621056279680820251101;2025-11-01;362;1160032901881;0
68336;362105631897420250501;2025-05-01;362;1117998401885;0
74614;3621056321363020250401;2025-04-01;362;1117998401885;0
37082;3621056376694320251001;2025-10-01;362;1117998401885;0
24253;3621056382712820251201;2025-12-01;362;1117998401885;0
5517;362105639191760620260301;2026-03-01;362;18107087;0
37261;36210563990986620251001;2025-10-01;362;18107087;0
68338;362105641897920250501;2025-05-01;362;49159560;0
30527;3621056479680920251101;2025-11-01;362;49159560;0
17945;36210564990989220260101;2026-01-01;362;9302815;0
68339;362105651899720250501;2025-05-01;362;53184731;0
5520;36210565191839820260301;2026-03-01;362;53184731;0
55444;3621056571179720250701;2025-07-01;362;53184731;0
17947;36210565790991120260101;2026-01-01;362;7652839;0
30644;3621056580813020251101;2025-11-01;362;53184731;0
17839;3621056587661020260101;2026-01-01;362;53184731;0
11573;3621056590860420260201;2026-02-01;362;53184731;0
68340;362105661899820250501;2025-05-01;362;53184804;0
5729;36210566193409520260301;2026-03-01;362;53184804;0
17955;36210566490992720260101;2026-01-01;362;9587972;0
55476;3621056673924320250701;2025-07-01;362;53184804;0
30643;3621056680812920251101;2025-11-01;362;53184804;0
17840;3621056687662020260101;2026-01-01;362;53184804;0
17971;36210589491184820260101;2026-01-01;362;1329792;0
11628;36210740493315520260201;2026-02-01;362;1051608801810;0
17983;36210740493315920260101;2026-01-01;362;1051608801810;0
49508;3621074368220250801;2025-08-01;362;4001959474;0
11669;36210755893568020260201;2026-02-01;362;1051608901805;0
117107;36210920241001;2024-10-01;362;4001959474;0
18027;362109977191741020260101;2026-01-01;362;6152759;0
49581;362109981191746420250801;2025-08-01;362;10486525;0
144378;362109981191759420240601;2024-06-01;362;10486525;0
49582;362109985191754820250801;2025-08-01;362;20001101;0
55570;362110156191766220250701;2025-07-01;362;36665231;0
93286;362110156191766620250101;2025-01-01;362;36665231;0
87195;362110156191766820250201;2025-02-01;362;36665231;0
62136;362110156191767320250601;2025-06-01;362;36665231;0
74695;362110156191767520250401;2025-04-01;362;36665231;0
43649;362110156191769320250901;2025-09-01;362;36665231;0
74694;362110157191766320250401;2025-04-01;362;36665223;0
43647;362110157191766520250901;2025-09-01;362;36665223;0
55571;362110157191766720250701;2025-07-01;362;36665223;0
49587;362110157191766920250801;2025-08-01;362;36665223;0
87196;362110157191767020250201;2025-02-01;362;36665223;0
68455;362110157191767120250501;2025-05-01;362;36665223;0
93287;362110157191767220250101;2025-01-01;362;36665223;0
62137;362110157191767420250601;2025-06-01;362;36665223;0
18034;362110441192360720260101;2026-01-01;362;42600410;0
11707;362110441192364220260201;2026-02-01;362;42600410;0
24364;362110441192364520251201;2025-12-01;362;42600410;0
80942;362110441192654220250301;2025-03-01;362;42600410;0
43662;362110441192654320250901;2025-09-01;362;42600410;0
68469;362110441192654420250501;2025-05-01;362;42600410;0
62158;362110441192654520250601;2025-06-01;362;42600410;0
87205;362110441192654620250201;2025-02-01;362;42600410;0
30784;362110441192654820251101;2025-11-01;362;42600410;0
37280;362110441192655320251001;2025-10-01;362;42600410;0
55594;362110441192655420250701;2025-07-01;362;42600410;0
101405;362110441192655520241201;2024-12-01;362;42600410;0
74706;362110441192656120250401;2025-04-01;362;42600410;0
49608;362110441192656220250801;2025-08-01;362;42600410;0
11706;362110442192363120260201;2026-02-01;362;427600430;0
30778;362110442192363620251101;2025-11-01;362;427600430;0
24363;362110442192363920251201;2025-12-01;362;427600430;0
18037;362110442192364320260101;2026-01-01;362;427600430;0
18491;362112102193426620260101;2026-01-01;362;02906830;0
18493;362112104193427520260101;2026-01-01;362;5725437;0
44101;362112104193429820250901;2025-09-01;362;5725437;0
109121;362112120241101;2024-11-01;362;2083643656;0
101161;362112620241201;2024-12-01;362;2083643656;0
9594;362113121194026420260301;2026-03-01;362;69358005913;0
9596;362113122194026720260301;2026-03-01;362;247126105972;0
3766;362113135194039320260401;2026-04-01;362;57427135;0
9602;362113135194039420260301;2026-03-01;362;57427135;0
22411;362113136194039520260101;2026-01-01;362;00877972;0
22412;362113137194039620260101;2026-01-01;362;4273052;0
54138;362113148194082320250801;2025-08-01;362;749170;0
22413;362113149194082520260101;2026-01-01;362;751355601896;0
48144;362113161194110720250901;2025-09-01;362;2031764550;0
54139;362113161194111020250801;2025-08-01;362;2031764550;0
62045;3621149907520250601;2025-06-01;362;2083643656;0
117106;36211820241001;2024-10-01;362;2083643656;0
117108;362121020241001;2024-10-01;362;2032621329;0
178912;362121512220240201;2024-02-01;362;2032621329;0
109124;362122420241101;2024-11-01;362;2032621329;0
101165;362123020241201;2024-12-01;362;2032621329;0
62043;3621249907320250601;2025-06-01;362;2032621329;0
117109;362131120241001;2024-10-01;362;2095520040;0
109114;362131420241101;2024-11-01;362;2095520040;0
101166;362133120241201;2024-12-01;362;2095520040;0
62048;3621349907820250601;2025-06-01;362;2095520040;0
117110;362141220241001;2024-10-01;362;2079470831;0
109122;362142220241101;2024-11-01;362;2079470831;0
101162;362142720241201;2024-12-01;362;2079470831;0
62001;3621449853520250601;2025-06-01;362;2079470831;0
68359;362146138628620250501;2025-05-01;362;613580;0
37079;3621476619320251001;2025-10-01;362;2079470831;0
68451;36214829190467920250501;2025-05-01;362;55691410;0
74690;36214829191756220250401;2025-04-01;362;55691410;0
62134;36214829191757120250601;2025-06-01;362;55691410;0
43643;36214829191758120250901;2025-09-01;362;55691410;0
49583;36214829191758220250801;2025-08-01;362;55691410;0
24354;36214829191759920251201;2025-12-01;362;55691410;0
80929;36214829191760020250301;2025-03-01;362;55691410;0
87118;3621482919922620250201;2025-02-01;362;55691410;0
5483;36214945190163520260301;2026-03-01;362;75915855;0
61947;3621494519935220250601;2025-06-01;362;75915855;0
151660;3621494521366920240501;2024-05-01;362;75915855;0
24198;3621494582360320251201;2025-12-01;362;75915855;0
17684;3621494584860020260101;2026-01-01;362;75915855;0
11472;3621494588896420260201;2026-02-01;362;75915855;0
18022;36214946190589920260101;2026-01-01;362;5475392;0
11693;36214946190590520260201;2026-02-01;362;5475392;0
61948;3621494619935320250601;2025-06-01;362;5475392;0
24196;3621494682359820251201;2025-12-01;362;5475392;0
74524;362151356720250401;2025-04-01;362;12058343;0
101167;362153220241201;2024-12-01;362;12058343;0
117114;36216018020241001;2024-10-01;362;2094625239;0
109127;36216020320241101;2024-11-01;362;2094625239;0
101170;36216022520241201;2024-12-01;362;2094625239;0
30676;36216081094920251101;2025-11-01;362;2094625239;0
117112;36216117820241001;2024-10-01;362;2083643311;0
109129;36216120520241101;2024-11-01;362;2083643311;0
101175;36216123020241201;2024-12-01;362;2083643311;0
61967;36216147458620250601;2025-06-01;362;2083643311;0
117113;36216217920241001;2024-10-01;362;2089468856;0
109128;36216220420241101;2024-11-01;362;2089468856;0
101172;36216222720241201;2024-12-01;362;2089468856;0
62016;36216249904620250601;2025-06-01;362;2089468856;0
17665;36216284506420260101;2026-01-01;362;2089468856;0
11471;36216288894120260201;2026-02-01;362;2089468856;0
5449;36216293656620260301;2026-03-01;362;2089468856;0
117111;36216317720241001;2024-10-01;362;2072934123;0
109141;36216321720241101;2024-11-01;362;2072934123;0
101177;36216323220241201;2024-12-01;362;2072934123;0
101168;362163320241201;2024-12-01;362;11230410;0
17667;36216384524120260101;2026-01-01;362;2072934123;0
11474;36216388965020260201;2026-02-01;362;2072934123;0
5456;36216393673220260301;2026-03-01;362;2072934123;0
74512;3621641304720250401;2025-04-01;362;2036318635;0
117115;36216418120241001;2024-10-01;362;2036318635;0
109142;36216421820241101;2024-11-01;362;2036318635;0
101176;36216423120241201;2024-12-01;362;2036318635;0
49423;36216471299720250801;2025-08-01;362;2036318635;0
17666;36216484507420260101;2026-01-01;362;2036318635;0
11467;36216488886020260201;2026-02-01;362;2036318635;0
5478;36216494561620260301;2026-03-01;362;2036318635;0
117122;36216518820241001;2024-10-01;362;2095117245;0
109126;36216520220241101;2024-11-01;362;2095117245;0
101171;36216522620241201;2024-12-01;362;2095117245;0
117120;36216618620241001;2024-10-01;362;2090463099;0
109130;36216620620241101;2024-11-01;362;2090463099;0
101174;36216622920241201;2024-12-01;362;2090463099;0
62044;36216649907420250601;2025-06-01;362;2090463099;0
37028;36216676434720251001;2025-10-01;362;2090463099;0
117124;36216719020241001;2024-10-01;362;4001959473;0
109125;36216720120241101;2024-11-01;362;4001959473;0
62047;36216749907720250601;2025-06-01;362;4001959473;0
49507;36216774368120250801;2025-08-01;362;4001959473;0
30534;3621679688920251101;2025-11-01;362;11230410;0
117123;36216818920241001;2024-10-01;362;2089496604;0
5495;362168190618020260301;2026-03-01;362;2089496604;0
109131;36216820720241101;2024-11-01;362;2089496604;0
17671;3621684672320260101;2026-01-01;362;11230410;0
62035;36216849906520250601;2025-06-01;362;2089496604;0
30550;36216879932720251101;2025-11-01;362;2089496604;0
24277;36216882959620251201;2025-12-01;362;2089496604;0
17730;36216885562220260101;2026-01-01;362;2089496604;0
11512;36216889456320260201;2026-02-01;362;2089496604;0
11476;3621688998220260201;2026-02-01;362;11230410;0
169785;3621691512120240301;2024-03-01;362;2031772731;0
117116;36216918220241001;2024-10-01;362;2031772731;0
109133;36216920920241101;2024-11-01;362;2031772731;0
101173;36216922820241201;2024-12-01;362;2031772731;0
49422;36216971299520250801;2025-08-01;362;2031772731;0
30677;36216981095020251101;2025-11-01;362;2031772731;0
117118;36217018420241001;2024-10-01;362;2031769713;0
109136;36217021220241101;2024-11-01;362;2031769713;0
101180;36217023520241201;2024-12-01;362;2031769713;0
43464;36217074628420250901;2025-09-01;362;2031769713;0
74511;3621711304520250401;2025-04-01;362;2031772587;0
117117;36217118320241001;2024-10-01;362;2031772587;0
109138;36217121420241101;2024-11-01;362;2031772587;0
101178;36217123320241201;2024-12-01;362;2031772587;0
30680;36217181095320251101;2025-11-01;362;2031772587;0
74629;3621721369520250401;2025-04-01;362;13411225;0
117119;36217218520241001;2024-10-01;362;2031764568;0
109132;36217220820241101;2024-11-01;362;2031764568;0
101181;36217223620241201;2024-12-01;362;2031764568;0
43467;36217274628720250901;2025-09-01;362;2031764568;0
117121;36217318720241001;2024-10-01;362;2031769501;0
109135;36217321120241101;2024-11-01;362;2031769501;0
101182;36217323720241201;2024-12-01;362;2031769501;0
101169;362173420241201;2024-12-01;362;13411225;0
43466;36217374628620250901;2025-09-01;362;2031769501;0
17656;36217384437020260101;2026-01-01;362;2031769501;0
117125;36217419120241001;2024-10-01;362;2025112449;0
109137;36217421320241101;2024-11-01;362;2025112449;0
101185;36217424020241201;2024-12-01;362;2025112449;0
43468;36217474632220250901;2025-09-01;362;2025112449;0
117127;36217519320241001;2024-10-01;362;2026724812;0
109134;36217521020241101;2024-11-01;362;2026724812;0
101184;36217523920241201;2024-12-01;362;2026724812;0
62032;36217549906220250601;2025-06-01;362;2026724812;0
43465;36217574628520250901;2025-09-01;362;2026724812;0
30596;36217580290520251101;2025-11-01;362;2026724812;0
17657;36217584437820260101;2026-01-01;362;2026724812;0
11510;36217589374420260201;2026-02-01;362;2026724812;0
5477;36217594561320260301;2026-03-01;362;2026724812;0
117126;36217619220241001;2024-10-01;362;2026724987;0
109140;36217621620241101;2024-11-01;362;2026724987;0
101183;36217623820241201;2024-12-01;362;2026724987;0
30595;36217680289620251101;2025-11-01;362;2026724987;0
17658;36217684438420260101;2026-01-01;362;2026724987;0
11464;36217688846920260201;2026-02-01;362;2026724987;0
5475;36217694560920260301;2026-03-01;362;2026724987;0
117128;36217719420241001;2024-10-01;362;2024619931;0
109139;36217721520241101;2024-11-01;362;2024619931;0
101191;36217724620241201;2024-12-01;362;2024619931;0
49509;3621774479620250801;2025-08-01;362;13411225;0
37030;3621776438020251001;2025-10-01;362;13411225;0
169784;3621781512020240301;2024-03-01;362;2024693499;0
117129;36217819520241001;2024-10-01;362;2024693499;0
109143;36217821920241101;2024-11-01;362;2024693499;0
101190;36217824520241201;2024-12-01;362;2024693499;0
30597;36217880291120251101;2025-11-01;362;2024693499;0
80885;3621788621361920250301;2025-03-01;362;177912201871;0
30638;3621788680543620251101;2025-11-01;362;177912201871;0
74611;3621788721362020250401;2025-04-01;362;542164501807;0
62034;3621788749906420250601;2025-06-01;362;542164501807;0
24169;3621788782018120251201;2025-12-01;362;542164501807;0
74612;3621788821362120250401;2025-04-01;362;3006339312;0
37184;3621788878533120251001;2025-10-01;362;3006339312;0
30497;3621788878891420251101;2025-11-01;362;3006339312;0
24175;3621788882228720251201;2025-12-01;362;3006339312;0
74613;3621789021362520250401;2025-04-01;362;948040401840;0
24168;3621789082018020251201;2025-12-01;362;948040401840;0
74615;3621789421363220250401;2025-04-01;362;3012835858;0
62018;3621789449904820250601;2025-06-01;362;3012835858;0
74616;3621789521363320250401;2025-04-01;362;3012835860;0
62019;3621789549904920250601;2025-06-01;362;3012835860;0
74617;3621789721363520250401;2025-04-01;362;3013487296;0
74618;3621789821363620250401;2025-04-01;362;3012835979;0
62022;3621789849905220250601;2025-06-01;362;3012835979;0
74619;3621790021363820250401;2025-04-01;362;3012835944;0
61965;3621790047458320250601;2025-06-01;362;3012835944;0
74620;3621790121363920250401;2025-04-01;362;3012835882;0
62017;3621790149904720250601;2025-06-01;362;3012835882;0
74621;3621790221364020250401;2025-04-01;362;3012835949;0
74622;3621790321364120250401;2025-04-01;362;3012835965;0
61964;3621790347458220250601;2025-06-01;362;3012835965;0
74623;3621790521364320250401;2025-04-01;362;3012835975;0
62020;3621790549905020250601;2025-06-01;362;3012835975;0
18410;36217907193099720260101;2026-01-01;362;1492667;0
188083;3621790721364520240101;2024-01-01;362;1492667;0
160741;3621790721366820240401;2024-04-01;362;1492667;0
24232;3621790782366220251201;2025-12-01;362;1492667;0
11482;3621790789009820260201;2026-02-01;362;1492667;0
188084;3621790821364620240101;2024-01-01;362;1502247;0
24230;3621790882365720251201;2025-12-01;362;1502247;0
17695;3621790884862220260101;2026-01-01;362;1502247;0
11470;3621790888891820260201;2026-02-01;362;1502247;0
5445;3621790893655920260301;2026-03-01;362;1502247;0
188085;3621791021364820240101;2024-01-01;362;1586440;0
37087;3621791076694920251001;2025-10-01;362;1586440;0
24270;3621791082868920251201;2025-12-01;362;1586440;0
17680;3621791084771020260101;2026-01-01;362;1586440;0
5491;36217911190233320260301;2026-03-01;362;1515306;0
18014;36217911190582220260101;2026-01-01;362;1515306;0
1216;36217911193432720260401;2026-04-01;362;1515306;0
188086;3621791121364920240101;2024-01-01;362;1515306;0
24229;3621791182365520251201;2025-12-01;362;1515306;0
11500;3621791189321520260201;2026-02-01;362;1515306;0
18011;36217912190581820260101;2026-01-01;362;40902986;0
188087;3621791221365020240101;2024-01-01;362;40902986;0
24223;3621791282364420251201;2025-12-01;362;40902986;0
11477;3621791289008220260201;2026-02-01;362;40902986;0
5473;3621791294072120260301;2026-03-01;362;40902986;0
11686;36217913190588320260201;2026-02-01;362;64146405;0
109180;3621791321365120241101;2024-11-01;362;64146405;0
24209;3621791382361920251201;2025-12-01;362;64146405;0
17693;3621791384861920260101;2026-01-01;362;64146405;0
5444;3621791393655720260301;2026-03-01;362;64146405;0
18024;36217914190591120260101;2026-01-01;362;80688560;0
9593;36217914194023520260301;2026-03-01;362;80688560;0
3764;36217914194023620260401;2026-04-01;362;80688560;0
109181;3621791421365220241101;2024-11-01;362;80688560;0
37089;3621791476695120251001;2025-10-01;362;80688560;0
30506;3621791479027120251101;2025-11-01;362;80688560;0
49573;3621791479269720250801;2025-08-01;362;80688560;0
24271;3621791482869120251201;2025-12-01;362;80688560;0
11514;3621791489457020260201;2026-02-01;362;80688560;0
5486;36217916190232220260301;2026-03-01;362;98620061;0
18012;36217916190581920260101;2026-01-01;362;98620061;0
11691;36217916190588820260201;2026-02-01;362;98620061;0
109182;3621791621365420241101;2024-11-01;362;98620061;0
169808;3621791621366720240301;2024-03-01;362;98620061;0
24202;3621791682360920251201;2025-12-01;362;98620061;0
18015;36217917190582320260101;2026-01-01;362;29728053;0
11689;36217917190588620260201;2026-02-01;362;29728053;0
101232;3621791721365520241201;2024-12-01;362;29728053;0
24227;3621791782365120251201;2025-12-01;362;29728053;0
5462;3621791794068420260301;2026-03-01;362;29728053;0
109183;3621791821365620241101;2024-11-01;362;99800152;0
37186;3621791878533320251001;2025-10-01;362;99800152;0
30507;3621791879027420251101;2025-11-01;362;99800152;0
17848;3621791887988020260101;2026-01-01;362;99800152;0
11540;3621791889875220260201;2026-02-01;362;99800152;0
117130;36217919620241001;2024-10-01;362;2024693421;0
18013;36217920190582020260101;2026-01-01;362;40931331;0
11688;36217920190588520260201;2026-02-01;362;40931331;0
101233;3621792021365820241201;2024-12-01;362;40931331;0
24219;3621792082363720251201;2025-12-01;362;40931331;0
11680;36217921190585820260201;2026-02-01;362;40931439;0
101234;3621792121365920241201;2024-12-01;362;40931439;0
24218;3621792182363420251201;2025-12-01;362;40931439;0
17691;3621792184861220260101;2026-01-01;362;40931439;0
5442;3621792193655520260301;2026-03-01;362;40931439;0
109144;36217922020241101;2024-11-01;362;2024693421;0
101235;3621792221366020241201;2024-12-01;362;46196374;0
11682;36217923190587820260201;2026-02-01;362;64146278;0
178936;3621792321366120240201;2024-02-01;362;64146278;0
125050;3621792321368620240901;2024-09-01;362;64146278;0
24213;3621792382362320251201;2025-12-01;362;64146278;0
17689;3621792384860720260101;2026-01-01;362;64146278;0
5453;3621792393657320260301;2026-03-01;362;64146278;0
5527;36217924192498920260301;2026-03-01;362;87207877;0
178937;3621792421366220240201;2024-02-01;362;87207877;0
74624;3621792421368820250401;2025-04-01;362;87207877;0
101189;36217924420241201;2024-12-01;362;2024693421;0
30636;3621792480378520251101;2025-11-01;362;87207877;0
17868;3621792488582120260101;2026-01-01;362;87207877;0
11668;3621792493527620260201;2026-02-01;362;87207877;0
11679;36217925190584720260201;2026-02-01;362;64146286;0
178938;3621792521366320240201;2024-02-01;362;64146286;0
24212;3621792582362220251201;2025-12-01;362;64146286;0
17716;3621792585263920260101;2026-01-01;362;64146286;0
18021;36217926190584020260101;2026-01-01;362;95821171;0
5511;36217926191737220260301;2026-03-01;362;95821171;0
178939;3621792621366420240201;2024-02-01;362;95821171;0
151664;3621792621367320240501;2024-05-01;362;95821171;0
74627;3621792621369220250401;2025-04-01;362;95821171;0
178940;3621792721366620240201;2024-02-01;362;87207966;0
74625;3621792721369020250401;2025-04-01;362;87207966;0
30637;3621792780378620251101;2025-11-01;362;87207966;0
24314;3621792786042420251201;2025-12-01;362;87207966;0
5519;36217929191761320260301;2026-03-01;362;81101651;0
151661;3621792921367020240501;2024-05-01;362;81101651;0
131391;3621792921367920240801;2024-08-01;362;81101651;0
55455;3621792971301220250701;2025-07-01;362;81101651;0
30540;3621792979703720251101;2025-11-01;362;81101651;0
17861;3621792988423720260101;2026-01-01;362;81101651;0
11567;3621792990815520260201;2026-02-01;362;81101651;0
151662;3621793021367120240501;2024-05-01;362;85873071;0
24203;3621793082361020251201;2025-12-01;362;85873071;0
17687;3621793084860420260101;2026-01-01;362;85873071;0
11468;3621793088886520260201;2026-02-01;362;85873071;0
151663;3621793121367220240501;2024-05-01;362;82949468;0
144276;3621793121367520240601;2024-06-01;362;82949468;0
131392;3621793121368020240801;2024-08-01;362;82949468;0
5493;36217933190589420260301;2026-03-01;362;76508722;0
144277;3621793321367620240601;2024-06-01;362;76508722;0
24206;3621793382361420251201;2025-12-01;362;76508722;0
17694;3621793384862020260101;2026-01-01;362;76508722;0
11469;3621793388890820260201;2026-02-01;362;76508722;0
144278;3621793421367720240601;2024-06-01;362;90545281;0
74626;3621793421369120250401;2025-04-01;362;90545281;0
37090;3621793476695220251001;2025-10-01;362;90545281;0
24273;3621793482869520251201;2025-12-01;362;90545281;0
17681;3621793484771120260101;2026-01-01;362;90545281;0
11690;36217936190588720260201;2026-02-01;362;82640297;0
18414;36217936193100420260101;2026-01-01;362;82640297;0
131393;3621793621368120240801;2024-08-01;362;82640297;0
24205;3621793682361220251201;2025-12-01;362;82640297;0
5468;3621793694071120260301;2026-03-01;362;82640297;0
131394;3621793721368220240801;2024-08-01;362;83040412;0
18010;36217938190581720260101;2026-01-01;362;56585888;0
11684;36217938190588120260201;2026-02-01;362;56585888;0
125048;3621793821368320240901;2024-09-01;362;56585888;0
24216;3621793882363020251201;2025-12-01;362;56585888;0
5463;3621793894068620260301;2026-03-01;362;56585888;0
18409;36217939193099620260101;2026-01-01;362;57334641;0
1151;36217939193101820260401;2026-04-01;362;57334641;0
125049;3621793921368420240901;2024-09-01;362;57334641;0
24215;3621793982362720251201;2025-12-01;362;57334641;0
5460;3621793994067820260301;2026-03-01;362;57334641;0
18016;36217941190582420260101;2026-01-01;362;64146375;0
125051;3621794121368720240901;2024-09-01;362;64146375;0
24211;3621794182362120251201;2025-12-01;362;64146375;0
11483;3621794189009920260201;2026-02-01;362;64146375;0
5471;3621794194071820260301;2026-03-01;362;64146375;0
74628;3621794421369320250401;2025-04-01;362;11447761;0
37075;3621794476618020251001;2025-10-01;362;11447761;0
30536;3621794479689720251101;2025-11-01;362;11447761;0
74630;3621794521369620250401;2025-04-01;362;11615940;0
30531;3621794579688620251101;2025-11-01;362;11615940;0
17670;3621794584671620260101;2026-01-01;362;11615940;0
11674;3621794593610920260201;2026-02-01;362;11615940;0
5504;36217946191320220260301;2026-03-01;362;40631206;0
87200;36217946191770720250201;2025-02-01;362;40631206;0
80937;36217946191770820250301;2025-03-01;362;40631206;0
55574;36217946191771420250701;2025-07-01;362;40631206;0
62141;36217946191771920250601;2025-06-01;362;40631206;0
68460;36217946191772120250501;2025-05-01;362;40631206;0
49589;36217946191772420250801;2025-08-01;362;40631206;0
43652;36217946191772520250901;2025-09-01;362;40631206;0
74631;3621794621369720250401;2025-04-01;362;40631206;0
37077;3621794676618220251001;2025-10-01;362;40631206;0
30537;3621794679690020251101;2025-11-01;362;40631206;0
17819;3621794687449620260101;2026-01-01;362;40631206;0
11666;3621794693513720260201;2026-02-01;362;40631206;0
188088;3621794721369820240101;2024-01-01;362;114927839;0
101252;3621794743945820241201;2024-12-01;362;114927839;0
178958;3621794743962020240201;2024-02-01;362;114927839;0
169826;3621794743977720240301;2024-03-01;362;114927839;0
160749;3621794743989220240401;2024-04-01;362;114927839;0
151677;3621794744000420240501;2024-05-01;362;114927839;0
137671;3621794744021620240701;2024-07-01;362;114927839;0
131405;3621794744033420240801;2024-08-01;362;114927839;0
87129;3621794744057020250201;2025-02-01;362;114927839;0
30492;3621794778656420251101;2025-11-01;362;114927839;0
24083;3621794781290320251201;2025-12-01;362;114927839;0
188089;3621794821369920240101;2024-01-01;362;117417335;0
101254;3621794843946020241201;2024-12-01;362;117417335;0
178961;3621794843962320240201;2024-02-01;362;117417335;0
169828;3621794843977920240301;2024-03-01;362;117417335;0
160752;3621794843989620240401;2024-04-01;362;117417335;0
137668;3621794844021320240701;2024-07-01;362;117417335;0
131413;3621794844034320240801;2024-08-01;362;117417335;0
125059;3621794844044220240901;2024-09-01;362;117417335;0
30552;3621794879979520251101;2025-11-01;362;117417335;0
17830;3621794887576920260101;2026-01-01;362;117417335;0
188090;3621794921370020240101;2024-01-01;362;100051563203;0
101255;3621794943946120241201;2024-12-01;362;100051563203;0
178960;3621794943962220240201;2024-02-01;362;100051563203;0
169829;3621794943978020240301;2024-03-01;362;100051563203;0
160753;3621794943989720240401;2024-04-01;362;100051563203;0
137670;3621794944021520240701;2024-07-01;362;100051563203;0
131408;3621794944033820240801;2024-08-01;362;100051563203;0
125061;3621794944044420240901;2024-09-01;362;100051563203;0
24125;3621794982012520251201;2025-12-01;362;100051563203;0
17710;3621794985013920260101;2026-01-01;362;100051563203;0
11555;3621794990305520260201;2026-02-01;362;100051563203;0
188091;3621795121370220240101;2024-01-01;362;120434695;0
178962;3621795143962420240201;2024-02-01;362;120434695;0
169830;3621795143978120240301;2024-03-01;362;120434695;0
144292;3621795144011120240601;2024-06-01;362;120434695;0
188092;3621795221370320240101;2024-01-01;362;100158400484;0
101256;3621795243946220241201;2024-12-01;362;100158400484;0
178963;3621795243962520240201;2024-02-01;362;100158400484;0
169831;3621795243978320240301;2024-03-01;362;100158400484;0
144294;3621795244011320240601;2024-06-01;362;100158400484;0
137673;3621795244021820240701;2024-07-01;362;100158400484;0
131410;3621795244034020240801;2024-08-01;362;100158400484;0
125060;3621795244044320240901;2024-09-01;362;100158400484;0
24124;3621795282012420251201;2025-12-01;362;100158400484;0
11538;3621795289842620260201;2026-02-01;362;100158400484;0
188093;3621795321370420240101;2024-01-01;362;100060960635;0
101257;3621795343946320241201;2024-12-01;362;100060960635;0
169832;3621795343978420240301;2024-03-01;362;100060960635;0
137672;3621795344021720240701;2024-07-01;362;100060960635;0
131411;3621795344034120240801;2024-08-01;362;100060960635;0
125062;3621795344044520240901;2024-09-01;362;100060960635;0
30487;3621795378510320251101;2025-11-01;362;100060960635;0
24096;3621795381692520251201;2025-12-01;362;100060960635;0
188094;3621795421370520240101;2024-01-01;362;100070185480;0
101258;3621795443946420241201;2024-12-01;362;100070185480;0
178964;3621795443962620240201;2024-02-01;362;100070185480;0
169833;3621795443978520240301;2024-03-01;362;100070185480;0
137675;3621795444022020240701;2024-07-01;362;100070185480;0
131412;3621795444034220240801;2024-08-01;362;100070185480;0
125063;3621795444044620240901;2024-09-01;362;100070185480;0
30485;3621795478510120251101;2025-11-01;362;100070185480;0
24097;3621795481692620251201;2025-12-01;362;100070185480;0
188095;3621795521370620240101;2024-01-01;362;100061342684;0
101259;3621795543946520241201;2024-12-01;362;100061342684;0
178965;3621795543962720240201;2024-02-01;362;100061342684;0
169834;3621795543978620240301;2024-03-01;362;100061342684;0
144293;3621795544011220240601;2024-06-01;362;100061342684;0
137674;3621795544021920240701;2024-07-01;362;100061342684;0
131414;3621795544034420240801;2024-08-01;362;100061342684;0
125064;3621795544044720240901;2024-09-01;362;100061342684;0
30478;3621795578331620251101;2025-11-01;362;100061342684;0
24099;3621795581692820251201;2025-12-01;362;100061342684;0
17760;3621795586120220260101;2026-01-01;362;100061342684;0
188096;3621795621370720240101;2024-01-01;362;100183587991;0
101283;3621795643948920241201;2024-12-01;362;100183587991;0
178989;3621795643965220240201;2024-02-01;362;100183587991;0
169853;3621795643980820240301;2024-03-01;362;100183587991;0
151693;3621795644002320240501;2024-05-01;362;100183587991;0
144309;3621795644012920240601;2024-06-01;362;100183587991;0
137689;3621795644023620240701;2024-07-01;362;100183587991;0
131430;3621795644036120240801;2024-08-01;362;100183587991;0
125080;3621795644046920240901;2024-09-01;362;100183587991;0
87143;3621795644058520250201;2025-02-01;362;100183587991;0
80893;3621795644063720250301;2025-03-01;362;100183587991;0
37052;3621795676566820251001;2025-10-01;362;100183587991;0
24187;3621795682357520251201;2025-12-01;362;100183587991;0
11502;3621795689335420260201;2026-02-01;362;100183587991;0
188097;3621795721370820240101;2024-01-01;362;100184010647;0
101284;3621795743949020241201;2024-12-01;362;100184010647;0
178990;3621795743965320240201;2024-02-01;362;100184010647;0
169854;3621795743980920240301;2024-03-01;362;100184010647;0
151694;3621795744002420240501;2024-05-01;362;100184010647;0
144310;3621795744013120240601;2024-06-01;362;100184010647;0
137691;3621795744023820240701;2024-07-01;362;100184010647;0
131431;3621795744036220240801;2024-08-01;362;100184010647;0
125079;3621795744046720240901;2024-09-01;362;100184010647;0
24185;3621795782357120251201;2025-12-01;362;100184010647;0
17713;3621795785015620260101;2026-01-01;362;100184010647;0
11535;3621795789816220260201;2026-02-01;362;100184010647;0
188098;3621795821370920240101;2024-01-01;362;100173000378;0
101286;3621795843949220241201;2024-12-01;362;100173000378;0
178992;3621795843965520240201;2024-02-01;362;100173000378;0
151695;3621795844002520240501;2024-05-01;362;100173000378;0
137692;3621795844023920240701;2024-07-01;362;100173000378;0
125081;3621795844047020240901;2024-09-01;362;100173000378;0
24183;3621795882356820251201;2025-12-01;362;100173000378;0
11659;3621795893325120260201;2026-02-01;362;100173000378;0
188100;3621795921371120240101;2024-01-01;362;202273506;0
101288;3621795943949420241201;2024-12-01;362;202273506;0
178995;3621795943965820240201;2024-02-01;362;202273506;0
151698;3621795944002920240501;2024-05-01;362;202273506;0
144312;3621795944013320240601;2024-06-01;362;202273506;0
137695;3621795944024320240701;2024-07-01;362;202273506;0
125084;3621795944047420240901;2024-09-01;362;202273506;0
87144;3621795944058620250201;2025-02-01;362;202273506;0
24063;3621795981093520251201;2025-12-01;362;202273506;0
11522;3621795989758420260201;2026-02-01;362;202273506;0
188101;3621796021371220240101;2024-01-01;362;100173000335;0
101287;3621796043949320241201;2024-12-01;362;100173000335;0
178993;3621796043965620240201;2024-02-01;362;100173000335;0
151697;3621796044002820240501;2024-05-01;362;100173000335;0
137693;3621796044024020240701;2024-07-01;362;100173000335;0
131432;3621796044036320240801;2024-08-01;362;100173000335;0
125083;3621796044047220240901;2024-09-01;362;100173000335;0
37042;3621796076565420251001;2025-10-01;362;100173000335;0
24181;3621796082356520251201;2025-12-01;362;100173000335;0
17704;3621796084919020260101;2026-01-01;362;100173000335;0
11556;3621796090305620260201;2026-02-01;362;100173000335;0
188102;3621796121371320240101;2024-01-01;362;202273507;0
101289;3621796143949520241201;2024-12-01;362;202273507;0
178994;3621796143965720240201;2024-02-01;362;202273507;0
169855;3621796143981120240301;2024-03-01;362;202273507;0
151699;3621796144003020240501;2024-05-01;362;202273507;0
144313;3621796144013420240601;2024-06-01;362;202273507;0
87146;3621796144058820250201;2025-02-01;362;202273507;0
24062;3621796181093420251201;2025-12-01;362;202273507;0
188103;3621796221371420240101;2024-01-01;362;202273508;0
101290;3621796243949620241201;2024-12-01;362;202273508;0
178996;3621796243965920240201;2024-02-01;362;202273508;0
169856;3621796243981220240301;2024-03-01;362;202273508;0
160768;3621796243991420240401;2024-04-01;362;202273508;0
144314;3621796244013520240601;2024-06-01;362;202273508;0
137694;3621796244024220240701;2024-07-01;362;202273508;0
37009;3621796275344420251001;2025-10-01;362;202273508;0
24061;3621796281093320251201;2025-12-01;362;202273508;0
188104;3621796321371520240101;2024-01-01;362;202273527;0
101309;3621796343951520241201;2024-12-01;362;202273527;0
179015;3621796343967820240201;2024-02-01;362;202273527;0
151710;3621796344004120240501;2024-05-01;362;202273527;0
144327;3621796344015020240601;2024-06-01;362;202273527;0
137701;3621796344024920240701;2024-07-01;362;202273527;0
131448;3621796344038120240801;2024-08-01;362;202273527;0
125100;3621796344049520240901;2024-09-01;362;202273527;0
87156;3621796344059820250201;2025-02-01;362;202273527;0
24046;3621796381091820251201;2025-12-01;362;202273527;0
188105;3621796421371620240101;2024-01-01;362;202273528;0
101310;3621796443951620241201;2024-12-01;362;202273528;0
179016;3621796443967920240201;2024-02-01;362;202273528;0
151711;3621796444004220240501;2024-05-01;362;202273528;0
144328;3621796444015120240601;2024-06-01;362;202273528;0
24045;3621796481091720251201;2025-12-01;362;202273528;0
188106;3621796521371720240101;2024-01-01;362;202378698;0
101311;3621796543951720241201;2024-12-01;362;202378698;0
179017;3621796543968020240201;2024-02-01;362;202378698;0
169870;3621796543982820240301;2024-03-01;362;202378698;0
151708;3621796544003920240501;2024-05-01;362;202378698;0
144329;3621796544015220240601;2024-06-01;362;202378698;0
137707;3621796544025520240701;2024-07-01;362;202378698;0
131446;3621796544037920240801;2024-08-01;362;202378698;0
125101;3621796544049620240901;2024-09-01;362;202378698;0
24123;3621796582012320251201;2025-12-01;362;202378698;0
188107;3621796621371820240101;2024-01-01;362;202378701;0
101312;3621796643951820241201;2024-12-01;362;202378701;0
179018;3621796643968120240201;2024-02-01;362;202378701;0
151712;3621796644004320240501;2024-05-01;362;202378701;0
144331;3621796644015420240601;2024-06-01;362;202378701;0
137709;3621796644025720240701;2024-07-01;362;202378701;0
87158;3621796644060020250201;2025-02-01;362;202378701;0
80894;3621796644063820250301;2025-03-01;362;202378701;0
24122;3621796682012120251201;2025-12-01;362;202378701;0
188108;3621796721371920240101;2024-01-01;362;202378702;0
101313;3621796743951920241201;2024-12-01;362;202378702;0
179019;3621796743968220240201;2024-02-01;362;202378702;0
169869;3621796743982620240301;2024-03-01;362;202378702;0
151715;3621796744004620240501;2024-05-01;362;202378702;0
144330;3621796744015320240601;2024-06-01;362;202378702;0
137704;3621796744025220240701;2024-07-01;362;202378702;0
80892;3621796744063620250301;2025-03-01;362;202378702;0
24121;3621796782012020251201;2025-12-01;362;202378702;0
188109;3621796821372020240101;2024-01-01;362;202378703;0
101314;3621796843952020241201;2024-12-01;362;202378703;0
179020;3621796843968320240201;2024-02-01;362;202378703;0
169871;3621796843982920240301;2024-03-01;362;202378703;0
151716;3621796844004720240501;2024-05-01;362;202378703;0
144332;3621796844015520240601;2024-06-01;362;202378703;0
137710;3621796844025820240701;2024-07-01;362;202378703;0
24120;3621796882011920251201;2025-12-01;362;202378703;0
188110;3621796921372120240101;2024-01-01;362;202378704;0
101315;3621796943952120241201;2024-12-01;362;202378704;0
179021;3621796943968420240201;2024-02-01;362;202378704;0
169872;3621796943983020240301;2024-03-01;362;202378704;0
160782;3621796943993120240401;2024-04-01;362;202378704;0
151713;3621796944004420240501;2024-05-01;362;202378704;0
137708;3621796944025620240701;2024-07-01;362;202378704;0
87159;3621796944060120250201;2025-02-01;362;202378704;0
80898;3621796944064220250301;2025-03-01;362;202378704;0
24119;3621796982011820251201;2025-12-01;362;202378704;0
188111;3621797021372220240101;2024-01-01;362;100070185472;0
101316;3621797043952220241201;2024-12-01;362;100070185472;0
179022;3621797043968520240201;2024-02-01;362;100070185472;0
169877;3621797043983520240301;2024-03-01;362;100070185472;0
160784;3621797043993320240401;2024-04-01;362;100070185472;0
151714;3621797044004520240501;2024-05-01;362;100070185472;0
137705;3621797044025320240701;2024-07-01;362;100070185472;0
125102;3621797044049720240901;2024-09-01;362;100070185472;0
80895;3621797044063920250301;2025-03-01;362;100070185472;0
30486;3621797078510220251101;2025-11-01;362;100070185472;0
24100;3621797081731720251201;2025-12-01;362;100070185472;0
188112;3621797121372320240101;2024-01-01;362;100002905023;0
101317;3621797143952320241201;2024-12-01;362;100002905023;0
179023;3621797143968620240201;2024-02-01;362;100002905023;0
169874;3621797143983220240301;2024-03-01;362;100002905023;0
160783;3621797143993220240401;2024-04-01;362;100002905023;0
151719;3621797144005020240501;2024-05-01;362;100002905023;0
137706;3621797144025420240701;2024-07-01;362;100002905023;0
125104;3621797144050020240901;2024-09-01;362;100002905023;0
80897;3621797144064120250301;2025-03-01;362;100002905023;0
30479;3621797178331720251101;2025-11-01;362;100002905023;0
17757;3621797186119720260101;2026-01-01;362;100002905023;0
30598;36217980292020251101;2025-11-01;362;2024693421;0
117131;36218019720241001;2024-10-01;362;2021337764;0
109146;36218022220241101;2024-11-01;362;2021337764;0
101186;36218024120241201;2024-12-01;362;2021337764;0
61969;36218049832020250601;2025-06-01;362;2021337764;0
117132;36218119820241001;2024-10-01;362;2021337772;0
109147;36218122320241101;2024-11-01;362;2021337772;0
101188;36218124320241201;2024-12-01;362;2021337772;0
62046;36218149907620250601;2025-06-01;362;2021337772;0
37029;36218176435020251001;2025-10-01;362;2021337772;0
117133;36218219920241001;2024-10-01;362;2021337861;0
109145;36218222120241101;2024-11-01;362;2021337861;0
24266;36218282864620251201;2025-12-01;362;2021337861;0
117134;36218320020241001;2024-10-01;362;2026228696;0
109148;36218322420241101;2024-11-01;362;2026228696;0
101187;36218324220241201;2024-12-01;362;2026228696;0
61966;36218347458420250601;2025-06-01;362;2026228696;0
68310;3621841692020250501;2025-05-01;362;7826150;0
74568;3621841692420250401;2025-04-01;362;7826150;0
101179;36218423420241201;2024-12-01;362;7826150;0
24267;36218482865920251201;2025-12-01;362;7826150;0
17732;36218485589420260101;2026-01-01;362;7826150;0
109184;3622660643940420241101;2024-11-01;362;53454375;0
101356;3622660643956220241201;2024-12-01;362;53454375;0
179062;3622660643972520240201;2024-02-01;362;53454375;0
169901;3622660643986220240301;2024-03-01;362;53454375;0
160812;3622660643996320240401;2024-04-01;362;53454375;0
151739;3622660644007220240501;2024-05-01;362;53454375;0
144360;3622660644018520240601;2024-06-01;362;53454375;0
137732;3622660644028320240701;2024-07-01;362;53454375;0
125131;3622660644053220240901;2024-09-01;362;53454375;0
30574;3622660680232920251101;2025-11-01;362;53454375;0
17831;3622660687577620260101;2026-01-01;362;53454375;0
109185;3622660743940520241101;2024-11-01;362;53477286;0
101357;3622660743956320241201;2024-12-01;362;53477286;0
179063;3622660743972620240201;2024-02-01;362;53477286;0
169903;3622660743986420240301;2024-03-01;362;53477286;0
160815;3622660743996720240401;2024-04-01;362;53477286;0
151741;3622660744007420240501;2024-05-01;362;53477286;0
137733;3622660744028420240701;2024-07-01;362;53477286;0
125132;3622660744053420240901;2024-09-01;362;53477286;0
43561;3622660776692520250901;2025-09-01;362;53477286;0
5821;36226608193779320260301;2026-03-01;362;56166401;0
109186;3622660843940620241101;2024-11-01;362;56166401;0
101358;3622660843956420241201;2024-12-01;362;56166401;0
179064;3622660843972720240201;2024-02-01;362;56166401;0
169899;3622660843986020240301;2024-03-01;362;56166401;0
160813;3622660843996520240401;2024-04-01;362;56166401;0
151742;3622660844007620240501;2024-05-01;362;56166401;0
137734;3622660844028520240701;2024-07-01;362;56166401;0
125133;3622660844053520240901;2024-09-01;362;56166401;0
30553;3622660879979620251101;2025-11-01;362;56166401;0
17827;3622660887461120260101;2026-01-01;362;56166401;0
109187;3622660943940720241101;2024-11-01;362;58340742;0
101359;3622660943956520241201;2024-12-01;362;58340742;0
179065;3622660943972820240201;2024-02-01;362;58340742;0
160814;3622660943996620240401;2024-04-01;362;58340742;0
151744;3622660944007820240501;2024-05-01;362;58340742;0
137735;3622660944028720240701;2024-07-01;362;58340742;0
125134;3622660944053620240901;2024-09-01;362;58340742;0
87174;3622660944061820250201;2025-02-01;362;58340742;0
24066;3622660981093820251201;2025-12-01;362;58340742;0
109188;3622661043940820241101;2024-11-01;362;60167904;0
101360;3622661043956620241201;2024-12-01;362;60167904;0
179066;3622661043972920240201;2024-02-01;362;60167904;0
169904;3622661043986520240301;2024-03-01;362;60167904;0
160818;3622661043997120240401;2024-04-01;362;60167904;0
151743;3622661044007720240501;2024-05-01;362;60167904;0
137736;3622661044028820240701;2024-07-01;362;60167904;0
125135;3622661044053820240901;2024-09-01;362;60167904;0
30573;3622661080232820251101;2025-11-01;362;60167904;0
17826;3622661087461020260101;2026-01-01;362;60167904;0
109189;3622661143940920241101;2024-11-01;362;100116065318;0
101361;3622661143956720241201;2024-12-01;362;100116065318;0
179067;3622661143973020240201;2024-02-01;362;100116065318;0
169902;3622661143986320240301;2024-03-01;362;100116065318;0
160816;3622661143996820240401;2024-04-01;362;100116065318;0
151745;3622661144007920240501;2024-05-01;362;100116065318;0
137737;3622661144028920240701;2024-07-01;362;100116065318;0
125137;3622661144054020240901;2024-09-01;362;100116065318;0
24130;3622661182013120251201;2025-12-01;362;100116065318;0
17800;3622661186128420260101;2026-01-01;362;100116065318;0
11495;3622661189319020260201;2026-02-01;362;100116065318;0
109190;3622661243941020241101;2024-11-01;362;64067432;0
101362;3622661243956820241201;2024-12-01;362;64067432;0
179068;3622661243973120240201;2024-02-01;362;64067432;0
169905;3622661243986620240301;2024-03-01;362;64067432;0
160817;3622661243996920240401;2024-04-01;362;64067432;0
151746;3622661244008020240501;2024-05-01;362;64067432;0
137738;3622661244029020240701;2024-07-01;362;64067432;0
131476;3622661244041220240801;2024-08-01;362;64067432;0
125136;3622661244053920240901;2024-09-01;362;64067432;0
24178;3622661282356120251201;2025-12-01;362;64067432;0
17728;3622661285545420260101;2026-01-01;362;64067432;0
11506;3622661289337520260201;2026-02-01;362;64067432;0
109191;3622661343941120241101;2024-11-01;362;64801292;0
101363;3622661343956920241201;2024-12-01;362;64801292;0
179069;3622661343973220240201;2024-02-01;362;64801292;0
169907;3622661343986820240301;2024-03-01;362;64801292;0
160819;3622661343997220240401;2024-04-01;362;64801292;0
137739;3622661344029120240701;2024-07-01;362;64801292;0
131479;3622661344041520240801;2024-08-01;362;64801292;0
125139;3622661344054220240901;2024-09-01;362;64801292;0
37152;3622661377676620251001;2025-10-01;362;64801292;0
30566;3622661380232120251101;2025-11-01;362;64801292;0
109192;3622661443941220241101;2024-11-01;362;100026068121;0
101364;3622661443957020241201;2024-12-01;362;100026068121;0
179070;3622661443973320240201;2024-02-01;362;100026068121;0
169908;3622661443986920240301;2024-03-01;362;100026068121;0
160821;3622661443997420240401;2024-04-01;362;100026068121;0
137740;3622661444029320240701;2024-07-01;362;100026068121;0
131480;3622661444041620240801;2024-08-01;362;100026068121;0
125140;3622661444054320240901;2024-09-01;362;100026068121;0
87173;3622661444061720250201;2025-02-01;362;100026068121;0
24165;3622661482016620251201;2025-12-01;362;100026068121;0
17774;3622661486123520260101;2026-01-01;362;100026068121;0
11550;3622661490305020260201;2026-02-01;362;100026068121;0
109193;3622661543941320241101;2024-11-01;362;100165211284;0
101365;3622661543957120241201;2024-12-01;362;100165211284;0
179071;3622661543973420240201;2024-02-01;362;100165211284;0
169906;3622661543986720240301;2024-03-01;362;100165211284;0
160820;3622661543997320240401;2024-04-01;362;100165211284;0
151747;3622661544008120240501;2024-05-01;362;100165211284;0
137741;3622661544029420240701;2024-07-01;362;100165211284;0
131481;3622661544041720240801;2024-08-01;362;100165211284;0
125138;3622661544054120240901;2024-09-01;362;100165211284;0
87175;3622661544061920250201;2025-02-01;362;100165211284;0
30482;3622661578422920251101;2025-11-01;362;100165211284;0
24164;3622661582016520251201;2025-12-01;362;100165211284;0
17776;3622661586124020260101;2026-01-01;362;100165211284;0
109194;3622661643941420241101;2024-11-01;362;100100395194;0
101366;3622661643957220241201;2024-12-01;362;100100395194;0
179072;3622661643973520240201;2024-02-01;362;100100395194;0
169909;3622661643987020240301;2024-03-01;362;100100395194;0
160822;3622661643997520240401;2024-04-01;362;100100395194;0
137742;3622661644029620240701;2024-07-01;362;100100395194;0
131477;3622661644041320240801;2024-08-01;362;100100395194;0
125141;3622661644054420240901;2024-09-01;362;100100395194;0
87178;3622661644062320250201;2025-02-01;362;100100395194;0
30494;3622661678680020251101;2025-11-01;362;100100395194;0
37223;3622661678935220251001;2025-10-01;362;100100395194;0
24162;3622661682016320251201;2025-12-01;362;100100395194;0
109195;3622661743941520241101;2024-11-01;362;65207394;0
101367;3622661743957320241201;2024-12-01;362;65207394;0
179073;3622661743973620240201;2024-02-01;362;65207394;0
169914;3622661743987520240301;2024-03-01;362;65207394;0
160824;3622661743997720240401;2024-04-01;362;65207394;0
137743;3622661744029720240701;2024-07-01;362;65207394;0
131478;3622661744041420240801;2024-08-01;362;65207394;0
30673;3622661781094620251101;2025-11-01;362;65207394;0
17871;3622661788590220260101;2026-01-01;362;65207394;0
109196;3622661843941620241101;2024-11-01;362;100199680899;0
101368;3622661843957420241201;2024-12-01;362;100199680899;0
179074;3622661843973720240201;2024-02-01;362;100199680899;0
169910;3622661843987120240301;2024-03-01;362;100199680899;0
160823;3622661843997620240401;2024-04-01;362;100199680899;0
137744;3622661844029820240701;2024-07-01;362;100199680899;0
131482;3622661844041820240801;2024-08-01;362;100199680899;0
125142;3622661844054520240901;2024-09-01;362;100199680899;0
87176;3622661844062020250201;2025-02-01;362;100199680899;0
24193;3622661882358520251201;2025-12-01;362;100199680899;0
11507;3622661889360920260201;2026-02-01;362;100199680899;0
109197;3622661943941720241101;2024-11-01;362;76025616;0
101370;3622661943957620241201;2024-12-01;362;76025616;0
179076;3622661943973920240201;2024-02-01;362;76025616;0
169913;3622661943987420240301;2024-03-01;362;76025616;0
144362;3622661944018820240601;2024-06-01;362;76025616;0
137746;3622661944030020240701;2024-07-01;362;76025616;0
131484;3622661944042020240801;2024-08-01;362;76025616;0
24172;3622661982198020251201;2025-12-01;362;76025616;0
109198;3622662043941820241101;2024-11-01;362;100183563103;0
101371;3622662043957720241201;2024-12-01;362;100183563103;0
179077;3622662043974020240201;2024-02-01;362;100183563103;0
160825;3622662043997820240401;2024-04-01;362;100183563103;0
144364;3622662044019120240601;2024-06-01;362;100183563103;0
131486;3622662044042220240801;2024-08-01;362;100183563103;0
87177;3622662044062120250201;2025-02-01;362;100183563103;0
24144;3622662082014520251201;2025-12-01;362;100183563103;0
17798;3622662086127520260101;2026-01-01;362;100183563103;0
109199;3622662143941920241101;2024-11-01;362;77226691;0
101372;3622662143957820241201;2024-12-01;362;77226691;0
179078;3622662143974120240201;2024-02-01;362;77226691;0
144363;3622662144018920240601;2024-06-01;362;77226691;0
131485;3622662144042120240801;2024-08-01;362;77226691;0
109200;3622662243942020241101;2024-11-01;362;77438256;0
101373;3622662243957920241201;2024-12-01;362;77438256;0
179079;3622662243974220240201;2024-02-01;362;77438256;0
169911;3622662243987220240301;2024-03-01;362;77438256;0
151748;3622662244008220240501;2024-05-01;362;77438256;0
144365;3622662244019220240601;2024-06-01;362;77438256;0
137747;3622662244030120240701;2024-07-01;362;77438256;0
131487;3622662244042320240801;2024-08-01;362;77438256;0
87179;3622662244062520250201;2025-02-01;362;77438256;0
37010;3622662275354520251001;2025-10-01;362;77438256;0
24065;3622662281093720251201;2025-12-01;362;77438256;0
11656;3622662293324120260201;2026-02-01;362;77438256;0
109201;3622662343942120241101;2024-11-01;362;83221191;0
101375;3622662343958120241201;2024-12-01;362;83221191;0
179081;3622662343974420240201;2024-02-01;362;83221191;0
151749;3622662344008320240501;2024-05-01;362;83221191;0
144366;3622662344019320240601;2024-06-01;362;83221191;0
137750;3622662344030520240701;2024-07-01;362;83221191;0
131489;3622662344042520240801;2024-08-01;362;83221191;0
37110;3622662377513320251001;2025-10-01;362;83221191;0
30524;3622662379680620251101;2025-11-01;362;83221191;0
17802;3622662386568720260101;2026-01-01;362;83221191;0
11561;3622662390355420260201;2026-02-01;362;83221191;0
109202;3622662443942220241101;2024-11-01;362;100213566520;0
101377;3622662443958320241201;2024-12-01;362;100213566520;0
179082;3622662443974520240201;2024-02-01;362;100213566520;0
151751;3622662444008520240501;2024-05-01;362;100213566520;0
144367;3622662444019420240601;2024-06-01;362;100213566520;0
137749;3622662444030320240701;2024-07-01;362;100213566520;0
87180;3622662444062620250201;2025-02-01;362;100213566520;0
37045;3622662476565720251001;2025-10-01;362;100213566520;0
24192;3622662482358420251201;2025-12-01;362;100213566520;0
109203;3622662543942320241101;2024-11-01;362;100201265180;0
101376;3622662543958220241201;2024-12-01;362;100201265180;0
179083;3622662543974620240201;2024-02-01;362;100201265180;0
151752;3622662544008620240501;2024-05-01;362;100201265180;0
144368;3622662544019520240601;2024-06-01;362;100201265180;0
137751;3622662544030620240701;2024-07-01;362;100201265180;0
125143;3622662544054620240901;2024-09-01;362;100201265180;0
87181;3622662544062720250201;2025-02-01;362;100201265180;0
37047;3622662576565920251001;2025-10-01;362;100201265180;0
24191;3622662582358220251201;2025-12-01;362;100201265180;0
109204;3622662643942420241101;2024-11-01;362;84782854;0
101378;3622662643958420241201;2024-12-01;362;84782854;0
179084;3622662643974720240201;2024-02-01;362;84782854;0
160826;3622662643997920240401;2024-04-01;362;84782854;0
151753;3622662644008720240501;2024-05-01;362;84782854;0
144371;3622662644019920240601;2024-06-01;362;84782854;0
137753;3622662644030920240701;2024-07-01;362;84782854;0
125147;3622662644055120240901;2024-09-01;362;84782854;0
87182;3622662644062820250201;2025-02-01;362;84782854;0
37129;3622662677522220251001;2025-10-01;362;84782854;0
30520;3622662679468220251101;2025-11-01;362;84782854;0
17734;3622662685618720260101;2026-01-01;362;84782854;0
11494;3622662689318920260201;2026-02-01;362;84782854;0
109205;3622662743942520241101;2024-11-01;362;100194142856;0
101379;3622662743958520241201;2024-12-01;362;100194142856;0
179085;3622662743974820240201;2024-02-01;362;100194142856;0
160827;3622662743998020240401;2024-04-01;362;100194142856;0
151754;3622662744008820240501;2024-05-01;362;100194142856;0
144370;3622662744019720240601;2024-06-01;362;100194142856;0
137752;3622662744030820240701;2024-07-01;362;100194142856;0
125146;3622662744055020240901;2024-09-01;362;100194142856;0
87184;3622662744063020250201;2025-02-01;362;100194142856;0
24190;3622662782358020251201;2025-12-01;362;100194142856;0
11557;3622662790305720260201;2026-02-01;362;100194142856;0
1244;36226628193780920260401;2026-04-01;362;89095103;1
109206;3622662843942620241101;2024-11-01;362;89095103;0
101380;3622662843958620241201;2024-12-01;362;89095103;0
179086;3622662843974920240201;2024-02-01;362;89095103;0
160828;3622662843998120240401;2024-04-01;362;89095103;0
151755;3622662844009020240501;2024-05-01;362;89095103;0
144372;3622662844020020240601;2024-06-01;362;89095103;0
137756;3622662844031220240701;2024-07-01;362;89095103;0
125144;3622662844054820240901;2024-09-01;362;89095103;0
24167;3622662882017020251201;2025-12-01;362;89095103;0
109207;3622662943942720241101;2024-11-01;362;100100413150;0
101381;3622662943958720241201;2024-12-01;362;100100413150;0
179087;3622662943975020240201;2024-02-01;362;100100413150;0
160830;3622662943998320240401;2024-04-01;362;100100413150;0
137754;3622662944031020240701;2024-07-01;362;100100413150;0
125145;3622662944054920240901;2024-09-01;362;100100413150;0
87185;3622662944063120250201;2025-02-01;362;100100413150;0
30489;3622662978519020251101;2025-11-01;362;100100413150;0
24160;3622662982016120251201;2025-12-01;362;100100413150;0
17709;3622662985001120260101;2026-01-01;362;100100413150;0
109208;3622663043942820241101;2024-11-01;362;100100413559;0
101382;3622663043958820241201;2024-12-01;362;100100413559;0
179088;3622663043975120240201;2024-02-01;362;100100413559;0
160829;3622663043998220240401;2024-04-01;362;100100413559;0
151756;3622663044009120240501;2024-05-01;362;100100413559;0
137755;3622663044031120240701;2024-07-01;362;100100413559;0
125148;3622663044055220240901;2024-09-01;362;100100413559;0
87186;3622663044063220250201;2025-02-01;362;100100413559;0
37018;3622663075476120251001;2025-10-01;362;100100413559;0
24159;3622663082016020251201;2025-12-01;362;100100413559;0
109209;3622663143942920241101;2024-11-01;362;100100413311;0
101383;3622663143958920241201;2024-12-01;362;100100413311;0
179089;3622663143975220240201;2024-02-01;362;100100413311;0
160831;3622663143998620240401;2024-04-01;362;100100413311;0
151757;3622663144009220240501;2024-05-01;362;100100413311;0
137757;3622663144031520240701;2024-07-01;362;100100413311;0
125149;3622663144055320240901;2024-09-01;362;100100413311;0
30484;3622663178423120251101;2025-11-01;362;100100413311;0
24158;3622663182015920251201;2025-12-01;362;100100413311;0
17775;3622663186123920260101;2026-01-01;362;100100413311;0
101236;3622663543944220241201;2024-12-01;362;100100413001;0
178941;3622663543960220240201;2024-02-01;362;100100413001;0
169809;3622663543976020240301;2024-03-01;362;100100413001;0
137659;3622663544020420240701;2024-07-01;362;100100413001;0
131395;3622663544032120240801;2024-08-01;362;100100413001;0
125053;3622663544043420240901;2024-09-01;362;100100413001;0
37021;3622663575476420251001;2025-10-01;362;100100413001;0
24157;3622663582015820251201;2025-12-01;362;100100413001;0
101237;3622663643944320241201;2024-12-01;362;100100386055;0
178942;3622663643960420240201;2024-02-01;362;100100386055;0
169810;3622663643976120240301;2024-03-01;362;100100386055;0
144279;3622663644009720240601;2024-06-01;362;100100386055;0
137660;3622663644020520240701;2024-07-01;362;100100386055;0
131396;3622663644032220240801;2024-08-01;362;100100386055;0
125052;3622663644043320240901;2024-09-01;362;100100386055;0
24156;3622663682015720251201;2025-12-01;362;100100386055;0
17788;3622663686125820260101;2026-01-01;362;100100386055;0
101238;3622663743944420241201;2024-12-01;362;100100405939;0
178943;3622663743960520240201;2024-02-01;362;100100405939;0
169811;3622663743976220240301;2024-03-01;362;100100405939;0
144281;3622663744009920240601;2024-06-01;362;100100405939;0
137665;3622663744021020240701;2024-07-01;362;100100405939;0
131397;3622663744032320240801;2024-08-01;362;100100405939;0
30483;3622663778423020251101;2025-11-01;362;100100405939;0
24155;3622663782015620251201;2025-12-01;362;100100405939;0
17779;3622663786124320260101;2026-01-01;362;100100405939;0
101239;3622663843944520241201;2024-12-01;362;100100395682;0
178944;3622663843960620240201;2024-02-01;362;100100395682;0
169812;3622663843976320240301;2024-03-01;362;100100395682;0
144280;3622663844009820240601;2024-06-01;362;100100395682;0
137661;3622663844020620240701;2024-07-01;362;100100395682;0
131398;3622663844032520240801;2024-08-01;362;100100395682;0
125054;3622663844043620240901;2024-09-01;362;100100395682;0
87119;3622663844056020250201;2025-02-01;362;100100395682;0
30493;3622663878679920251101;2025-11-01;362;100100395682;0
24154;3622663882015520251201;2025-12-01;362;100100395682;0
101240;3622663943944620241201;2024-12-01;362;100100405947;0
169813;3622663943976420240301;2024-03-01;362;100100405947;0
151666;3622663943999220240501;2024-05-01;362;100100405947;0
144282;3622663944010120240601;2024-06-01;362;100100405947;0
137662;3622663944020720240701;2024-07-01;362;100100405947;0
131399;3622663944032720240801;2024-08-01;362;100100405947;0
125055;3622663944043720240901;2024-09-01;362;100100405947;0
87120;3622663944056120250201;2025-02-01;362;100100405947;0
24153;3622663982015420251201;2025-12-01;362;100100405947;0
17794;3622663986126920260101;2026-01-01;362;100100405947;0
101241;3622664043944720241201;2024-12-01;362;100100405688;0
178947;3622664043960920240201;2024-02-01;362;100100405688;0
169816;3622664043976720240301;2024-03-01;362;100100405688;0
151668;3622664043999420240501;2024-05-01;362;100100405688;0
144284;3622664044010320240601;2024-06-01;362;100100405688;0
137664;3622664044020920240701;2024-07-01;362;100100405688;0
131401;3622664044033020240801;2024-08-01;362;100100405688;0
87123;3622664044056420250201;2025-02-01;362;100100405688;0
37016;3622664075435020251001;2025-10-01;362;100100405688;0
24150;3622664082015120251201;2025-12-01;362;100100405688;0
101242;3622664143944820241201;2024-12-01;362;100100395518;0
178948;3622664143961020240201;2024-02-01;362;100100395518;0
169817;3622664143976820240301;2024-03-01;362;100100395518;0
151669;3622664143999520240501;2024-05-01;362;100100395518;0
144286;3622664144010520240601;2024-06-01;362;100100395518;0
131403;3622664144033220240801;2024-08-01;362;100100395518;0
87124;3622664144056520250201;2025-02-01;362;100100395518;0
30488;3622664178518920251101;2025-11-01;362;100100395518;0
24149;3622664182015020251201;2025-12-01;362;100100395518;0
17769;3622664186122420260101;2026-01-01;362;100100395518;0
101243;3622664243944920241201;2024-12-01;362;100100405661;0
178949;3622664243961120240201;2024-02-01;362;100100405661;0
169818;3622664243976920240301;2024-03-01;362;100100405661;0
151670;3622664243999620240501;2024-05-01;362;100100405661;0
144287;3622664244010620240601;2024-06-01;362;100100405661;0
131404;3622664244033320240801;2024-08-01;362;100100405661;0
87125;3622664244056620250201;2025-02-01;362;100100405661;0
30481;3622664278422720251101;2025-11-01;362;100100405661;0
24148;3622664282014920251201;2025-12-01;362;100100405661;0
17777;3622664286124120260101;2026-01-01;362;100100405661;0
101244;3622664343945020241201;2024-12-01;362;100100385733;0
178950;3622664343961220240201;2024-02-01;362;100100385733;0
160742;3622664343988420240401;2024-04-01;362;100100385733;0
151673;3622664343999920240501;2024-05-01;362;100100385733;0
144288;3622664344010720240601;2024-06-01;362;100100385733;0
87128;3622664344056920250201;2025-02-01;362;100100385733;0
30480;3622664378422620251101;2025-11-01;362;100100385733;0
24147;3622664382014820251201;2025-12-01;362;100100385733;0
101245;3622664443945120241201;2024-12-01;362;100124660858;0
178951;3622664443961320240201;2024-02-01;362;100124660858;0
169819;3622664443977020240301;2024-03-01;362;100124660858;0
160743;3622664443988520240401;2024-04-01;362;100124660858;0
151671;3622664443999720240501;2024-05-01;362;100124660858;0
144289;3622664444010820240601;2024-06-01;362;100124660858;0
87126;3622664444056720250201;2025-02-01;362;100124660858;0
37023;3622664475491420251001;2025-10-01;362;100124660858;0
24145;3622664482014620251201;2025-12-01;362;100124660858;0
17758;3622664486119820260101;2026-01-01;362;100124660858;0
101246;3622664543945220241201;2024-12-01;362;100100405483;0
178952;3622664543961420240201;2024-02-01;362;100100405483;0
169820;3622664543977120240301;2024-03-01;362;100100405483;0
160744;3622664543988620240401;2024-04-01;362;100100405483;0
151672;3622664543999820240501;2024-05-01;362;100100405483;0
144290;3622664544010920240601;2024-06-01;362;100100405483;0
37017;3622664575435120251001;2025-10-01;362;100100405483;0
24146;3622664582014720251201;2025-12-01;362;100100405483;0
101247;3622664643945320241201;2024-12-01;362;112484662;0
178953;3622664643961520240201;2024-02-01;362;112484662;0
169821;3622664643977220240301;2024-03-01;362;112484662;0
160745;3622664643988720240401;2024-04-01;362;112484662;0
151674;3622664644000020240501;2024-05-01;362;112484662;0
144291;3622664644011020240601;2024-06-01;362;112484662;0
87127;3622664644056820250201;2025-02-01;362;112484662;0
37139;3622664677639320251001;2025-10-01;362;112484662;0
30547;3622664679724420251101;2025-11-01;362;112484662;0
24317;3622664686112320251201;2025-12-01;362;112484662;0
17877;3622664689815920260101;2026-01-01;362;112484662;0
101248;3622664743945420241201;2024-12-01;362;112484671;0
178954;3622664743961620240201;2024-02-01;362;112484671;0
169822;3622664743977320240301;2024-03-01;362;112484671;0
160746;3622664743988920240401;2024-04-01;362;112484671;0
151675;3622664744000120240501;2024-05-01;362;112484671;0
87131;3622664744057220250201;2025-02-01;362;112484671;0
37137;3622664777639120251001;2025-10-01;362;112484671;0
30546;3622664779724220251101;2025-11-01;362;112484671;0
24315;3622664786111020251201;2025-12-01;362;112484671;0
101249;3622664843945520241201;2024-12-01;362;112497586;0
178955;3622664843961720240201;2024-02-01;362;112497586;0
169823;3622664843977420240301;2024-03-01;362;112497586;0
160750;3622664843989420240401;2024-04-01;362;112497586;0
151679;3622664844000620240501;2024-05-01;362;112497586;0
131406;3622664844033620240801;2024-08-01;362;112497586;0
125056;3622664844043920240901;2024-09-01;362;112497586;0
24248;3622664882439920251201;2025-12-01;362;112497586;0
17739;3622664885671320260101;2026-01-01;362;112497586;0
11509;3622664889361920260201;2026-02-01;362;112497586;0
101250;3622664943945620241201;2024-12-01;362;112497616;0
178956;3622664943961820240201;2024-02-01;362;112497616;0
169824;3622664943977520240301;2024-03-01;362;112497616;0
160747;3622664943989020240401;2024-04-01;362;112497616;0
151676;3622664944000220240501;2024-05-01;362;112497616;0
137666;3622664944021120240701;2024-07-01;362;112497616;0
37051;3622664976566520251001;2025-10-01;362;112497616;0
24247;3622664982439720251201;2025-12-01;362;112497616;0
17733;3622664985598520260101;2026-01-01;362;112497616;0
11537;3622664989842520260201;2026-02-01;362;112497616;0
101251;3622665043945720241201;2024-12-01;362;114927758;0
178957;3622665043961920240201;2024-02-01;362;114927758;0
169825;3622665043977620240301;2024-03-01;362;114927758;0
160748;3622665043989120240401;2024-04-01;362;114927758;0
137667;3622665044021220240701;2024-07-01;362;114927758;0
131407;3622665044033720240801;2024-08-01;362;114927758;0
125057;3622665044044020240901;2024-09-01;362;114927758;0
87130;3622665044057120250201;2025-02-01;362;114927758;0
30474;3622665078220220251101;2025-11-01;362;114927758;0
24081;3622665081246120251201;2025-12-01;362;114927758;0
11655;3622665093324020260201;2026-02-01;362;114927758;0
101253;3622665143945920241201;2024-12-01;362;117146323;0
178959;3622665143962120240201;2024-02-01;362;117146323;0
169827;3622665143977820240301;2024-03-01;362;117146323;0
160751;3622665143989520240401;2024-04-01;362;117146323;0
151678;3622665144000520240501;2024-05-01;362;117146323;0
137669;3622665144021420240701;2024-07-01;362;117146323;0
131409;3622665144033920240801;2024-08-01;362;117146323;0
125058;3622665144044120240901;2024-09-01;362;117146323;0
87132;3622665144057320250201;2025-02-01;362;117146323;0
24084;3622665181290520251201;2025-12-01;362;117146323;0
11661;3622665193328920260201;2026-02-01;362;117146323;0
101260;3622665243946620241201;2024-12-01;362;100176812560;0
178966;3622665243962820240201;2024-02-01;362;100176812560;0
169835;3622665243978720240301;2024-03-01;362;100176812560;0
144298;3622665244011720240601;2024-06-01;362;100176812560;0
137676;3622665244022120240701;2024-07-01;362;100176812560;0
131415;3622665244034520240801;2024-08-01;362;100176812560;0
125065;3622665244044820240901;2024-09-01;362;100176812560;0
18628;36226653193718420260101;2026-01-01;362;200001438;0
12251;36226653193725320260201;2026-02-01;362;200001438;0
101261;3622665343946720241201;2024-12-01;362;200001438;0
178967;3622665343962920240201;2024-02-01;362;200001438;0
169836;3622665343978820240301;2024-03-01;362;200001438;0
144296;3622665344011520240601;2024-06-01;362;200001438;0
137678;3622665344022320240701;2024-07-01;362;200001438;0
131416;3622665344034620240801;2024-08-01;362;200001438;0
125066;3622665344045020240901;2024-09-01;362;200001438;0
74665;3622665368802120250401;2025-04-01;362;200001438;0
62078;3622665368802220250601;2025-06-01;362;200001438;0
68416;3622665368802320250501;2025-05-01;362;200001438;0
55478;3622665373925820250701;2025-07-01;362;200001438;0
37205;3622665378627120251001;2025-10-01;362;200001438;0
30697;3622665381428720251101;2025-11-01;362;200001438;0
101263;3622665443946920241201;2024-12-01;362;200014114;0
178969;3622665443963120240201;2024-02-01;362;200014114;0
169838;3622665443979020240301;2024-03-01;362;200014114;0
151682;3622665444000920240501;2024-05-01;362;200014114;0
131418;3622665444034820240801;2024-08-01;362;200014114;0
125069;3622665444045320240901;2024-09-01;362;200014114;0
30572;3622665480232720251101;2025-11-01;362;200014114;0
17865;3622665488577220260101;2026-01-01;362;200014114;0
11575;3622665490862820260201;2026-02-01;362;200014114;0
101264;3622665543947020241201;2024-12-01;362;100000192062;0
178970;3622665543963220240201;2024-02-01;362;100000192062;0
169839;3622665543979120240301;2024-03-01;362;100000192062;0
151680;3622665544000720240501;2024-05-01;362;100000192062;0
144295;3622665544011420240601;2024-06-01;362;100000192062;0
137677;3622665544022220240701;2024-07-01;362;100000192062;0
125068;3622665544045220240901;2024-09-01;362;100000192062;0
24173;3622665582226820251201;2025-12-01;362;100000192062;0
11544;3622665590010120260201;2026-02-01;362;100000192062;0
18627;36226656193718320260101;2026-01-01;362;200306097;0
101265;3622665643947120241201;2024-12-01;362;200306097;0
178971;3622665643963320240201;2024-02-01;362;200306097;0
169841;3622665643979320240301;2024-03-01;362;200306097;0
151684;3622665644001220240501;2024-05-01;362;200306097;0
144300;3622665644011920240601;2024-06-01;362;200306097;0
137680;3622665644022620240701;2024-07-01;362;200306097;0
131419;3622665644034920240801;2024-08-01;362;200306097;0
68422;3622665670065420250501;2025-05-01;362;200306097;0
74667;3622665670065620250401;2025-04-01;362;200306097;0
55479;3622665673925920250701;2025-07-01;362;200306097;0
37198;3622665678626420251001;2025-10-01;362;200306097;0
30742;3622665682550220251101;2025-11-01;362;200306097;0
101266;3622665743947220241201;2024-12-01;362;200328309;0
178972;3622665743963420240201;2024-02-01;362;200328309;0
169840;3622665743979220240301;2024-03-01;362;200328309;0
151683;3622665744001020240501;2024-05-01;362;200328309;0
144299;3622665744011820240601;2024-06-01;362;200328309;0
37109;3622665777508820251001;2025-10-01;362;200328309;0
30523;3622665779680520251101;2025-11-01;362;200328309;0
17864;3622665788550920260101;2026-01-01;362;200328309;0
11663;3622665793329120260201;2026-02-01;362;200328309;0
1241;36226658193780320260401;2026-04-01;362;200587111;1
101268;3622665843947420241201;2024-12-01;362;200587111;0
178975;3622665843963720240201;2024-02-01;362;200587111;0
169843;3622665843979620240301;2024-03-01;362;200587111;0
160757;3622665843990220240401;2024-04-01;362;200587111;0
151685;3622665844001320240501;2024-05-01;362;200587111;0
144303;3622665844012220240601;2024-06-01;362;200587111;0
137681;3622665844022720240701;2024-07-01;362;200587111;0
87134;3622665844057520250201;2025-02-01;362;200587111;0
24079;3622665881245220251201;2025-12-01;362;200587111;0
17751;3622665886114720260101;2026-01-01;362;200587111;0
11456;3622665888811520260201;2026-02-01;362;200587111;0
101269;3622665943947520241201;2024-12-01;362;200590128;0
178976;3622665943963820240201;2024-02-01;362;200590128;0
160756;3622665943990120240401;2024-04-01;362;200590128;0
151690;3622665944001820240501;2024-05-01;362;200590128;0
144304;3622665944012420240601;2024-06-01;362;200590128;0
87133;3622665944057420250201;2025-02-01;362;200590128;0
24078;3622665981244620251201;2025-12-01;362;200590128;0
17750;3622665986114520260101;2026-01-01;362;200590128;0
11534;3622665989816020260201;2026-02-01;362;200590128;0
1239;36226660193779920260401;2026-04-01;362;200590129;1
101270;3622666043947620241201;2024-12-01;362;200590129;0
178977;3622666043964020240201;2024-02-01;362;200590129;0
160759;3622666043990420240401;2024-04-01;362;200590129;0
151688;3622666044001620240501;2024-05-01;362;200590129;0
87135;3622666044057620250201;2025-02-01;362;200590129;0
37004;3622666075336920251001;2025-10-01;362;200590129;0
24077;3622666081244220251201;2025-12-01;362;200590129;0
17793;3622666086126720260101;2026-01-01;362;200590129;0
11526;3622666089759620260201;2026-02-01;362;200590129;0
101271;3622666143947720241201;2024-12-01;362;200775721;0
178978;3622666143964120240201;2024-02-01;362;200775721;0
151689;3622666144001720240501;2024-05-01;362;200775721;0
87136;3622666144057720250201;2025-02-01;362;200775721;0
55474;3622666173836820250701;2025-07-01;362;200775721;0
37172;3622666178153020251001;2025-10-01;362;200775721;0
30710;3622666182016820251101;2025-11-01;362;200775721;0
17872;3622666188590420260101;2026-01-01;362;200775721;0
101272;3622666243947820241201;2024-12-01;362;100176869286;0
178979;3622666243964220240201;2024-02-01;362;100176869286;0
169845;3622666243979920240301;2024-03-01;362;100176869286;0
160758;3622666243990320240401;2024-04-01;362;100176869286;0
151691;3622666244001920240501;2024-05-01;362;100176869286;0
131420;3622666244035020240801;2024-08-01;362;100176869286;0
125070;3622666244045520240901;2024-09-01;362;100176869286;0
87138;3622666244058020250201;2025-02-01;362;100176869286;0
37022;3622666275485920251001;2025-10-01;362;100176869286;0
24091;3622666281395520251201;2025-12-01;362;100176869286;0
18632;36226663193718920260101;2026-01-01;362;201357842;0
5816;36226663193735520260301;2026-03-01;362;201357842;0
101273;3622666343947920241201;2024-12-01;362;201357842;0
178980;3622666343964320240201;2024-02-01;362;201357842;0
169846;3622666343980020240301;2024-03-01;362;201357842;0
160760;3622666343990520240401;2024-04-01;362;201357842;0
151692;3622666344002020240501;2024-05-01;362;201357842;0
131421;3622666344035120240801;2024-08-01;362;201357842;0
125071;3622666344045620240901;2024-09-01;362;201357842;0
55446;3622666371299820250701;2025-07-01;362;201357842;0
43523;3622666375354420250901;2025-09-01;362;201357842;0
37212;3622666378627820251001;2025-10-01;362;201357842;0
30729;3622666382155720251101;2025-11-01;362;201357842;0
11662;3622666393329020260201;2026-02-01;362;201357842;0
101274;3622666443948020241201;2024-12-01;362;100185930618;0
178981;3622666443964420240201;2024-02-01;362;100185930618;0
169848;3622666443980220240301;2024-03-01;362;100185930618;0
160764;3622666443991020240401;2024-04-01;362;100185930618;0
137682;3622666444022820240701;2024-07-01;362;100185930618;0
131424;3622666444035420240801;2024-08-01;362;100185930618;0
125072;3622666444045720240901;2024-09-01;362;100185930618;0
87137;3622666444057820250201;2025-02-01;362;100185930618;0
37012;3622666475366620251001;2025-10-01;362;100185930618;0
24095;3622666481692320251201;2025-12-01;362;100185930618;0
17754;3622666486117120260101;2026-01-01;362;100185930618;0
101275;3622666543948120241201;2024-12-01;362;100110336514;0
178982;3622666543964520240201;2024-02-01;362;100110336514;0
169847;3622666543980120240301;2024-03-01;362;100110336514;0
160762;3622666543990720240401;2024-04-01;362;100110336514;0
137684;3622666544023020240701;2024-07-01;362;100110336514;0
131422;3622666544035220240801;2024-08-01;362;100110336514;0
125073;3622666544045820240901;2024-09-01;362;100110336514;0
87139;3622666544058120250201;2025-02-01;362;100110336514;0
30475;3622666578220320251101;2025-11-01;362;100110336514;0
24087;3622666581395120251201;2025-12-01;362;100110336514;0
17756;3622666586118820260101;2026-01-01;362;100110336514;0
101277;3622666643948320241201;2024-12-01;362;100175681321;0
178984;3622666643964720240201;2024-02-01;362;100175681321;0
169850;3622666643980420240301;2024-03-01;362;100175681321;0
160761;3622666643990620240401;2024-04-01;362;100175681321;0
144306;3622666644012620240601;2024-06-01;362;100175681321;0
137685;3622666644023120240701;2024-07-01;362;100175681321;0
131427;3622666644035820240801;2024-08-01;362;100175681321;0
125074;3622666644045920240901;2024-09-01;362;100175681321;0
87141;3622666644058320250201;2025-02-01;362;100175681321;0
24094;3622666681520220251201;2025-12-01;362;100175681321;0
17755;3622666686117320260101;2026-01-01;362;100175681321;0
11527;3622666689759720260201;2026-02-01;362;100175681321;0
101278;3622666743948420241201;2024-12-01;362;100117043059;0
178983;3622666743964620240201;2024-02-01;362;100117043059;0
169849;3622666743980320240301;2024-03-01;362;100117043059;0
160765;3622666743991120240401;2024-04-01;362;100117043059;0
137683;3622666744022920240701;2024-07-01;362;100117043059;0
131423;3622666744035320240801;2024-08-01;362;100117043059;0
87140;3622666744058220250201;2025-02-01;362;100117043059;0
24129;3622666782013020251201;2025-12-01;362;100117043059;0
17801;3622666786128520260101;2026-01-01;362;100117043059;0
11660;3622666793325220260201;2026-02-01;362;100117043059;0
101279;3622666843948520241201;2024-12-01;362;201988467;0
178985;3622666843964820240201;2024-02-01;362;201988467;0
160763;3622666843990920240401;2024-04-01;362;201988467;0
137688;3622666844023520240701;2024-07-01;362;201988467;0
131425;3622666844035520240801;2024-08-01;362;201988467;0
125075;3622666844046120240901;2024-09-01;362;201988467;0
37054;3622666876570020251001;2025-10-01;362;201988467;0
30512;3622666879293820251101;2025-11-01;362;201988467;0
24255;3622666882857920251201;2025-12-01;362;201988467;0
17804;3622666886575020260101;2026-01-01;362;201988467;0
101280;3622666943948620241201;2024-12-01;362;202008667;0
178986;3622666943964920240201;2024-02-01;362;202008667;0
169852;3622666943980620240301;2024-03-01;362;202008667;0
144305;3622666944012520240601;2024-06-01;362;202008667;0
137686;3622666944023220240701;2024-07-01;362;202008667;0
131426;3622666944035720240801;2024-08-01;362;202008667;0
125076;3622666944046320240901;2024-09-01;362;202008667;0
37050;3622666976566420251001;2025-10-01;362;202008667;0
24174;3622666982226920251201;2025-12-01;362;202008667;0
17743;3622666985788420260101;2026-01-01;362;202008667;0
11462;3622666988815920260201;2026-02-01;362;202008667;0
101281;3622667043948720241201;2024-12-01;362;100183571173;0
178987;3622667043965020240201;2024-02-01;362;100183571173;0
160767;3622667043991320240401;2024-04-01;362;100183571173;0
144307;3622667044012720240601;2024-06-01;362;100183571173;0
137687;3622667044023420240701;2024-07-01;362;100183571173;0
131429;3622667044036020240801;2024-08-01;362;100183571173;0
125077;3622667044046420240901;2024-09-01;362;100183571173;0
87145;3622667044058720250201;2025-02-01;362;100183571173;0
80891;3622667044063520250301;2025-03-01;362;100183571173;0
37044;3622667076565620251001;2025-10-01;362;100183571173;0
24186;3622667082357420251201;2025-12-01;362;100183571173;0
17705;3622667084920120260101;2026-01-01;362;100183571173;0
11554;3622667090305420260201;2026-02-01;362;100183571173;0
101282;3622667143948820241201;2024-12-01;362;100183596834;0
178988;3622667143965120240201;2024-02-01;362;100183596834;0
169851;3622667143980520240301;2024-03-01;362;100183596834;0
160766;3622667143991220240401;2024-04-01;362;100183596834;0
144308;3622667144012820240601;2024-06-01;362;100183596834;0
131428;3622667144035920240801;2024-08-01;362;100183596834;0
125078;3622667144046620240901;2024-09-01;362;100183596834;0
87142;3622667144058420250201;2025-02-01;362;100183596834;0
80890;3622667144063420250301;2025-03-01;362;100183596834;0
24188;3622667182357720251201;2025-12-01;362;100183596834;0
17706;3622667184920220260101;2026-01-01;362;100183596834;0
11503;3622667189336120260201;2026-02-01;362;100183596834;0
101291;3622667243949720241201;2024-12-01;362;202273509;0
178997;3622667243966020240201;2024-02-01;362;202273509;0
169857;3622667243981320240301;2024-03-01;362;202273509;0
160769;3622667243991620240401;2024-04-01;362;202273509;0
151700;3622667244003120240501;2024-05-01;362;202273509;0
144315;3622667244013720240601;2024-06-01;362;202273509;0
24060;3622667281093220251201;2025-12-01;362;202273509;0
101292;3622667343949820241201;2024-12-01;362;202273510;0
178998;3622667343966120240201;2024-02-01;362;202273510;0
169858;3622667343981420240301;2024-03-01;362;202273510;0
160771;3622667343991820240401;2024-04-01;362;202273510;0
144316;3622667344013820240601;2024-06-01;362;202273510;0
24059;3622667381093120251201;2025-12-01;362;202273510;0
101293;3622667443949920241201;2024-12-01;362;202273511;0
178999;3622667443966220240201;2024-02-01;362;202273511;0
169859;3622667443981520240301;2024-03-01;362;202273511;0
160770;3622667443991720240401;2024-04-01;362;202273511;0
151701;3622667444003220240501;2024-05-01;362;202273511;0
144317;3622667444013920240601;2024-06-01;362;202273511;0
125085;3622667444047620240901;2024-09-01;362;202273511;0
24058;3622667481093020251201;2025-12-01;362;202273511;0
101294;3622667543950020241201;2024-12-01;362;202273512;0
179000;3622667543966320240201;2024-02-01;362;202273512;0
160772;3622667543991920240401;2024-04-01;362;202273512;0
151702;3622667544003320240501;2024-05-01;362;202273512;0
125086;3622667544047720240901;2024-09-01;362;202273512;0
24086;3622667581290720251201;2025-12-01;362;202273512;0
17815;3622667587303820260101;2026-01-01;362;202273512;0
101295;3622667643950120241201;2024-12-01;362;202273513;0
179001;3622667643966420240201;2024-02-01;362;202273513;0
169860;3622667643981720240301;2024-03-01;362;202273513;0
160773;3622667643992020240401;2024-04-01;362;202273513;0
151703;3622667644003420240501;2024-05-01;362;202273513;0
131433;3622667644036420240801;2024-08-01;362;202273513;0
125088;3622667644048020240901;2024-09-01;362;202273513;0
37008;3622667675344320251001;2025-10-01;362;202273513;0
24057;3622667681092920251201;2025-12-01;362;202273513;0
11523;3622667689758520260201;2026-02-01;362;202273513;0
101296;3622667743950220241201;2024-12-01;362;202273514;0
179002;3622667743966520240201;2024-02-01;362;202273514;0
169861;3622667743981820240301;2024-03-01;362;202273514;0
160775;3622667743992220240401;2024-04-01;362;202273514;0
151704;3622667744003520240501;2024-05-01;362;202273514;0
131434;3622667744036520240801;2024-08-01;362;202273514;0
125089;3622667744048120240901;2024-09-01;362;202273514;0
24056;3622667781092820251201;2025-12-01;362;202273514;0
101297;3622667843950320241201;2024-12-01;362;202273515;0
179003;3622667843966620240201;2024-02-01;362;202273515;0
169862;3622667843981920240301;2024-03-01;362;202273515;0
151705;3622667844003620240501;2024-05-01;362;202273515;0
131435;3622667844036620240801;2024-08-01;362;202273515;0
125087;3622667844047920240901;2024-09-01;362;202273515;0
24055;3622667881092720251201;2025-12-01;362;202273515;0
17816;3622667887308620260101;2026-01-01;362;202273515;0
11458;3622667888812220260201;2026-02-01;362;202273515;0
101298;3622667943950420241201;2024-12-01;362;202273516;0
179004;3622667943966720240201;2024-02-01;362;202273516;0
169863;3622667943982020240301;2024-03-01;362;202273516;0
160774;3622667943992120240401;2024-04-01;362;202273516;0
151706;3622667944003720240501;2024-05-01;362;202273516;0
131436;3622667944036720240801;2024-08-01;362;202273516;0
125090;3622667944048320240901;2024-09-01;362;202273516;0
87147;3622667944058920250201;2025-02-01;362;202273516;0
24054;3622667981092620251201;2025-12-01;362;202273516;0
101299;3622668043950520241201;2024-12-01;362;202273517;0
179005;3622668043966820240201;2024-02-01;362;202273517;0
169864;3622668043982120240301;2024-03-01;362;202273517;0
160776;3622668043992320240401;2024-04-01;362;202273517;0
144318;3622668044014020240601;2024-06-01;362;202273517;0
131437;3622668044036820240801;2024-08-01;362;202273517;0
125091;3622668044048520240901;2024-09-01;362;202273517;0
87148;3622668044059020250201;2025-02-01;362;202273517;0
24053;3622668081092520251201;2025-12-01;362;202273517;0
101300;3622668143950620241201;2024-12-01;362;202273518;0
179006;3622668143966920240201;2024-02-01;362;202273518;0
169865;3622668143982220240301;2024-03-01;362;202273518;0
160777;3622668143992520240401;2024-04-01;362;202273518;0
144320;3622668144014320240601;2024-06-01;362;202273518;0
131438;3622668144036920240801;2024-08-01;362;202273518;0
87149;3622668144059120250201;2025-02-01;362;202273518;0
24052;3622668181092420251201;2025-12-01;362;202273518;0
101301;3622668243950720241201;2024-12-01;362;202273519;0
179007;3622668243967020240201;2024-02-01;362;202273519;0
169866;3622668243982320240301;2024-03-01;362;202273519;0
160779;3622668243992720240401;2024-04-01;362;202273519;0
144319;3622668244014120240601;2024-06-01;362;202273519;0
137696;3622668244024420240701;2024-07-01;362;202273519;0
131439;3622668244037120240801;2024-08-01;362;202273519;0
125092;3622668244048620240901;2024-09-01;362;202273519;0
87150;3622668244059220250201;2025-02-01;362;202273519;0
24051;3622668281092320251201;2025-12-01;362;202273519;0
101302;3622668343950820241201;2024-12-01;362;202273520;0
179008;3622668343967120240201;2024-02-01;362;202273520;0
169868;3622668343982520240301;2024-03-01;362;202273520;0
160781;3622668343992920240401;2024-04-01;362;202273520;0
144321;3622668344014420240601;2024-06-01;362;202273520;0
137698;3622668344024620240701;2024-07-01;362;202273520;0
131440;3622668344037220240801;2024-08-01;362;202273520;0
125094;3622668344048920240901;2024-09-01;362;202273520;0
87151;3622668344059320250201;2025-02-01;362;202273520;0
24050;3622668381092220251201;2025-12-01;362;202273520;0
101303;3622668443950920241201;2024-12-01;362;202273521;0
179009;3622668443967220240201;2024-02-01;362;202273521;0
160778;3622668443992620240401;2024-04-01;362;202273521;0
131441;3622668444037320240801;2024-08-01;362;202273521;0
125093;3622668444048720240901;2024-09-01;362;202273521;0
87152;3622668444059420250201;2025-02-01;362;202273521;0
11446;3622668487930820260201;2026-02-01;362;202273521;0
101304;3622668543951020241201;2024-12-01;362;202273522;0
179010;3622668543967320240201;2024-02-01;362;202273522;0
160780;3622668543992820240401;2024-04-01;362;202273522;0
144322;3622668544014520240601;2024-06-01;362;202273522;0
137697;3622668544024520240701;2024-07-01;362;202273522;0
131442;3622668544037520240801;2024-08-01;362;202273522;0
125095;3622668544049020240901;2024-09-01;362;202273522;0
37011;3622668575361920251001;2025-10-01;362;202273522;0
24092;3622668581395620251201;2025-12-01;362;202273522;0
101305;3622668643951120241201;2024-12-01;362;202273523;0
179011;3622668643967420240201;2024-02-01;362;202273523;0
144324;3622668644014720240601;2024-06-01;362;202273523;0
137700;3622668644024820240701;2024-07-01;362;202273523;0
131444;3622668644037720240801;2024-08-01;362;202273523;0
125096;3622668644049120240901;2024-09-01;362;202273523;0
87153;3622668644059520250201;2025-02-01;362;202273523;0
37015;3622668675434920251001;2025-10-01;362;202273523;0
24049;3622668681092120251201;2025-12-01;362;202273523;0
17749;3622668686112520260101;2026-01-01;362;202273523;0
101306;3622668743951220241201;2024-12-01;362;202273524;0
179012;3622668743967520240201;2024-02-01;362;202273524;0
169867;3622668743982420240301;2024-03-01;362;202273524;0
144323;3622668744014620240601;2024-06-01;362;202273524;0
137699;3622668744024720240701;2024-07-01;362;202273524;0
131443;3622668744037620240801;2024-08-01;362;202273524;0
125097;3622668744049220240901;2024-09-01;362;202273524;0
87157;3622668744059920250201;2025-02-01;362;202273524;0
24048;3622668781092020251201;2025-12-01;362;202273524;0
11447;3622668787930920260201;2026-02-01;362;202273524;0
101307;3622668843951320241201;2024-12-01;362;202273526;0
179014;3622668843967720240201;2024-02-01;362;202273526;0
151709;3622668844004020240501;2024-05-01;362;202273526;0
144326;3622668844014920240601;2024-06-01;362;202273526;0
137703;3622668844025120240701;2024-07-01;362;202273526;0
131447;3622668844038020240801;2024-08-01;362;202273526;0
125099;3622668844049420240901;2024-09-01;362;202273526;0
87155;3622668844059720250201;2025-02-01;362;202273526;0
24047;3622668881091920251201;2025-12-01;362;202273526;0
11524;3622668889758720260201;2026-02-01;362;202273526;0
101308;3622668943951420241201;2024-12-01;362;100132151819;0
179013;3622668943967620240201;2024-02-01;362;100132151819;0
151707;3622668944003820240501;2024-05-01;362;100132151819;0
144325;3622668944014820240601;2024-06-01;362;100132151819;0
137702;3622668944025020240701;2024-07-01;362;100132151819;0
131445;3622668944037820240801;2024-08-01;362;100132151819;0
125098;3622668944049320240901;2024-09-01;362;100132151819;0
87154;3622668944059620250201;2025-02-01;362;100132151819;0
24166;3622668982016720251201;2025-12-01;362;100132151819;0
17773;3622668986123420260101;2026-01-01;362;100132151819;0
101318;3622669043952420241201;2024-12-01;362;100183572544;0
179024;3622669043968720240201;2024-02-01;362;100183572544;0
169873;3622669043983120240301;2024-03-01;362;100183572544;0
160785;3622669043993420240401;2024-04-01;362;100183572544;0
137711;3622669044025920240701;2024-07-01;362;100183572544;0
125103;3622669044049920240901;2024-09-01;362;100183572544;0
80896;3622669044064020250301;2025-03-01;362;100183572544;0
24143;3622669082014420251201;2025-12-01;362;100183572544;0
17783;3622669086124720260101;2026-01-01;362;100183572544;0
101319;3622669143952520241201;2024-12-01;362;100183572455;0
179025;3622669143968820240201;2024-02-01;362;100183572455;0
169875;3622669143983320240301;2024-03-01;362;100183572455;0
160786;3622669143993520240401;2024-04-01;362;100183572455;0
151717;3622669144004820240501;2024-05-01;362;100183572455;0
137712;3622669144026020240701;2024-07-01;362;100183572455;0
125105;3622669144050220240901;2024-09-01;362;100183572455;0
80901;3622669144064520250301;2025-03-01;362;100183572455;0
24142;3622669182014320251201;2025-12-01;362;100183572455;0
101320;3622669243952620241201;2024-12-01;362;100183572102;0
179026;3622669243968920240201;2024-02-01;362;100183572102;0
169876;3622669243983420240301;2024-03-01;362;100183572102;0
151718;3622669244004920240501;2024-05-01;362;100183572102;0
131449;3622669244038220240801;2024-08-01;362;100183572102;0
125106;3622669244050320240901;2024-09-01;362;100183572102;0
80899;3622669244064320250301;2025-03-01;362;100183572102;0
24141;3622669282014220251201;2025-12-01;362;100183572102;0
17778;3622669286124220260101;2026-01-01;362;100183572102;0
101321;3622669343952720241201;2024-12-01;362;100183860787;0
179027;3622669343969020240201;2024-02-01;362;100183860787;0
169878;3622669343983620240301;2024-03-01;362;100183860787;0
160787;3622669343993620240401;2024-04-01;362;100183860787;0
151720;3622669344005120240501;2024-05-01;362;100183860787;0
125107;3622669344050420240901;2024-09-01;362;100183860787;0
80900;3622669344064420250301;2025-03-01;362;100183860787;0
37040;3622669376564220251001;2025-10-01;362;100183860787;0
24140;3622669382014120251201;2025-12-01;362;100183860787;0
17726;3622669385461120260101;2026-01-01;362;100183860787;0
11626;3622669391183920260201;2026-02-01;362;100183860787;0
101322;3622669443952820241201;2024-12-01;362;100183517659;0
179028;3622669443969120240201;2024-02-01;362;100183517659;0
169879;3622669443983720240301;2024-03-01;362;100183517659;0
160788;3622669443993720240401;2024-04-01;362;100183517659;0
131450;3622669444038420240801;2024-08-01;362;100183517659;0
125108;3622669444050520240901;2024-09-01;362;100183517659;0
87160;3622669444060220250201;2025-02-01;362;100183517659;0
80902;3622669444064620250301;2025-03-01;362;100183517659;0
24139;3622669482014020251201;2025-12-01;362;100183517659;0
17781;3622669486124520260101;2026-01-01;362;100183517659;0
101323;3622669543952920241201;2024-12-01;362;100183571432;0
179029;3622669543969220240201;2024-02-01;362;100183571432;0
169880;3622669543983820240301;2024-03-01;362;100183571432;0
160791;3622669543994120240401;2024-04-01;362;100183571432;0
144333;3622669544015620240601;2024-06-01;362;100183571432;0
131451;3622669544038520240801;2024-08-01;362;100183571432;0
125109;3622669544050720240901;2024-09-01;362;100183571432;0
87161;3622669544060320250201;2025-02-01;362;100183571432;0
80903;3622669544064720250301;2025-03-01;362;100183571432;0
24138;3622669582013920251201;2025-12-01;362;100183571432;0
17786;3622669586125620260101;2026-01-01;362;100183571432;0
11531;3622669589786620260201;2026-02-01;362;100183571432;0
101324;3622669643953020241201;2024-12-01;362;100183576205;0
179031;3622669643969420240201;2024-02-01;362;100183576205;0
169883;3622669643984120240301;2024-03-01;362;100183576205;0
160789;3622669643993820240401;2024-04-01;362;100183576205;0
144339;3622669644016320240601;2024-06-01;362;100183576205;0
131453;3622669644038720240801;2024-08-01;362;100183576205;0
125111;3622669644050920240901;2024-09-01;362;100183576205;0
87164;3622669644060620250201;2025-02-01;362;100183576205;0
80905;3622669644064920250301;2025-03-01;362;100183576205;0
24136;3622669682013720251201;2025-12-01;362;100183576205;0
17790;3622669686126020260101;2026-01-01;362;100183576205;0
101325;3622669743953120241201;2024-12-01;362;100183564398;0
179032;3622669743969520240201;2024-02-01;362;100183564398;0
169882;3622669743984020240301;2024-03-01;362;100183564398;0
160790;3622669743993920240401;2024-04-01;362;100183564398;0
144335;3622669744015920240601;2024-06-01;362;100183564398;0
131454;3622669744038820240801;2024-08-01;362;100183564398;0
125112;3622669744051020240901;2024-09-01;362;100183564398;0
87163;3622669744060520250201;2025-02-01;362;100183564398;0
80906;3622669744065020250301;2025-03-01;362;100183564398;0
24135;3622669782013620251201;2025-12-01;362;100183564398;0
17780;3622669786124420260101;2026-01-01;362;100183564398;0
101326;3622669843953220241201;2024-12-01;362;100183521990;0
179033;3622669843969620240201;2024-02-01;362;100183521990;0
160793;3622669843994420240401;2024-04-01;362;100183521990;0
144336;3622669844016020240601;2024-06-01;362;100183521990;0
131457;3622669844039120240801;2024-08-01;362;100183521990;0
125113;3622669844051120240901;2024-09-01;362;100183521990;0
87165;3622669844060720250201;2025-02-01;362;100183521990;0
80908;3622669844065220250301;2025-03-01;362;100183521990;0
24134;3622669882013520251201;2025-12-01;362;100183521990;0
17703;3622669884918920260101;2026-01-01;362;100183521990;0
101327;3622669943953320241201;2024-12-01;362;100183572188;0
179034;3622669943969720240201;2024-02-01;362;100183572188;0
160794;3622669943994520240401;2024-04-01;362;100183572188;0
144337;3622669944016120240601;2024-06-01;362;100183572188;0
131455;3622669944038920240801;2024-08-01;362;100183572188;0
125114;3622669944051220240901;2024-09-01;362;100183572188;0
87166;3622669944060920250201;2025-02-01;362;100183572188;0
80907;3622669944065120250301;2025-03-01;362;100183572188;0
24133;3622669982013420251201;2025-12-01;362;100183572188;0
17789;3622669986125920260101;2026-01-01;362;100183572188;0
101328;3622670043953420241201;2024-12-01;362;100183576078;0
179035;3622670043969820240201;2024-02-01;362;100183576078;0
160795;3622670043994620240401;2024-04-01;362;100183576078;0
144338;3622670044016220240601;2024-06-01;362;100183576078;0
131460;3622670044039420240801;2024-08-01;362;100183576078;0
87168;3622670044061120250201;2025-02-01;362;100183576078;0
80909;3622670044065320250301;2025-03-01;362;100183576078;0
24132;3622670082013320251201;2025-12-01;362;100183576078;0
17700;3622670084874620260101;2026-01-01;362;100183576078;0
101329;3622670143953520241201;2024-12-01;362;100183572510;0
179036;3622670143969920240201;2024-02-01;362;100183572510;0
151721;3622670144005220240501;2024-05-01;362;100183572510;0
144340;3622670144016420240601;2024-06-01;362;100183572510;0
137714;3622670144026220240701;2024-07-01;362;100183572510;0
131458;3622670144039220240801;2024-08-01;362;100183572510;0
87167;3622670144061020250201;2025-02-01;362;100183572510;0
24131;3622670182013220251201;2025-12-01;362;100183572510;0
17795;3622670186127020260101;2026-01-01;362;100183572510;0
18623;36226702193717820260101;2026-01-01;362;203446646;0
12243;36226702193720020260201;2026-02-01;362;203446646;0
101333;3622670243953920241201;2024-12-01;362;203446646;0
179040;3622670243970320240201;2024-02-01;362;203446646;0
151725;3622670244005720240501;2024-05-01;362;203446646;0
144344;3622670244016820240601;2024-06-01;362;203446646;0
137717;3622670244026720240701;2024-07-01;362;203446646;0
131461;3622670244039620240801;2024-08-01;362;203446646;0
125116;3622670244051420240901;2024-09-01;362;203446646;0
55484;3622670273926420250701;2025-07-01;362;203446646;0
37206;3622670278627220251001;2025-10-01;362;203446646;0
12244;36226703193720220260201;2026-02-01;362;204045053;0
5813;36226703193733920260301;2026-03-01;362;204045053;0
101336;3622670343954220241201;2024-12-01;362;204045053;0
169886;3622670343984520240301;2024-03-01;362;204045053;0
160796;3622670343994720240401;2024-04-01;362;204045053;0
151729;3622670344006120240501;2024-05-01;362;204045053;0
137720;3622670344027120240701;2024-07-01;362;204045053;0
125117;3622670344051520240901;2024-09-01;362;204045053;0
55487;3622670373926720250701;2025-07-01;362;204045053;0
49434;3622670373926820250801;2025-08-01;362;204045053;0
30477;3622670378288120251101;2025-11-01;362;204045053;0
24085;3622670381290620251201;2025-12-01;362;204045053;0
101337;3622670443954320241201;2024-12-01;362;100151102950;0
179044;3622670443970720240201;2024-02-01;362;100151102950;0
169888;3622670443984720240301;2024-03-01;362;100151102950;0
160800;3622670443995120240401;2024-04-01;362;100151102950;0
151730;3622670444006320240501;2024-05-01;362;100151102950;0
137722;3622670444027320240701;2024-07-01;362;100151102950;0
125120;3622670444051820240901;2024-09-01;362;100151102950;0
87170;3622670444061420250201;2025-02-01;362;100151102950;0
17766;3622670486122120260101;2026-01-01;362;100151102950;0
1240;36226705193780120260401;2026-04-01;362;28664124;1
101338;3622670543954420241201;2024-12-01;362;28664124;0
179043;3622670543970620240201;2024-02-01;362;28664124;0
169887;3622670543984620240301;2024-03-01;362;28664124;0
160798;3622670543994920240401;2024-04-01;362;28664124;0
151732;3622670544006520240501;2024-05-01;362;28664124;0
137721;3622670544027220240701;2024-07-01;362;28664124;0
125119;3622670544051720240901;2024-09-01;362;28664124;0
87169;3622670544061220250201;2025-02-01;362;28664124;0
37005;3622670575337020251001;2025-10-01;362;28664124;0
24075;3622670581243320251201;2025-12-01;362;28664124;0
17748;3622670586112020260101;2026-01-01;362;28664124;0
11457;3622670588811620260201;2026-02-01;362;28664124;0
101339;3622670643954520241201;2024-12-01;362;100175791313;0
169889;3622670643984920240301;2024-03-01;362;100175791313;0
160802;3622670643995320240401;2024-04-01;362;100175791313;0
151731;3622670644006420240501;2024-05-01;362;100175791313;0
137723;3622670644027420240701;2024-07-01;362;100175791313;0
125123;3622670644052320240901;2024-09-01;362;100175791313;0
87171;3622670644061520250201;2025-02-01;362;100175791313;0
24093;3622670681520020251201;2025-12-01;362;100175791313;0
17752;3622670686116020260101;2026-01-01;362;100175791313;0
101340;3622670743954620241201;2024-12-01;362;100179385530;0
179045;3622670743970820240201;2024-02-01;362;100179385530;0
169890;3622670743985020240301;2024-03-01;362;100179385530;0
160799;3622670743995020240401;2024-04-01;362;100179385530;0
151733;3622670744006620240501;2024-05-01;362;100179385530;0
125124;3622670744052420240901;2024-09-01;362;100179385530;0
24127;3622670782012820251201;2025-12-01;362;100179385530;0
17702;3622670784916520260101;2026-01-01;362;100179385530;0
11493;3622670789318720260201;2026-02-01;362;100179385530;0
101341;3622670843954720241201;2024-12-01;362;100179290424;0
179046;3622670843970920240201;2024-02-01;362;100179290424;0
169891;3622670843985120240301;2024-03-01;362;100179290424;0
160801;3622670843995220240401;2024-04-01;362;100179290424;0
137725;3622670844027620240701;2024-07-01;362;100179290424;0
131463;3622670844039820240801;2024-08-01;362;100179290424;0
125122;3622670844052220240901;2024-09-01;362;100179290424;0
37048;3622670876566020251001;2025-10-01;362;100179290424;0
24177;3622670882356020251201;2025-12-01;362;100179290424;0
17712;3622670885014620260101;2026-01-01;362;100179290424;0
11504;3622670889336220260201;2026-02-01;362;100179290424;0
101342;3622670943954820241201;2024-12-01;362;100172998405;0
179047;3622670943971020240201;2024-02-01;362;100172998405;0
169895;3622670943985520240301;2024-03-01;362;100172998405;0
160803;3622670943995420240401;2024-04-01;362;100172998405;0
137724;3622670944027520240701;2024-07-01;362;100172998405;0
131466;3622670944040120240801;2024-08-01;362;100172998405;0
125121;3622670944051920240901;2024-09-01;362;100172998405;0
24281;3622670983088220251201;2025-12-01;362;100172998405;0
17707;3622670984920320260101;2026-01-01;362;100172998405;0
101343;3622671043954920241201;2024-12-01;362;100172998413;0
179048;3622671043971120240201;2024-02-01;362;100172998413;0
169892;3622671043985220240301;2024-03-01;362;100172998413;0
160804;3622671043995520240401;2024-04-01;362;100172998413;0
137726;3622671044027720240701;2024-07-01;362;100172998413;0
131465;3622671044040020240801;2024-08-01;362;100172998413;0
125125;3622671044052520240901;2024-09-01;362;100172998413;0
24182;3622671082356620251201;2025-12-01;362;100172998413;0
101344;3622671143955020241201;2024-12-01;362;39879097;0
179049;3622671143971220240201;2024-02-01;362;39879097;0
169893;3622671143985320240301;2024-03-01;362;39879097;0
160805;3622671143995620240401;2024-04-01;362;39879097;0
144348;3622671144017220240601;2024-06-01;362;39879097;0
137727;3622671144027820240701;2024-07-01;362;39879097;0
125126;3622671144052620240901;2024-09-01;362;39879097;0
37046;3622671176565820251001;2025-10-01;362;39879097;0
24180;3622671182356420251201;2025-12-01;362;39879097;0
101345;3622671243955120241201;2024-12-01;362;42044537;0
179050;3622671243971320240201;2024-02-01;362;42044537;0
169894;3622671243985420240301;2024-03-01;362;42044537;0
160807;3622671243995820240401;2024-04-01;362;42044537;0
144347;3622671244017120240601;2024-06-01;362;42044537;0
137728;3622671244027920240701;2024-07-01;362;42044537;0
131464;3622671244039920240801;2024-08-01;362;42044537;0
125127;3622671244052720240901;2024-09-01;362;42044537;0
55459;3622671271395520250701;2025-07-01;362;42044537;0
37138;3622671277639220251001;2025-10-01;362;42044537;0
30568;3622671280232320251101;2025-11-01;362;42044537;0
24316;3622671286111820251201;2025-12-01;362;42044537;0
101346;3622671343955220241201;2024-12-01;362;45363773;0
179052;3622671343971520240201;2024-02-01;362;45363773;0
160806;3622671343995720240401;2024-04-01;362;45363773;0
144349;3622671344017420240601;2024-06-01;362;45363773;0
125128;3622671344052820240901;2024-09-01;362;45363773;0
87172;3622671344061620250201;2025-02-01;362;45363773;0
24071;3622671381094420251201;2025-12-01;362;45363773;0
101347;3622671443955320241201;2024-12-01;362;45363781;0
179053;3622671443971620240201;2024-02-01;362;45363781;0
169897;3622671443985820240301;2024-03-01;362;45363781;0
160809;3622671443996020240401;2024-04-01;362;45363781;0
144350;3622671444017520240601;2024-06-01;362;45363781;0
131467;3622671444040220240801;2024-08-01;362;45363781;0
24069;3622671481094120251201;2025-12-01;362;45363781;0
11521;3622671489758320260201;2026-02-01;362;45363781;0
101348;3622671543955420241201;2024-12-01;362;45363790;0
179054;3622671543971720240201;2024-02-01;362;45363790;0
169898;3622671543985920240301;2024-03-01;362;45363790;0
160810;3622671543996120240401;2024-04-01;362;45363790;0
151735;3622671544006820240501;2024-05-01;362;45363790;0
144352;3622671544017720240601;2024-06-01;362;45363790;0
131469;3622671544040420240801;2024-08-01;362;45363790;0
125129;3622671544053020240901;2024-09-01;362;45363790;0
37006;3622671575344120251001;2025-10-01;362;45363790;0
24080;3622671581245720251201;2025-12-01;362;45363790;0
101349;3622671643955520241201;2024-12-01;362;45364001;0
179055;3622671643971820240201;2024-02-01;362;45364001;0
151736;3622671644006920240501;2024-05-01;362;45364001;0
144353;3622671644017820240601;2024-06-01;362;45364001;0
131473;3622671644040920240801;2024-08-01;362;45364001;0
24068;3622671681094020251201;2025-12-01;362;45364001;0
101350;3622671743955620241201;2024-12-01;362;45364036;0
179056;3622671743971920240201;2024-02-01;362;45364036;0
151737;3622671744007020240501;2024-05-01;362;45364036;0
144354;3622671744017920240601;2024-06-01;362;45364036;0
131470;3622671744040620240801;2024-08-01;362;45364036;0
30491;3622671778654820251101;2025-11-01;362;45364036;0
24067;3622671781093920251201;2025-12-01;362;45364036;0
101351;3622671843955720241201;2024-12-01;362;46397183;0
179057;3622671843972020240201;2024-02-01;362;46397183;0
144355;3622671844018020240601;2024-06-01;362;46397183;0
131471;3622671844040720240801;2024-08-01;362;46397183;0
55475;3622671873837020250701;2025-07-01;362;46397183;0
37171;3622671878152920251001;2025-10-01;362;46397183;0
30671;3622671881091620251101;2025-11-01;362;46397183;0
101352;3622671943955820241201;2024-12-01;362;46399194;0
179059;3622671943972220240201;2024-02-01;362;46399194;0
151734;3622671944006720240501;2024-05-01;362;46399194;0
144359;3622671944018420240601;2024-06-01;362;46399194;0
131472;3622671944040820240801;2024-08-01;362;46399194;0
37165;3622671977802120251001;2025-10-01;362;46399194;0
30594;3622671980250520251101;2025-11-01;362;46399194;0
17866;3622671988577320260101;2026-01-01;362;46399194;0
101353;3622672043955920241201;2024-12-01;362;100197005370;0
179058;3622672043972120240201;2024-02-01;362;100197005370;0
151738;3622672044007120240501;2024-05-01;362;100197005370;0
144357;3622672044018220240601;2024-06-01;362;100197005370;0
131474;3622672044041020240801;2024-08-01;362;100197005370;0
24128;3622672082012920251201;2025-12-01;362;100197005370;0
17711;3622672085014320260101;2026-01-01;362;100197005370;0
11501;3622672089335320260201;2026-02-01;362;100197005370;0
101354;3622672143956020241201;2024-12-01;362;100084906177;0
179060;3622672143972320240201;2024-02-01;362;100084906177;0
144356;3622672144018120240601;2024-06-01;362;100084906177;0
137730;3622672144028120240701;2024-07-01;362;100084906177;0
131475;3622672144041120240801;2024-08-01;362;100084906177;0
24126;3622672182012720251201;2025-12-01;362;100084906177;0
101355;3622672243956120241201;2024-12-01;362;50761455;0
179061;3622672243972420240201;2024-02-01;362;50761455;0
169900;3622672243986120240301;2024-03-01;362;50761455;0
160811;3622672243996220240401;2024-04-01;362;50761455;0
151740;3622672244007320240501;2024-05-01;362;50761455;0
144358;3622672244018320240601;2024-06-01;362;50761455;0
137731;3622672244028220240701;2024-07-01;362;50761455;0
125130;3622672244053120240901;2024-09-01;362;50761455;0
24258;3622672282860920251201;2025-12-01;362;50761455;0
17803;3622672286574920260101;2026-01-01;362;50761455;0
11549;3622672290304120260201;2026-02-01;362;50761455;0
101369;3622672343957520241201;2024-12-01;362;69240761;0
179075;3622672343973820240201;2024-02-01;362;69240761;0
169912;3622672343987320240301;2024-03-01;362;69240761;0
144361;3622672344018720240601;2024-06-01;362;69240761;0
137745;3622672344029920240701;2024-07-01;362;69240761;0
131483;3622672344041920240801;2024-08-01;362;69240761;0
30571;3622672380232620251101;2025-11-01;362;69240761;0
17829;3622672387576320260101;2026-01-01;362;69240761;0
11568;3622672390819520260201;2026-02-01;362;69240761;0
101374;3622672443958020241201;2024-12-01;362;100176921075;0
179080;3622672443974320240201;2024-02-01;362;100176921075;0
151750;3622672444008420240501;2024-05-01;362;100176921075;0
144369;3622672444019620240601;2024-06-01;362;100176921075;0
137748;3622672444030220240701;2024-07-01;362;100176921075;0
131488;3622672444042420240801;2024-08-01;362;100176921075;0
87183;3622672444062920250201;2025-02-01;362;100176921075;0
24189;3622672482357920251201;2025-12-01;362;100176921075;0
11505;3622672489337420260201;2026-02-01;362;100176921075;0
178945;3622672643960720240201;2024-02-01;362;100100385997;0
169814;3622672643976520240301;2024-03-01;362;100100385997;0
151665;3622672643999120240501;2024-05-01;362;100100385997;0
144283;3622672644010220240601;2024-06-01;362;100100385997;0
131402;3622672644033120240801;2024-08-01;362;100100385997;0
87122;3622672644056320250201;2025-02-01;362;100100385997;0
37041;3622672676565220251001;2025-10-01;362;100100385997;0
24152;3622672682015320251201;2025-12-01;362;100100385997;0
17782;3622672686124620260101;2026-01-01;362;100100385997;0
178946;3622672743960820240201;2024-02-01;362;100100386020;0
169815;3622672743976620240301;2024-03-01;362;100100386020;0
151667;3622672743999320240501;2024-05-01;362;100100386020;0
144285;3622672744010420240601;2024-06-01;362;100100386020;0
137663;3622672744020820240701;2024-07-01;362;100100386020;0
131400;3622672744032920240801;2024-08-01;362;100100386020;0
87121;3622672744056220250201;2025-02-01;362;100100386020;0
37020;3622672775476320251001;2025-10-01;362;100100386020;0
24151;3622672782015220251201;2025-12-01;362;100100386020;0
17759;3622672786120120260101;2026-01-01;362;100100386020;0
179030;3622672943969320240201;2024-02-01;362;100183571483;0
169881;3622672943983920240301;2024-03-01;362;100183571483;0
160792;3622672943994220240401;2024-04-01;362;100183571483;0
144334;3622672944015820240601;2024-06-01;362;100183571483;0
131452;3622672944038620240801;2024-08-01;362;100183571483;0
125110;3622672944050820240901;2024-09-01;362;100183571483;0
87162;3622672944060420250201;2025-02-01;362;100183571483;0
80904;3622672944064820250301;2025-03-01;362;100183571483;0
24137;3622672982013820251201;2025-12-01;362;100183571483;0
179042;3622673043970520240201;2024-02-01;362;28651456;0
169885;3622673043984420240301;2024-03-01;362;28651456;0
160797;3622673043994820240401;2024-04-01;362;28651456;0
151727;3622673044005920240501;2024-05-01;362;28651456;0
144346;3622673044017020240601;2024-06-01;362;28651456;0
137719;3622673044027020240701;2024-07-01;362;28651456;0
125118;3622673044051620240901;2024-09-01;362;28651456;0
37057;3622673076570420251001;2025-10-01;362;28651456;0
30509;3622673079278120251101;2025-11-01;362;28651456;0
24257;3622673082860320251201;2025-12-01;362;28651456;0
17741;3622673085676020260101;2026-01-01;362;28651456;0
11518;3622673089739820260201;2026-02-01;362;28651456;0
179051;3622673143971420240201;2024-02-01;362;44493690;0
169896;3622673143985720240301;2024-03-01;362;44493690;0
160808;3622673143995920240401;2024-04-01;362;44493690;0
144351;3622673144017620240601;2024-06-01;362;44493690;0
137729;3622673144028020240701;2024-07-01;362;44493690;0
131468;3622673144040320240801;2024-08-01;362;44493690;0
30490;3622673178654720251101;2025-11-01;362;44493690;0
24070;3622673181094220251201;2025-12-01;362;44493690;0
117099;3623120241001;2024-10-01;362;2031764541;0
109119;36231920241101;2024-11-01;362;2031764541;0
74634;3623229947446920250401;2025-04-01;362;9880016287;0
55443;3623229971157120250701;2025-07-01;362;9880016287;0
49491;3623229974270720250801;2025-08-01;362;9880016287;0
43516;3623229975240520250901;2025-09-01;362;9880016287;0
30727;3623229982093320251101;2025-11-01;362;9880016287;0
17832;3623229987613720260101;2026-01-01;362;9880016287;0
101160;36232520241201;2024-12-01;362;2031764541;0
61968;3623267449831920250601;2025-06-01;362;35042761;0
55437;3623267471116420250701;2025-07-01;362;35042761;0
30528;3623267479688320251101;2025-11-01;362;35042761;0
11496;3623267489320220260201;2026-02-01;362;35042761;0
61970;3623271549835820250601;2025-06-01;362;21295268;0
49452;3623271574140720250801;2025-08-01;362;21295268;0
43501;3623271575094020250901;2025-09-01;362;21295268;0
37095;3623271576726320251001;2025-10-01;362;21295268;0
30717;3623271582091520251101;2025-11-01;362;21295268;0
17808;3623271586854820260101;2026-01-01;362;21295268;0
11623;3623271591134220260201;2026-02-01;362;21295268;0
61971;3623271649835920250601;2025-06-01;362;21295190;0
49457;3623271674149020250801;2025-08-01;362;21295190;0
43508;3623271675095220250901;2025-09-01;362;21295190;0
37096;3623271676726420251001;2025-10-01;362;21295190;0
30719;3623271682091720251101;2025-11-01;362;21295190;0
61975;3623271749836420250601;2025-06-01;362;21295244;0
49462;3623271774149620250801;2025-08-01;362;21295244;0
43505;3623271775094920250901;2025-09-01;362;21295244;0
37100;3623271776738420251001;2025-10-01;362;21295244;0
30715;3623271782091220251101;2025-11-01;362;21295244;0
17809;3623271786854920260101;2026-01-01;362;21295244;0
11594;3623271790972720260201;2026-02-01;362;21295244;0
61972;3623271849836020250601;2025-06-01;362;21295189;0
49451;3623271874140620250801;2025-08-01;362;21295189;0
43506;3623271875095020250901;2025-09-01;362;21295189;0
37102;3623271876738620251001;2025-10-01;362;21295189;0
30718;3623271882091620251101;2025-11-01;362;21295189;0
61973;3623271949836120250601;2025-06-01;362;21295219;0
49460;3623271974149420250801;2025-08-01;362;21295219;0
43500;3623271975093720250901;2025-09-01;362;21295219;0
37101;3623271976738520251001;2025-10-01;362;21295219;0
30721;3623271982091920251101;2025-11-01;362;21295219;0
17806;3623271986854620260101;2026-01-01;362;21295219;0
61974;3623272049836220250601;2025-06-01;362;21295256;0
49453;3623272074140820250801;2025-08-01;362;21295256;0
43504;3623272075094720250901;2025-09-01;362;21295256;0
37098;3623272076726620251001;2025-10-01;362;21295256;0
30716;3623272082091420251101;2025-11-01;362;21295256;0
11564;3623272090709720260201;2026-02-01;362;21295256;0
17934;3623272090934920260101;2026-01-01;362;21295256;0
61977;3623272249836620250601;2025-06-01;362;21295220;0
49459;3623272274149320250801;2025-08-01;362;21295220;0
43503;3623272275094320250901;2025-09-01;362;21295220;0
37097;3623272276726520251001;2025-10-01;362;21295220;0
30723;3623272282092120251101;2025-11-01;362;21295220;0
11624;3623272291134520260201;2026-02-01;362;21295220;0
61978;3623272349836720250601;2025-06-01;362;10005438320;0
49455;3623272374141020250801;2025-08-01;362;10005438320;0
43499;3623272375093620250901;2025-09-01;362;10005438320;0
37103;3623272376738720251001;2025-10-01;362;10005438320;0
30724;3623272382092220251101;2025-11-01;362;10005438320;0
17805;3623272386854320260101;2026-01-01;362;10005438320;0
11596;3623272390972920260201;2026-02-01;362;10005438320;0
61979;3623272449836820250601;2025-06-01;362;21295232;0
49458;3623272474149220250801;2025-08-01;362;21295232;0
43502;3623272475094220250901;2025-09-01;362;21295232;0
37093;3623272476726120251001;2025-10-01;362;21295232;0
30714;3623272482091120251101;2025-11-01;362;21295232;0
17933;3623272490934320260101;2026-01-01;362;21295232;0
61981;3623272549837020250601;2025-06-01;362;10005438274;0
49461;3623272574149520250801;2025-08-01;362;10005438274;0
43512;3623272575117320250901;2025-09-01;362;10005438274;0
37105;3623272577407420251001;2025-10-01;362;10005438274;0
30722;3623272582092020251101;2025-11-01;362;10005438274;0
61982;3623272649837120250601;2025-06-01;362;21295463;0
49454;3623272674140920250801;2025-08-01;362;21295463;0
43509;3623272675095320250901;2025-09-01;362;21295463;0
37094;3623272676726220251001;2025-10-01;362;21295463;0
30720;3623272682091820251101;2025-11-01;362;21295463;0
17807;3623272686854720260101;2026-01-01;362;21295463;0
74639;3623272749837220250401;2025-04-01;362;10004022740;0
74640;3623272849837320250401;2025-04-01;362;80017976;0
49534;3623272874931320250801;2025-08-01;362;80017976;0
30725;3623272882093020251101;2025-11-01;362;80017976;0
61984;3623272949837520250601;2025-06-01;362;1580027;0
55536;3623272976049120250701;2025-07-01;362;1580027;0
30621;3623272980354820251101;2025-11-01;362;1580027;0
11560;3623272990353520260201;2026-02-01;362;1580027;0
17963;3623272990993720260101;2026-01-01;362;1580027;0
61986;3623282349846220250601;2025-06-01;362;168706500455;0
30588;3623282380235620251101;2025-11-01;362;168706500455;0
17890;3623282390549820260101;2026-01-01;362;168706500455;0
61987;3623282449846320250601;2025-06-01;362;168708000461;0
37231;3623282480234920251001;2025-10-01;362;168708000461;0
30582;3623282480235020251101;2025-11-01;362;168708000461;0
17889;3623282490549620260101;2026-01-01;362;168708000461;0
43625;3623282578925020250901;2025-09-01;362;168709000443;0
17907;3623282590552720260101;2026-01-01;362;168709000443;0
61988;3623282649846420250601;2025-06-01;362;168706000400;0
49536;3623282674934420250801;2025-08-01;362;168706000400;0
43491;3623282674934520250901;2025-09-01;362;168706000400;0
61989;3623282749846520250601;2025-06-01;362;168707500437;0
30584;3623282780235220251101;2025-11-01;362;168707500437;0
17896;3623282790551120260101;2026-01-01;362;168707500437;0
61990;3623282849846620250601;2025-06-01;362;168708900480;0
61991;3623282949846720250601;2025-06-01;362;168708100457;0
30581;3623282980234820251101;2025-11-01;362;168708100457;0
17888;3623282990548620260101;2026-01-01;362;168708100457;0
61992;3623283049846820250601;2025-06-01;362;168706200489;0
17908;3623283090552820260101;2026-01-01;362;168706200489;0
61993;3623283149846920250601;2025-06-01;362;168708300438;0
30580;3623283180234720251101;2025-11-01;362;168708300438;0
17898;3623283190551320260101;2026-01-01;362;168708300438;0
61994;3623283249847020250601;2025-06-01;362;168707200460;0
30590;3623283280235820251101;2025-11-01;362;168707200460;0
61996;3623283349847220250601;2025-06-01;362;168708800495;0
17894;3623283390550520260101;2026-01-01;362;168708800495;0
5522;36232834192372420260301;2026-03-01;362;10639476;0
61997;3623283449847320250601;2025-06-01;362;10639476;0
49432;3623283473837720250801;2025-08-01;362;10639476;0
30753;3623283482672520251101;2025-11-01;362;10639476;0
17902;3623283490552220260101;2026-01-01;362;10639476;0
74641;3623283549847420250401;2025-04-01;362;1120002762;0
49490;3623283574270620250801;2025-08-01;362;1120002762;0
43513;3623283575189020250901;2025-09-01;362;1120002762;0
37194;3623283578545020251001;2025-10-01;362;1120002762;0
61998;3623283649847520250601;2025-06-01;362;168706800421;0
30586;3623283680235420251101;2025-11-01;362;168706800421;0
17893;3623283690550420260101;2026-01-01;362;168706800421;0
62133;36232879191739620250601;2025-06-01;362;5508762;0
49580;36232879191739820250801;2025-08-01;362;5508762;0
93280;36232879191740020250101;2025-01-01;362;5508762;0
87193;36232879191740120250201;2025-02-01;362;5508762;0
75148;36232879193429420250401;2025-04-01;362;5508762;0
117170;3623287949852220241001;2024-10-01;362;5508762;0
68373;3623287949852520250501;2025-05-01;362;5508762;0
131491;3623287949852620240801;2024-08-01;362;5508762;0
109214;3623287949852720241101;2024-11-01;362;5508762;0
125152;3623287949852920240901;2024-09-01;362;5508762;0
17844;3623287987966420260101;2026-01-01;362;5508762;0
30761;36232880191739720251101;2025-11-01;362;7111843;0
24360;36232880192359920251201;2025-12-01;362;7111843;0
117169;3623288049851920241001;2024-10-01;362;7111843;0
131490;3623288049852120240801;2024-08-01;362;7111843;0
109213;3623288049852320241101;2024-11-01;362;7111843;0
68372;3623288049852420250501;2025-05-01;362;7111843;0
125151;3623288049852820240901;2024-09-01;362;7111843;0
17845;3623288087966520260101;2026-01-01;362;7111843;0
30773;36232881192359420251101;2025-11-01;362;7835477;0
24359;36232881192359520251201;2025-12-01;362;7835477;0
11702;36232881192360120260201;2026-02-01;362;7835477;0
109212;3623288149852020241101;2024-11-01;362;7835477;0
68374;3623288149853020250501;2025-05-01;362;7835477;0
117172;3623288156122520241001;2024-10-01;362;7835477;0
125153;3623288156125520240901;2024-09-01;362;7835477;0
17843;3623288187966220260101;2026-01-01;362;7835477;0
68376;3623288249853220250501;2025-05-01;362;2159597;0
62000;3623288249853320250601;2025-06-01;362;2159597;0
74642;3623288249853420250401;2025-04-01;362;2159597;0
5507;36232884191350320260301;2026-03-01;362;8375666;0
62002;3623288449853620250601;2025-06-01;362;8375666;0
37078;3623288476618320251001;2025-10-01;362;8375666;0
30535;3623288479689520251101;2025-11-01;362;8375666;0
24282;3623288483134220251201;2025-12-01;362;8375666;0
17818;3623288487448920260101;2026-01-01;362;8375666;0
11548;3623288490113420260201;2026-02-01;362;8375666;0
62003;3623288549853720250601;2025-06-01;362;8403570;0
55435;3623288571113220250701;2025-07-01;362;8403570;0
68377;3623289349854720250501;2025-05-01;362;39046400;0
74643;3623289349854820250401;2025-04-01;362;39046400;0
30501;3623289379026420251101;2025-11-01;362;39046400;0
80910;3623290449855920250301;2025-03-01;362;3095603256;0
179091;3623290449856020240201;2024-02-01;362;3095603256;0
160832;3623290449856120240401;2024-04-01;362;3095603256;0
169915;3623290449856220240301;2024-03-01;362;3095603256;0
188114;3623290449856320240101;2024-01-01;362;3095603256;0
131492;3623290449856420240801;2024-08-01;362;3095603256;0
151759;3623290449856520240501;2024-05-01;362;3095603256;0
144374;3623290449856620240601;2024-06-01;362;3095603256;0
137758;3623290449856720240701;2024-07-01;362;3095603256;0
68378;3623290449856820250501;2025-05-01;362;3095603256;0
74645;3623290449873520250401;2025-04-01;362;3095603256;0
74644;3623298449865220250401;2025-04-01;362;10004022848;0
49535;3623298474932220250801;2025-08-01;362;10004022848;0
37195;3623298478545120251001;2025-10-01;362;10004022848;0
62006;3623299249866020250601;2025-06-01;362;168708600404;0
30578;3623299280234220251101;2025-11-01;362;168708600404;0
17911;3623299290642320260101;2026-01-01;362;168708600404;0
62007;3623299649866520250601;2025-06-01;362;168707000480;0
30592;3623299680236020251101;2025-11-01;362;168707000480;0
17895;3623299690550920260101;2026-01-01;362;168707000480;0
62008;3623300249867020250601;2025-06-01;362;168706300474;0
30593;3623300280236120251101;2025-11-01;362;168706300474;0
17897;3623300290551220260101;2026-01-01;362;168706300474;0
62009;3623300449867220250601;2025-06-01;362;169394700429;0
17901;3623300490552020260101;2026-01-01;362;169394700429;0
62010;3623301049867820250601;2025-06-01;362;168706600440;0
30587;3623301080235520251101;2025-11-01;362;168706600440;0
17899;3623301090551420260101;2026-01-01;362;168706600440;0
62011;3623302049868820250601;2025-06-01;362;1580019;0
55535;3623302076049020250701;2025-07-01;362;1580019;0
93279;3623302082662520250101;2025-01-01;362;1580019;0
74684;3623302082662620250401;2025-04-01;362;1580019;0
30754;3623302082681520251101;2025-11-01;362;1580019;0
11620;3623302090981520260201;2026-02-01;362;1580019;0
17961;3623302090993420260101;2026-01-01;362;1580019;0
62012;3623302349869120250601;2025-06-01;362;168708400423;0
30579;3623302380234620251101;2025-11-01;362;168708400423;0
24261;3623302382862220251201;2025-12-01;362;168708400423;0
17891;3623302390550220260101;2026-01-01;362;168708400423;0
62013;3623302849869620250601;2025-06-01;362;10010517160;0
49464;3623302874169020250801;2025-08-01;362;10010517160;0
43511;3623302875113520250901;2025-09-01;362;10010517160;0
62014;3623303349870120250601;2025-06-01;362;168707400441;0
30589;3623303380235720251101;2025-11-01;362;168707400441;0
137759;3623312949896320240701;2024-07-01;362;10108802;0
37136;3623312977638820251001;2025-10-01;362;10108802;0
62021;3623314349905120250601;2025-06-01;362;15290492;0
49514;3623314374539520250801;2025-08-01;362;15290492;0
30612;3623314380353920251101;2025-11-01;362;15290492;0
17939;3623314390937520260101;2026-01-01;362;15290492;0
62023;3623314449905320250601;2025-06-01;362;15371964;0
49516;3623314474539720250801;2025-08-01;362;15371964;0
30607;3623314480353420251101;2025-11-01;362;15371964;0
17935;3623314490935620260101;2026-01-01;362;15371964;0
11608;3623314490975820260201;2026-02-01;362;15371964;0
5503;36233145191092920260301;2026-03-01;362;41754654;0
62024;3623314549905420250601;2025-06-01;362;41754654;0
49481;3623314574212720250801;2025-08-01;362;41754654;0
37080;3623314576619720251001;2025-10-01;362;41754654;0
30502;3623314579026520251101;2025-11-01;362;41754654;0
24259;3623314582861220251201;2025-12-01;362;41754654;0
17735;3623314585637520260101;2026-01-01;362;41754654;0
11542;3623314589882520260201;2026-02-01;362;41754654;0
62025;3623314649905520250601;2025-06-01;362;15281477;0
49511;3623314674539220250801;2025-08-01;362;15281477;0
30615;3623314680354220251101;2025-11-01;362;15281477;0
17940;3623314690937920260101;2026-01-01;362;15281477;0
11600;3623314690973320260201;2026-02-01;362;15281477;0
62026;3623314749905620250601;2025-06-01;362;15252744;0
55452;3623314771300820250701;2025-07-01;362;15252744;0
43514;3623314775199820250901;2025-09-01;362;15252744;0
30618;3623314780354520251101;2025-11-01;362;15252744;0
17969;3623314791184120260101;2026-01-01;362;15252744;0
62027;3623314849905720250601;2025-06-01;362;15278557;0
49517;3623314874539820250801;2025-08-01;362;15278557;0
30616;3623314880354320251101;2025-11-01;362;15278557;0
17932;3623314890932320260101;2026-01-01;362;15278557;0
62028;3623314949905820250601;2025-06-01;362;15287785;0
55448;3623314971300320250701;2025-07-01;362;15287785;0
43515;3623314975200020250901;2025-09-01;362;15287785;0
30614;3623314980354120251101;2025-11-01;362;15287785;0
17811;3623314986856320260101;2026-01-01;362;15287785;0
11598;3623314990973120260201;2026-02-01;362;15287785;0
62030;3623315049906020250601;2025-06-01;362;15277003;0
49523;3623315074693320250801;2025-08-01;362;15277003;0
30617;3623315080354420251101;2025-11-01;362;15277003;0
17810;3623315086856220260101;2026-01-01;362;15277003;0
11612;3623315090976520260201;2026-02-01;362;15277003;0
5479;36233151190088920260301;2026-03-01;362;34253173;0
62031;3623315149906120250601;2025-06-01;362;34253173;0
55436;3623315171116120250701;2025-07-01;362;34253173;0
37031;3623315176438820251001;2025-10-01;362;34253173;0
49550;3623315178468920250801;2025-08-01;362;34253173;0
30538;3623315179690420251101;2025-11-01;362;34253173;0
17673;3623315184697920260101;2026-01-01;362;34253173;0
11486;3623315189010620260201;2026-02-01;362;34253173;0
5481;36233152190090020260301;2026-03-01;362;11245832;0
62036;3623315249906620250601;2025-06-01;362;11245832;0
30510;3623315279291220251101;2025-11-01;362;11245832;0
17675;3623315284699220260101;2026-01-01;362;11245832;0
11485;3623315289010220260201;2026-02-01;362;11245832;0
62037;3623315349906720250601;2025-06-01;362;15241203;0
49512;3623315374539320250801;2025-08-01;362;15241203;0
30619;3623315380354620251101;2025-11-01;362;15241203;0
17942;3623315390938720260101;2026-01-01;362;15241203;0
11599;3623315390973220260201;2026-02-01;362;15241203;0
62038;3623315449906820250601;2025-06-01;362;16149599;0
55453;3623315471300920250701;2025-07-01;362;16149599;0
30606;3623315480353320251101;2025-11-01;362;16149599;0
17814;3623315486856920260101;2026-01-01;362;16149599;0
11613;3623315490976620260201;2026-02-01;362;16149599;0
62039;3623315549906920250601;2025-06-01;362;15244881;0
49478;3623315574212220250801;2025-08-01;362;15244881;0
55518;3623315574315820250701;2025-07-01;362;15244881;0
11609;3623315590976020260201;2026-02-01;362;15244881;0
17976;3623315591199920260101;2026-01-01;362;15244881;0
62040;3623315649907020250601;2025-06-01;362;15290506;0
49524;3623315674693520250801;2025-08-01;362;15290506;0
30611;3623315680353820251101;2025-11-01;362;15290506;0
17936;3623315690936320260101;2026-01-01;362;15290506;0
11610;3623315690976220260201;2026-02-01;362;15290506;0
62041;3623315749907120250601;2025-06-01;362;15316580;0
49510;3623315774539020250801;2025-08-01;362;15316580;0
30610;3623315780353720251101;2025-11-01;362;15316580;0
17938;3623315790937220260101;2026-01-01;362;15316580;0
11597;3623315790973020260201;2026-02-01;362;15316580;0
62042;3623315849907220250601;2025-06-01;362;15363368;0
49515;3623315874539620250801;2025-08-01;362;15363368;0
30608;3623315880353520251101;2025-11-01;362;15363368;0
17970;3623315891184720260101;2026-01-01;362;15363368;0
62049;3623338049934720250601;2025-06-01;362;168706900417;0
30585;3623338080235320251101;2025-11-01;362;168706900417;0
17903;3623338090552320260101;2026-01-01;362;168706900417;0
62050;3623338149934820250601;2025-06-01;362;168707600422;0
30583;3623338180235120251101;2025-11-01;362;168707600422;0
62051;3623338249934920250601;2025-06-01;362;168708700402;0
55567;3623338280233720250701;2025-07-01;362;168708700402;0
43621;3623475978924620250901;2025-09-01;362;168706100493;0
17906;3623475990552620260101;2026-01-01;362;168706100493;0
62052;3623483552618620250601;2025-06-01;362;168707100475;0
30591;3623483580235920251101;2025-11-01;362;168707100475;0
62056;3623646155956620250601;2025-06-01;362;2000772770;0
68399;3623683056081520250501;2025-05-01;362;MTE0000605;0
62104;3623683074350220250601;2025-06-01;362;MTE0000605;0
37167;3623683078094220251001;2025-10-01;362;MTE0000605;0
43598;3623683078538420250901;2025-09-01;362;MTE0000605;0
30704;3623683081448420251101;2025-11-01;362;MTE0000605;0
62059;3623683156081620250601;2025-06-01;362;36341355;0
30642;3623683180809820251101;2025-11-01;362;36341355;0
62060;3623707356122220250601;2025-06-01;362;150295944;0
55473;3623707373828520250701;2025-07-01;362;150295944;0
49531;3623707374784720250801;2025-08-01;362;150295944;0
24284;3623707383340920251201;2025-12-01;362;150295944;0
68404;3623707456123620250501;2025-05-01;362;2095794018;0
74663;3623707456123720250401;2025-04-01;362;2095794018;0
62091;3623707471336320250601;2025-06-01;362;2095794018;0
55458;3623707471336420250701;2025-07-01;362;2095794018;0
43557;3623707476619420250901;2025-09-01;362;2095794018;0
62066;3623707556123920250601;2025-06-01;362;27702286;0
30674;3623707581094720251101;2025-11-01;362;27702286;0
55423;3623714556133120250701;2025-07-01;362;93472366;0
43473;3623714574774120250901;2025-09-01;362;93472366;0
49543;3623714576006620250801;2025-08-01;362;93472366;0
62069;3623724056143220250601;2025-06-01;362;W9002005163;0
43470;362374731120250901;2025-09-01;362;2031764541;0
62077;3623821361310120250601;2025-06-01;362;36132110;0
49429;3623821373830320250801;2025-08-01;362;36132110;0
43488;3623821374902120250901;2025-09-01;362;36132110;0
62086;3623989771077920250601;2025-06-01;362;9302819;0
43579;3623989777703520250901;2025-09-01;362;9302819;0
55442;3623994471141020250701;2025-07-01;362;80018658;0
49489;3623994474270520250801;2025-08-01;362;80018658;0
43517;3623994475240720250901;2025-09-01;362;80018658;0
30726;3623994482093220251101;2025-11-01;362;80018658;0
55424;3624005156136720250701;2025-07-01;362;W9007478922;0
49420;3624005171247520250801;2025-08-01;362;W9007478922;0
43463;3624005174495820250901;2025-09-01;362;W9007478922;0
37056;3624005176570320251001;2025-10-01;362;W9007478922;0
11452;3624005188433920260201;2026-02-01;362;W9007478922;0
49421;3624012871273320250801;2025-08-01;362;10008395231;0
43471;3624012874773920250901;2025-09-01;362;10008395231;0
37038;3624012876540520251001;2025-10-01;362;10008395231;0
30604;3624012880353120251101;2025-11-01;362;10008395231;0
55447;3624022971300220250701;2025-07-01;362;2263836;0
37163;3624022977732920251001;2025-10-01;362;2263836;0
30672;3624022981094520251101;2025-11-01;362;2263836;0
11558;3624022990309620260201;2026-02-01;362;2263836;0
17973;3624022991185220260101;2026-01-01;362;2263836;0
55450;3624023071300520250701;2025-07-01;362;52991000465;0
49532;3624023074784820250801;2025-08-01;362;52991000465;0
55451;3624023171300620250701;2025-07-01;362;50579000403;0
55454;3624023271301120250701;2025-07-01;362;10012505623;0
30713;3624023282090920251101;2025-11-01;362;10012505623;0
55456;3624023371301320250701;2025-07-01;362;2098708;0
49533;3624023374784920250801;2025-08-01;362;2098708;0
49425;3624068971396320250801;2025-08-01;362;6858245;0
55534;3624068976045120250701;2025-07-01;362;6858245;0
37260;3624068982408820251001;2025-10-01;362;6858245;0
11448;3624068988078520260201;2026-02-01;362;6858245;0
109120;36242020241101;2024-11-01;362;2031772676;0
117100;3624220241001;2024-10-01;362;2031772676;0
101163;36242820241201;2024-12-01;362;2031772676;0
61963;3624316444476020250601;2025-06-01;362;00009023358;0
49428;3624316473827320250801;2025-08-01;362;00009023358;0
43490;3624316474922220250901;2025-09-01;362;00009023358;0
17727;3624316485479820260101;2026-01-01;362;00009023358;0
11615;3624316490979820260201;2026-02-01;362;00009023358;0
49433;3624358473906120250801;2025-08-01;362;74406;0
37067;3624358476571820251001;2025-10-01;362;74406;0
55485;3624368373926520250701;2025-07-01;362;203563539;0
37197;3624368378626320251001;2025-10-01;362;203563539;0
18621;36243684193717520260101;2026-01-01;362;MTE0002793;0
55488;3624368473926920250701;2025-07-01;362;MTE0002793;0
37204;3624368478627020251001;2025-10-01;362;MTE0002793;0
30694;3624368481426220251101;2025-11-01;362;MTE0002793;0
18619;36243685193716720260101;2026-01-01;362;MTE0003892;0
12242;36243685193716920260201;2026-02-01;362;MTE0003892;0
5808;36243685193717120260301;2026-03-01;362;MTE0003892;0
55489;3624368573927020250701;2025-07-01;362;MTE0003892;0
37174;3624368578277020251001;2025-10-01;362;MTE0003892;0
43606;3624368578544820250901;2025-09-01;362;MTE0003892;0
30746;3624368582551420251101;2025-11-01;362;MTE0003892;0
18622;36243686193717620260101;2026-01-01;362;MTE0004120;0
12245;36243686193720420260201;2026-02-01;362;MTE0004120;0
5814;36243686193734020260301;2026-03-01;362;MTE0004120;0
74668;3624368673927120250401;2025-04-01;362;MTE0004120;0
68424;3624368673927220250501;2025-05-01;362;MTE0004120;0
62094;3624368673927320250601;2025-06-01;362;MTE0004120;0
55490;3624368673927420250701;2025-07-01;362;MTE0004120;0
37179;3624368678477620251001;2025-10-01;362;MTE0004120;0
43607;3624368678544920250901;2025-09-01;362;MTE0004120;0
30741;3624368682550020251101;2025-11-01;362;MTE0004120;0
68425;3624368773927520250501;2025-05-01;362;MTE0006785;0
62095;3624368773927620250601;2025-06-01;362;MTE0006785;0
55491;3624368773927720250701;2025-07-01;362;MTE0006785;0
49435;3624368773927820250801;2025-08-01;362;MTE0006785;0
30706;3624368781452420251101;2025-11-01;362;MTE0006785;0
74669;3624368873927920250401;2025-04-01;362;MTE0008748;0
68426;3624368873928020250501;2025-05-01;362;MTE0008748;0
62096;3624368873928120250601;2025-06-01;362;MTE0008748;0
55492;3624368873928220250701;2025-07-01;362;MTE0008748;0
37199;3624368878626520251001;2025-10-01;362;MTE0008748;0
30747;3624368882551720251101;2025-11-01;362;MTE0008748;0
18620;36243689193717420260101;2026-01-01;362;MTE0010395;0
12249;36243689193722520260201;2026-02-01;362;MTE0010395;0
5809;36243689193722920260301;2026-03-01;362;MTE0010395;0
68427;3624368973928320250501;2025-05-01;362;MTE0010395;0
55493;3624368973928420250701;2025-07-01;362;MTE0010395;0
37201;3624368978626720251001;2025-10-01;362;MTE0010395;0
30745;3624368982551220251101;2025-11-01;362;MTE0010395;0
12247;36243690193721120260201;2026-02-01;362;MTE0011366;0
74670;3624369073928520250401;2025-04-01;362;MTE0011366;0
55494;3624369073928620250701;2025-07-01;362;MTE0011366;0
37200;3624369078626620251001;2025-10-01;362;MTE0011366;0
30696;3624369081428620251101;2025-11-01;362;MTE0011366;0
18624;36243691193717920260101;2026-01-01;362;MTE0013044;0
12246;36243691193721020260201;2026-02-01;362;MTE0013044;0
55495;3624369173928720250701;2025-07-01;362;MTE0013044;0
43603;3624369178544520250901;2025-09-01;362;MTE0013044;0
37210;3624369178627620251001;2025-10-01;362;MTE0013044;0
30695;3624369181426420251101;2025-11-01;362;MTE0013044;0
55497;3624369373929520250701;2025-07-01;362;1051608301862;0
30669;3624369381033520251101;2025-11-01;362;1051608301862;0
11629;3624369393315620260201;2026-02-01;362;1051608301862;0
17982;3624369393315720260101;2026-01-01;362;1051608301862;0
49436;3624369473929620250801;2025-08-01;362;17927100420;0
43528;3624369475891520250901;2025-09-01;362;17927100420;0
30515;3624369479428320251101;2025-11-01;362;17927100420;0
24263;3624369482864120251201;2025-12-01;362;17927100420;0
49444;3624378873955620250801;2025-08-01;362;10013887910;0
43495;3624378875013020250901;2025-09-01;362;10013887910;0
49477;3624551474212020250801;2025-08-01;362;2922843;0
55510;3624551474212120250701;2025-07-01;362;2922843;0
37234;3624551480355320251001;2025-10-01;362;2922843;0
30624;3624551480355520251101;2025-11-01;362;2922843;0
11616;3624551490980220260201;2026-02-01;362;2922843;0
17962;3624551490993520260101;2026-01-01;362;2922843;0
49485;3624551574213220250801;2025-08-01;362;MTE0010518;0
55513;3624551574213320250701;2025-07-01;362;MTE0010518;0
37169;3624551578102820251001;2025-10-01;362;MTE0010518;0
49486;3624551674213420250801;2025-08-01;362;MTE0010983;0
55514;3624551674213520250701;2025-07-01;362;MTE0010983;0
37170;3624551678103020251001;2025-10-01;362;MTE0010983;0
55516;3624594774288420250701;2025-07-01;362;40090635;0
62110;3624594774691120250601;2025-06-01;362;40090635;0
49539;3624594775317420250801;2025-08-01;362;40090635;0
55517;3624614774315520250701;2025-07-01;362;10354804;0
17951;3624614790992220260101;2026-01-01;362;10354804;0
62102;3624626774350020250601;2025-06-01;362;MTE0017531;0
37168;3624626778094320251001;2025-10-01;362;MTE0017531;0
30702;3624626781448220251101;2025-11-01;362;MTE0017531;0
62103;3624626874350120250601;2025-06-01;362;MTE0006845;0
37177;3624626878280320251001;2025-10-01;362;MTE0006845;0
30703;3624626881448320251101;2025-11-01;362;MTE0006845;0
43469;362474731020250901;2025-09-01;362;2031772676;0
703438;36247665220241101;2024-11-01;362;99800152;0
711293;362476701420240301;2024-03-01;362;98620061;0
703437;36247670220241101;2024-11-01;362;98620061;0
709414;362476711020240501;2024-05-01;362;95821171;0
712233;362476711220240201;2024-02-01;362;95821171;0
698211;362476711620250401;2025-04-01;362;95821171;0
698213;362476721620250401;2025-04-01;362;90545281;0
708462;36247672920240601;2024-06-01;362;90545281;0
712234;362476731220240201;2024-02-01;362;87207966;0
698212;362476731620250401;2025-04-01;362;87207966;0
690612;362476732320251101;2025-11-01;362;87207966;0
712231;362476741320240201;2024-02-01;362;87207877;0
698210;362476741620250401;2025-04-01;362;87207877;0
690611;362476742320251101;2025-11-01;362;87207877;0
709416;362476751020240501;2024-05-01;362;85873071;0
706493;36247677620240801;2024-08-01;362;83040412;0
709417;362476781020240501;2024-05-01;362;82949468;0
706491;36247678720240801;2024-08-01;362;82949468;0
708460;36247678920240601;2024-06-01;362;82949468;0
18271;362476792420260101;2026-01-01;362;82640297;0
706492;36247679720240801;2024-08-01;362;82640297;0
705463;36247681420240901;2024-09-01;362;81470282;0
709415;362476821020240501;2024-05-01;362;81101651;0
706490;36247682720240801;2024-08-01;362;81101651;0
693960;362476832020250801;2025-08-01;362;80835643;0
5658;36247684020260301;2026-03-01;362;80688560;0
693875;362476842020250801;2025-08-01;362;80688560;0
703436;36247684220241101;2024-11-01;362;80688560;0
5947;362476842220260301;2026-03-01;362;80688560;0
1256;362476842320260401;2026-04-01;362;80688560;1
708461;36247685920240601;2024-06-01;362;76508722;0
709413;362476861020240501;2024-05-01;362;75915855;0
18224;362476882420260101;2026-01-01;362;72405287;0
703435;36247690220241101;2024-11-01;362;64146405;0
705496;36247692620240901;2024-09-01;362;64146375;0
712232;362476931320240201;2024-02-01;362;64146286;0
712230;362476941320240201;2024-02-01;362;64146278;0
705493;36247694520240901;2024-09-01;362;64146278;0
18211;362476972420260101;2026-01-01;362;59418796;0
18209;362476992420260101;2026-01-01;362;57334641;0
705495;36247699620240901;2024-09-01;362;57334641;0
705494;36247700620240901;2024-09-01;362;56585888;0
49513;3624770274539420250801;2025-08-01;362;15317919;0
30609;3624770280353620251101;2025-11-01;362;15317919;0
17812;3624770286856620260101;2026-01-01;362;15317919;0
11603;3624770290973620260201;2026-02-01;362;15317919;0
693959;362477032020250801;2025-08-01;362;48670251;0
702395;36247704320241201;2024-12-01;362;46196374;0
18196;362477052420260101;2026-01-01;362;45877637;0
702394;36247707320241201;2024-12-01;362;40931439;0
702393;36247708320241201;2024-12-01;362;40931331;0
18182;362477112420260101;2026-01-01;362;40930998;0
713150;362477121520240101;2024-01-01;362;40902986;0
18178;362477132420260101;2026-01-01;362;39112993;0
702392;36247715320241201;2024-12-01;362;29728053;0
5665;36247717020260301;2026-03-01;362;7475500;0
713148;362477181120240101;2024-01-01;362;1586440;0
713149;362477211520240101;2024-01-01;362;1515306;0
713147;36247722720240101;2024-01-01;362;1502247;0
710349;362477241220240401;2024-04-01;362;1492667;0
18125;362477242420260101;2026-01-01;362;1492667;0
713146;36247724920240101;2024-01-01;362;1492667;0
705521;362477251020240901;2024-09-01;362;100165211284;0
710366;362477251120240401;2024-04-01;362;100165211284;0
712267;362477251220240201;2024-02-01;362;100165211284;0
709441;362477251420240501;2024-05-01;362;100165211284;0
711320;362477251520240301;2024-03-01;362;100165211284;0
703448;36247725220241101;2024-11-01;362;100165211284;0
688472;362477252320260101;2026-01-01;362;100165211284;0
702428;36247725320241201;2024-12-01;362;100165211284;0
700256;36247725420250201;2025-02-01;362;100165211284;0
706509;36247725720240801;2024-08-01;362;100165211284;0
707512;36247725820240701;2024-07-01;362;100165211284;0
706508;362477261120240801;2024-08-01;362;100026068121;0
705520;362477261220240901;2024-09-01;362;100026068121;0
707511;362477261320240701;2024-07-01;362;100026068121;0
703447;36247726220241101;2024-11-01;362;100026068121;0
688471;362477262420260101;2026-01-01;362;100026068121;0
702427;36247726320241201;2024-12-01;362;100026068121;0
700255;36247726420250201;2025-02-01;362;100026068121;0
710365;36247726620240401;2024-04-01;362;100026068121;0
711319;36247726720240301;2024-03-01;362;100026068121;0
712266;36247726920240201;2024-02-01;362;100026068121;0
705519;362477271220240901;2024-09-01;362;64801292;0
710364;362477271320240401;2024-04-01;362;64801292;0
711318;362477271420240301;2024-03-01;362;64801292;0
703446;36247727220241101;2024-11-01;362;64801292;0
702426;36247727320241201;2024-12-01;362;64801292;0
712265;36247727520240201;2024-02-01;362;64801292;0
706507;36247727820240801;2024-08-01;362;64801292;0
707510;36247727920240701;2024-07-01;362;64801292;0
706506;362477281020240801;2024-08-01;362;64067432;0
705518;362477281120240901;2024-09-01;362;64067432;0
707509;362477281220240701;2024-07-01;362;64067432;0
703445;36247728220241101;2024-11-01;362;64067432;0
702425;36247728320241201;2024-12-01;362;64067432;0
712264;36247728520240201;2024-02-01;362;64067432;0
711317;36247728620240301;2024-03-01;362;64067432;0
710363;36247728720240401;2024-04-01;362;64067432;0
709440;36247728820240501;2024-05-01;362;64067432;0
705517;362477291020240901;2024-09-01;362;100116065318;0
707508;362477291120240701;2024-07-01;362;100116065318;0
703444;36247729220241101;2024-11-01;362;100116065318;0
688469;362477292420260101;2026-01-01;362;100116065318;0
702424;36247729320241201;2024-12-01;362;100116065318;0
712263;36247729520240201;2024-02-01;362;100116065318;0
711316;36247729620240301;2024-03-01;362;100116065318;0
710362;36247729720240401;2024-04-01;362;100116065318;0
709439;36247729820240501;2024-05-01;362;100116065318;0
705516;362477301020240901;2024-09-01;362;60167904;0
707507;362477301120240701;2024-07-01;362;60167904;0
703443;36247730220241101;2024-11-01;362;60167904;0
702423;36247730320241201;2024-12-01;362;60167904;0
710361;36247730520240401;2024-04-01;362;60167904;0
712262;36247730620240201;2024-02-01;362;60167904;0
711315;36247730720240301;2024-03-01;362;60167904;0
709438;36247730820240501;2024-05-01;362;60167904;0
705515;362477311120240901;2024-09-01;362;58340742;0
707506;362477311220240701;2024-07-01;362;58340742;0
703442;36247731220241101;2024-11-01;362;58340742;0
702422;36247731320241201;2024-12-01;362;58340742;0
700254;36247731420250201;2025-02-01;362;58340742;0
710360;36247731620240401;2024-04-01;362;58340742;0
709437;36247731820240501;2024-05-01;362;58340742;0
712261;36247731920240201;2024-02-01;362;58340742;0
5675;36247732020260301;2026-03-01;362;56166401;0
709436;362477321020240501;2024-05-01;362;56166401;0
705514;362477321120240901;2024-09-01;362;56166401;0
710359;362477321320240401;2024-04-01;362;56166401;0
711314;362477321520240301;2024-03-01;362;56166401;0
703441;36247732220241101;2024-11-01;362;56166401;0
702421;36247732320241201;2024-12-01;362;56166401;0
712260;36247732520240201;2024-02-01;362;56166401;0
707505;36247732820240701;2024-07-01;362;56166401;0
705513;362477331020240901;2024-09-01;362;53477286;0
707504;362477331120240701;2024-07-01;362;53477286;0
703440;36247733220241101;2024-11-01;362;53477286;0
702420;36247733320241201;2024-12-01;362;53477286;0
710358;36247733520240401;2024-04-01;362;53477286;0
711313;36247733620240301;2024-03-01;362;53477286;0
709435;36247733720240501;2024-05-01;362;53477286;0
712259;36247733820240201;2024-02-01;362;53477286;0
705512;362477341120240901;2024-09-01;362;53454375;0
707503;362477341220240701;2024-07-01;362;53454375;0
708477;362477341320240601;2024-06-01;362;53454375;0
703439;36247734220241101;2024-11-01;362;53454375;0
702419;36247734320241201;2024-12-01;362;53454375;0
712258;36247734520240201;2024-02-01;362;53454375;0
711312;36247734620240301;2024-03-01;362;53454375;0
710357;36247734720240401;2024-04-01;362;53454375;0
709434;36247734820240501;2024-05-01;362;53454375;0
705589;362477351020240901;2024-09-01;362;50761455;0
707569;362477351120240701;2024-07-01;362;50761455;0
708541;362477351320240601;2024-06-01;362;50761455;0
702532;36247735320241201;2024-12-01;362;50761455;0
710434;36247735520240401;2024-04-01;362;50761455;0
711389;36247735620240301;2024-03-01;362;50761455;0
709497;36247735720240501;2024-05-01;362;50761455;0
712368;36247735820240201;2024-02-01;362;50761455;0
702531;36247736320241201;2024-12-01;362;100084906177;0
712367;36247736520240201;2024-02-01;362;100084906177;0
706578;36247736720240801;2024-08-01;362;100084906177;0
707568;36247736820240701;2024-07-01;362;100084906177;0
708540;36247736920240601;2024-06-01;362;100084906177;0
708539;362477371220240601;2024-06-01;362;100197005370;0
688528;362477372420260101;2026-01-01;362;100197005370;0
702530;36247737320241201;2024-12-01;362;100197005370;0
709496;36247737720240501;2024-05-01;362;100197005370;0
712366;36247737820240201;2024-02-01;362;100197005370;0
706577;36247737920240801;2024-08-01;362;100197005370;0
708538;362477381220240601;2024-06-01;362;46399194;0
702529;36247738320241201;2024-12-01;362;46399194;0
712365;36247738520240201;2024-02-01;362;46399194;0
709495;36247738820240501;2024-05-01;362;46399194;0
706576;36247738920240801;2024-08-01;362;46399194;0
706575;362477391220240801;2024-08-01;362;46397183;0
691729;362477392120251001;2025-10-01;362;46397183;0
702528;36247739320241201;2024-12-01;362;46397183;0
708537;36247739720240601;2024-06-01;362;46397183;0
712364;36247739920240201;2024-02-01;362;46397183;0
706574;362477401020240801;2024-08-01;362;45364036;0
708536;362477401320240601;2024-06-01;362;45364036;0
702527;36247740320241201;2024-12-01;362;45364036;0
712363;36247740720240201;2024-02-01;362;45364036;0
709494;36247740920240501;2024-05-01;362;45364036;0
708533;362477411020240601;2024-06-01;362;45363781;0
710432;362477411220240401;2024-04-01;362;45363781;0
711387;362477411520240301;2024-03-01;362;45363781;0
702524;36247741320241201;2024-12-01;362;45363781;0
712360;36247741620240201;2024-02-01;362;45363781;0
706571;36247741820240801;2024-08-01;362;45363781;0
705587;362477421120240901;2024-09-01;362;45363773;0
708532;362477421320240601;2024-06-01;362;45363773;0
702523;36247742320241201;2024-12-01;362;45363773;0
700310;36247742420250201;2025-02-01;362;45363773;0
710431;36247742620240401;2024-04-01;362;45363773;0
712359;36247742920240201;2024-02-01;362;45363773;0
706584;362477431120240801;2024-08-01;362;44493690;0
707574;362477431320240701;2024-07-01;362;44493690;0
708548;362477431420240601;2024-06-01;362;44493690;0
690658;362477432320251101;2025-11-01;362;44493690;0
712375;36247743620240201;2024-02-01;362;44493690;0
711395;36247743720240301;2024-03-01;362;44493690;0
710437;36247743820240401;2024-04-01;362;44493690;0
705586;362477441120240901;2024-09-01;362;42044537;0
706570;362477441220240801;2024-08-01;362;42044537;0
689652;362477442120251201;2025-12-01;362;42044537;0
702522;36247744320241201;2024-12-01;362;42044537;0
710430;36247744520240401;2024-04-01;362;42044537;0
711386;36247744620240301;2024-03-01;362;42044537;0
708531;36247744720240601;2024-06-01;362;42044537;0
712358;36247744920240201;2024-02-01;362;42044537;0
705585;362477451120240901;2024-09-01;362;39879097;0
707566;362477451320240701;2024-07-01;362;39879097;0
712357;362477451520240201;2024-02-01;362;39879097;0
702521;36247745320241201;2024-12-01;362;39879097;0
710429;36247745520240401;2024-04-01;362;39879097;0
711385;36247745620240301;2024-03-01;362;39879097;0
708530;36247745720240601;2024-06-01;362;39879097;0
706569;362477461020240801;2024-08-01;362;100172998413;0
705584;362477461120240901;2024-09-01;362;100172998413;0
707565;362477461320240701;2024-07-01;362;100172998413;0
712356;362477461520240201;2024-02-01;362;100172998413;0
702520;36247746320241201;2024-12-01;362;100172998413;0
710428;36247746520240401;2024-04-01;362;100172998413;0
711384;36247746620240301;2024-03-01;362;100172998413;0
706568;362477471020240801;2024-08-01;362;100172998405;0
705583;362477471120240901;2024-09-01;362;100172998405;0
707564;362477471320240701;2024-07-01;362;100172998405;0
712355;362477471520240201;2024-02-01;362;100172998405;0
702519;36247747320241201;2024-12-01;362;100172998405;0
710427;36247747520240401;2024-04-01;362;100172998405;0
711383;36247747620240301;2024-03-01;362;100172998405;0
706567;362477481020240801;2024-08-01;362;100179290424;0
705582;362477481120240901;2024-09-01;362;100179290424;0
707563;362477481320240701;2024-07-01;362;100179290424;0
712354;362477481520240201;2024-02-01;362;100179290424;0
688525;362477482320260101;2026-01-01;362;100179290424;0
702518;36247748320241201;2024-12-01;362;100179290424;0
710426;36247748520240401;2024-04-01;362;100179290424;0
711382;36247748620240301;2024-03-01;362;100179290424;0
709491;362477491120240501;2024-05-01;362;100179385530;0
705581;362477491220240901;2024-09-01;362;100179385530;0
710425;362477491420240401;2024-04-01;362;100179385530;0
702517;36247749320241201;2024-12-01;362;100179385530;0
711381;36247749520240301;2024-03-01;362;100179385530;0
712353;36247749620240201;2024-02-01;362;100179385530;0
705580;362477501020240901;2024-09-01;362;100175791313;0
707562;362477501120240701;2024-07-01;362;100175791313;0
688523;362477502420260101;2026-01-01;362;100175791313;0
702516;36247750320241201;2024-12-01;362;100175791313;0
700309;36247750420250201;2025-02-01;362;100175791313;0
710424;36247750620240401;2024-04-01;362;100175791313;0
711380;36247750720240301;2024-03-01;362;100175791313;0
709490;36247750820240501;2024-05-01;362;100175791313;0
705578;362477511220240901;2024-09-01;362;100151102950;0
707560;362477511320240701;2024-07-01;362;100151102950;0
688521;362477512520260101;2026-01-01;362;100151102950;0
702514;36247751320241201;2024-12-01;362;100151102950;0
700307;36247751420250201;2025-02-01;362;100151102950;0
712351;36247751620240201;2024-02-01;362;100151102950;0
711378;36247751720240301;2024-03-01;362;100151102950;0
710422;36247751820240401;2024-04-01;362;100151102950;0
709488;36247751920240501;2024-05-01;362;100151102950;0
705579;362477521120240901;2024-09-01;362;28664124;0
707561;362477521220240701;2024-07-01;362;28664124;0
688522;362477522320260101;2026-01-01;362;28664124;0
702515;36247752320241201;2024-12-01;362;28664124;0
712352;36247752620240201;2024-02-01;362;28664124;0
711379;36247752720240301;2024-03-01;362;28664124;0
710423;36247752820240401;2024-04-01;362;28664124;0
709489;36247752920240501;2024-05-01;362;28664124;0
708547;362477531020240601;2024-06-01;362;28651456;0
709501;362477531120240501;2024-05-01;362;28651456;0
705591;362477531220240901;2024-09-01;362;28651456;0
710436;362477531320240401;2024-04-01;362;28651456;0
712374;362477531420240201;2024-02-01;362;28651456;0
711394;36247753520240301;2024-03-01;362;28651456;0
707573;36247753920240701;2024-07-01;362;28651456;0
712339;362477551020240201;2024-02-01;362;100183572455;0
705567;362477551320240901;2024-09-01;362;100183572455;0
707556;362477551420240701;2024-07-01;362;100183572455;0
699252;362477551520250301;2025-03-01;362;100183572455;0
702501;36247755320241201;2024-12-01;362;100183572455;0
710412;36247755620240401;2024-04-01;362;100183572455;0
711370;36247755720240301;2024-03-01;362;100183572455;0
709482;36247755920240501;2024-05-01;362;100183572455;0
713163;362477561020240101;2024-01-01;362;100173000335;0
706503;362477561120240801;2024-08-01;362;100173000335;0
705507;362477561220240901;2024-09-01;362;100173000335;0
707493;362477561420240701;2024-07-01;362;100173000335;0
702407;36247756320241201;2024-12-01;362;100173000335;0
709423;36247756820240501;2024-05-01;362;100173000335;0
712246;36247756920240201;2024-02-01;362;100173000335;0
705505;362477571120240901;2024-09-01;362;100173000378;0
707491;362477571320240701;2024-07-01;362;100173000378;0
712244;362477571420240201;2024-02-01;362;100173000378;0
702405;36247757320241201;2024-12-01;362;100173000378;0
709421;36247757820240501;2024-05-01;362;100173000378;0
713161;36247757920240101;2024-01-01;362;100173000378;0
688698;362477582420260101;2026-01-01;362;28664515;0
696055;362477601820250601;2025-06-01;362;8403570;0
696054;362477611820250601;2025-06-01;362;8375666;0
690684;362477612220251101;2025-11-01;362;8375666;0
690616;362477622220251101;2025-11-01;362;40631206;0
695963;362477631020250601;2025-06-01;362;4000122974;0
690563;362477631420251101;2025-11-01;362;4000122974;0
705446;36247763720240901;2024-09-01;362;4000122974;0
696027;362477641820250601;2025-06-01;362;35042761;0
694947;362477641920250701;2025-07-01;362;35042761;0
690660;362477642320251101;2025-11-01;362;35042761;0
698094;36247765720250401;2025-04-01;362;13411020;0
698137;362477671320250401;2025-04-01;362;11924683;0
698215;362477681620250401;2025-04-01;362;11615940;0
690615;362477682320251101;2025-11-01;362;11615940;0
698214;362477691620250401;2025-04-01;362;11447761;0
690614;362477692220251101;2025-11-01;362;11447761;0
690761;362477702320251101;2025-11-01;362;11245859;0
696074;362477711820250601;2025-06-01;362;11245832;0
690571;362477721320251101;2025-11-01;362;11245760;0
698127;36247772620250401;2025-04-01;362;11245760;0
690740;362477732220251101;2025-11-01;362;11234342;0
704431;36247774120241001;2024-10-01;362;2021337861;0
703386;36247774220241101;2024-11-01;362;2021337861;0
692716;362477751020250901;2025-09-01;362;18643877;0
698088;36247775620250401;2025-04-01;362;18643877;0
699148;36247775720250301;2025-03-01;362;18643877;0
698087;36247776620250401;2025-04-01;362;18643868;0
699147;36247776720250301;2025-03-01;362;18643868;0
692715;36247776920250901;2025-09-01;362;18643868;0
698086;36247777620250401;2025-04-01;362;18643859;0
699146;36247777720250301;2025-03-01;362;18643859;0
692714;36247777920250901;2025-09-01;362;18643859;0
692713;36247778720250901;2025-09-01;362;17762239;0
698084;36247779620250401;2025-04-01;362;17691574;0
699144;36247779720250301;2025-03-01;362;17691574;0
692712;36247779920250901;2025-09-01;362;17691574;0
699143;36247780620250301;2025-03-01;362;17672719;0
698083;36247780720250401;2025-04-01;362;17672719;0
692711;36247780920250901;2025-09-01;362;17672719;0
692710;362477811020250901;2025-09-01;362;17654962;0
698082;36247781620250401;2025-04-01;362;17654962;0
699142;36247781720250301;2025-03-01;362;17654962;0
699141;36247782620250301;2025-03-01;362;13678027;0
698081;36247782720250401;2025-04-01;362;13678027;0
692709;36247782920250901;2025-09-01;362;13678027;0
698076;36247783620250401;2025-04-01;362;13678018;0
692708;36247783920250901;2025-09-01;362;13678018;0
698075;36247784620250401;2025-04-01;362;12009642;0
699139;36247784720250301;2025-03-01;362;12009642;0
692707;36247784920250901;2025-09-01;362;12009642;0
699138;36247785620250301;2025-03-01;362;11646348;0
698074;36247785720250401;2025-04-01;362;11646348;0
692706;36247785920250901;2025-09-01;362;11646348;0
692705;362477861020250901;2025-09-01;362;11646339;0
698073;36247786620250401;2025-04-01;362;11646339;0
699137;36247786720250301;2025-03-01;362;11646339;0
690547;362477981120251101;2025-11-01;362;107172798;0
693810;36247798920250801;2025-08-01;362;107172798;0
690545;362478001120251101;2025-11-01;362;100902820;0
693808;36247800920250801;2025-08-01;362;100902820;0
693803;36247803820250801;2025-08-01;362;71659382;0
18320;36247804020260101;2026-01-01;362;7007485;0
18321;36247805020260101;2026-01-01;362;MTE0013044;0
11969;36247805020260201;2026-02-01;362;MTE0013044;0
11970;36247806020260201;2026-02-01;362;MTE0011366;0
18323;36247807020260101;2026-01-01;362;MTE0010395;0
11971;36247807020260201;2026-02-01;362;MTE0010395;0
5728;36247807020260301;2026-03-01;362;MTE0010395;0
18325;36247809020260101;2026-01-01;362;MTE0004120;0
11973;36247809020260201;2026-02-01;362;MTE0004120;0
5730;36247809020260301;2026-03-01;362;MTE0004120;0
18326;36247810020260101;2026-01-01;362;MTE0003892;0
11974;36247810020260201;2026-02-01;362;MTE0003892;0
5731;36247810020260301;2026-03-01;362;MTE0003892;0
705530;362478131120240901;2024-09-01;362;100100413311;0
707526;362478131220240701;2024-07-01;362;100100413311;0
702444;36247813220241201;2024-12-01;362;100100413311;0
688478;362478132320260101;2026-01-01;362;100100413311;0
703464;36247813320241101;2024-11-01;362;100100413311;0
710376;36247813620240401;2024-04-01;362;100100413311;0
712283;36247813720240201;2024-02-01;362;100100413311;0
709450;36247813920240501;2024-05-01;362;100100413311;0
705529;362478141120240901;2024-09-01;362;100100413559;0
707525;362478141220240701;2024-07-01;362;100100413559;0
703463;36247814220241101;2024-11-01;362;100100413559;0
702443;36247814320241201;2024-12-01;362;100100413559;0
700266;36247814420250201;2025-02-01;362;100100413559;0
710375;36247814620240401;2024-04-01;362;100100413559;0
712282;36247814720240201;2024-02-01;362;100100413559;0
709449;36247814920240501;2024-05-01;362;100100413559;0
705528;362478151120240901;2024-09-01;362;100100413150;0
707524;362478151220240701;2024-07-01;362;100100413150;0
703462;36247815220241101;2024-11-01;362;100100413150;0
688477;362478152320260101;2026-01-01;362;100100413150;0
702442;36247815320241201;2024-12-01;362;100100413150;0
700265;36247815420250201;2025-02-01;362;100100413150;0
710374;36247815620240401;2024-04-01;362;100100413150;0
712281;36247815720240201;2024-02-01;362;100100413150;0
705527;362478161120240901;2024-09-01;362;89095103;0
707523;362478161220240701;2024-07-01;362;89095103;0
708487;362478161320240601;2024-06-01;362;89095103;0
703461;36247816220241101;2024-11-01;362;89095103;0
702441;36247816320241201;2024-12-01;362;89095103;0
710373;36247816520240401;2024-04-01;362;89095103;0
709448;36247816720240501;2024-05-01;362;89095103;0
712280;36247816820240201;2024-02-01;362;89095103;0
712279;362478171020240201;2024-02-01;362;100194142856;0
705526;362478171320240901;2024-09-01;362;100194142856;0
707522;362478171420240701;2024-07-01;362;100194142856;0
703460;36247817220241101;2024-11-01;362;100194142856;0
702440;36247817320241201;2024-12-01;362;100194142856;0
700264;36247817420250201;2025-02-01;362;100194142856;0
710372;36247817620240401;2024-04-01;362;100194142856;0
708486;36247817820240601;2024-06-01;362;100194142856;0
709447;36247817920240501;2024-05-01;362;100194142856;0
705525;362478181120240901;2024-09-01;362;84782854;0
707521;362478181220240701;2024-07-01;362;84782854;0
703459;36247818220241101;2024-11-01;362;84782854;0
690632;362478182220251101;2025-11-01;362;84782854;0
702439;36247818320241201;2024-12-01;362;84782854;0
700263;36247818420250201;2025-02-01;362;84782854;0
710371;36247818520240401;2024-04-01;362;84782854;0
708485;36247818720240601;2024-06-01;362;84782854;0
709446;36247818820240501;2024-05-01;362;84782854;0
712278;36247818920240201;2024-02-01;362;84782854;0
712277;362478191020240201;2024-02-01;362;100201265180;0
705524;362478191220240901;2024-09-01;362;100201265180;0
707520;362478191320240701;2024-07-01;362;100201265180;0
703458;36247819220241101;2024-11-01;362;100201265180;0
702438;36247819320241201;2024-12-01;362;100201265180;0
700262;36247819420250201;2025-02-01;362;100201265180;0
708484;36247819820240601;2024-06-01;362;100201265180;0
709445;36247819920240501;2024-05-01;362;100201265180;0
712276;362478201020240201;2024-02-01;362;100213566520;0
707519;362478201320240701;2024-07-01;362;100213566520;0
703457;36247820220241101;2024-11-01;362;100213566520;0
702437;36247820320241201;2024-12-01;362;100213566520;0
700261;36247820420250201;2025-02-01;362;100213566520;0
708483;36247820820240601;2024-06-01;362;100213566520;0
709444;36247820920240501;2024-05-01;362;100213566520;0
707518;362478211020240701;2024-07-01;362;83221191;0
708482;362478211120240601;2024-06-01;362;83221191;0
712275;362478211420240201;2024-02-01;362;83221191;0
703456;36247821220241101;2024-11-01;362;83221191;0
702436;36247821320241201;2024-12-01;362;83221191;0
709443;36247821720240501;2024-05-01;362;83221191;0
706517;36247821820240801;2024-08-01;362;83221191;0
706580;362478221020240801;2024-08-01;362;100176921075;0
707571;362478221220240701;2024-07-01;362;100176921075;0
708543;362478221320240601;2024-06-01;362;100176921075;0
702534;36247822320241201;2024-12-01;362;100176921075;0
700311;36247822420250201;2025-02-01;362;100176921075;0
709498;36247822820240501;2024-05-01;362;100176921075;0
712370;36247822920240201;2024-02-01;362;100176921075;0
708480;362478231220240601;2024-06-01;362;77226691;0
703454;36247823220241101;2024-11-01;362;77226691;0
702434;36247823320241201;2024-12-01;362;77226691;0
712273;36247823820240201;2024-02-01;362;77226691;0
706515;36247823920240801;2024-08-01;362;77226691;0
712272;362478241020240201;2024-02-01;362;100183563103;0
706514;362478241220240801;2024-08-01;362;100183563103;0
703453;36247824220241101;2024-11-01;362;100183563103;0
688474;362478242420260101;2026-01-01;362;100183563103;0
702433;36247824320241201;2024-12-01;362;100183563103;0
700259;36247824420250201;2025-02-01;362;100183563103;0
710370;36247824620240401;2024-04-01;362;100183563103;0
708479;36247824820240601;2024-06-01;362;100183563103;0
707516;362478251120240701;2024-07-01;362;76025616;0
708478;362478251220240601;2024-06-01;362;76025616;0
703452;36247825220241101;2024-11-01;362;76025616;0
702432;36247825320241201;2024-12-01;362;76025616;0
711324;36247825620240301;2024-03-01;362;76025616;0
712271;36247825820240201;2024-02-01;362;76025616;0
706513;36247825920240801;2024-08-01;362;76025616;0
706579;362478261120240801;2024-08-01;362;69240761;0
707570;362478261220240701;2024-07-01;362;69240761;0
702533;36247826320241201;2024-12-01;362;69240761;0
711390;36247826620240301;2024-03-01;362;69240761;0
708542;36247826720240601;2024-06-01;362;69240761;0
712369;36247826920240201;2024-02-01;362;69240761;0
712270;362478271020240201;2024-02-01;362;100199680899;0
706512;362478271220240801;2024-08-01;362;100199680899;0
705523;362478271320240901;2024-09-01;362;100199680899;0
707515;362478271420240701;2024-07-01;362;100199680899;0
703451;36247827220241101;2024-11-01;362;100199680899;0
702431;36247827320241201;2024-12-01;362;100199680899;0
700258;36247827420250201;2025-02-01;362;100199680899;0
710369;36247827620240401;2024-04-01;362;100199680899;0
711323;36247827720240301;2024-03-01;362;100199680899;0
705522;362478281220240901;2024-09-01;362;100100395194;0
710367;362478281320240401;2024-04-01;362;100100395194;0
711321;362478281520240301;2024-03-01;362;100100395194;0
702429;36247828220241201;2024-12-01;362;100100395194;0
691694;362478282220251001;2025-10-01;362;100100395194;0
690629;362478282320251101;2025-11-01;362;100100395194;0
703449;36247828320241101;2024-11-01;362;100100395194;0
700257;36247828420250201;2025-02-01;362;100100395194;0
712268;36247828520240201;2024-02-01;362;100100395194;0
706510;36247828820240801;2024-08-01;362;100100395194;0
707513;36247828920240701;2024-07-01;362;100100395194;0
11986;36247829020260201;2026-02-01;362;204045053;0
5750;36247829020260301;2026-03-01;362;204045053;0
710421;362478291020240401;2024-04-01;362;204045053;0
707559;362478291320240701;2024-07-01;362;204045053;0
702513;36247829320241201;2024-12-01;362;204045053;0
705577;36247829720240901;2024-09-01;362;204045053;0
711377;36247829820240301;2024-03-01;362;204045053;0
709487;36247829920240501;2024-05-01;362;204045053;0
18331;36247830020260101;2026-01-01;362;203616924;0
11987;36247830020260201;2026-02-01;362;203616924;0
706486;362478301020240801;2024-08-01;362;203616924;0
712226;362478301120240201;2024-02-01;362;203616924;0
707478;362478301320240701;2024-07-01;362;203616924;0
708456;362478301420240601;2024-06-01;362;203616924;0
702385;36247830320241201;2024-12-01;362;203616924;0
705489;36247830620240901;2024-09-01;362;203616924;0
711289;36247830720240301;2024-03-01;362;203616924;0
709409;36247830820240501;2024-05-01;362;203616924;0
18332;36247831020260101;2026-01-01;362;203446646;0
11988;36247831020260201;2026-02-01;362;203446646;0
706566;362478311020240801;2024-08-01;362;203446646;0
712350;362478311120240201;2024-02-01;362;203446646;0
707558;362478311320240701;2024-07-01;362;203446646;0
708529;362478311420240601;2024-06-01;362;203446646;0
702512;36247831320241201;2024-12-01;362;203446646;0
705576;36247831620240901;2024-09-01;362;203446646;0
709486;36247831820240501;2024-05-01;362;203446646;0
5753;36247832020260301;2026-03-01;362;203166655;0
712224;362478321020240201;2024-02-01;362;203166655;0
707476;362478321220240701;2024-07-01;362;203166655;0
708454;362478321320240601;2024-06-01;362;203166655;0
709407;362478321520240501;2024-05-01;362;203166655;0
702383;36247832320241201;2024-12-01;362;203166655;0
706484;36247832920240801;2024-08-01;362;203166655;0
18334;36247833020260101;2026-01-01;362;203086898;0
5754;36247833020260301;2026-03-01;362;203086898;0
712169;362478331120240201;2024-02-01;362;203086898;0
707423;362478331320240701;2024-07-01;362;203086898;0
708399;362478331420240601;2024-06-01;362;203086898;0
699154;362478331520250301;2025-03-01;362;203086898;0
702334;36247833220241201;2024-12-01;362;203086898;0
701242;36247833420250101;2025-01-01;362;203086898;0
700186;36247833520250201;2025-02-01;362;203086898;0
709353;36247833820240501;2024-05-01;362;203086898;0
712349;362478341020240201;2024-02-01;362;100183572510;0
706565;362478341220240801;2024-08-01;362;100183572510;0
707557;362478341420240701;2024-07-01;362;100183572510;0
688519;362478342420260101;2026-01-01;362;100183572510;0
702511;36247834320241201;2024-12-01;362;100183572510;0
700306;36247834420250201;2025-02-01;362;100183572510;0
708528;36247834820240601;2024-06-01;362;100183572510;0
709485;36247834920240501;2024-05-01;362;100183572510;0
712348;362478351020240201;2024-02-01;362;100183576078;0
706564;362478351220240801;2024-08-01;362;100183576078;0
699261;362478351520250301;2025-03-01;362;100183576078;0
702510;36247835220241201;2024-12-01;362;100183576078;0
700305;36247835420250201;2025-02-01;362;100183576078;0
710420;36247835620240401;2024-04-01;362;100183576078;0
708527;36247835820240601;2024-06-01;362;100183576078;0
706563;362478361120240801;2024-08-01;362;100183572188;0
705575;362478361220240901;2024-09-01;362;100183572188;0
699260;362478361520250301;2025-03-01;362;100183572188;0
688517;362478362420260101;2026-01-01;362;100183572188;0
702509;36247836320241201;2024-12-01;362;100183572188;0
700304;36247836420250201;2025-02-01;362;100183572188;0
710419;36247836520240401;2024-04-01;362;100183572188;0
708526;36247836720240601;2024-06-01;362;100183572188;0
712347;36247836920240201;2024-02-01;362;100183572188;0
712345;362478371020240201;2024-02-01;362;100183564398;0
706561;362478371220240801;2024-08-01;362;100183564398;0
705573;362478371320240901;2024-09-01;362;100183564398;0
699258;362478371520250301;2025-03-01;362;100183564398;0
688515;362478372420260101;2026-01-01;362;100183564398;0
702507;36247837320241201;2024-12-01;362;100183564398;0
700302;36247837420250201;2025-02-01;362;100183564398;0
710417;36247837620240401;2024-04-01;362;100183564398;0
711376;36247837720240301;2024-03-01;362;100183564398;0
708524;36247837820240601;2024-06-01;362;100183564398;0
712344;362478381020240201;2024-02-01;362;100183576205;0
706560;362478381220240801;2024-08-01;362;100183576205;0
705572;362478381320240901;2024-09-01;362;100183576205;0
699257;362478381520250301;2025-03-01;362;100183576205;0
688514;362478382420260101;2026-01-01;362;100183576205;0
702506;36247838320241201;2024-12-01;362;100183576205;0
700301;36247838420250201;2025-02-01;362;100183576205;0
710416;36247838620240401;2024-04-01;362;100183576205;0
711375;36247838720240301;2024-03-01;362;100183576205;0
708523;36247838820240601;2024-06-01;362;100183576205;0
712373;362478391020240201;2024-02-01;362;100183571483;0
706583;362478391220240801;2024-08-01;362;100183571483;0
705590;362478391320240901;2024-09-01;362;100183571483;0
699262;362478391520250301;2025-03-01;362;100183571483;0
700314;36247839420250201;2025-02-01;362;100183571483;0
710435;36247839620240401;2024-04-01;362;100183571483;0
711393;36247839720240301;2024-03-01;362;100183571483;0
708546;36247839820240601;2024-06-01;362;100183571483;0
712343;362478401020240201;2024-02-01;362;100183571432;0
706559;362478401220240801;2024-08-01;362;100183571432;0
705571;362478401320240901;2024-09-01;362;100183571432;0
699256;362478401520250301;2025-03-01;362;100183571432;0
688513;362478402420260101;2026-01-01;362;100183571432;0
702505;36247840320241201;2024-12-01;362;100183571432;0
700300;36247840420250201;2025-02-01;362;100183571432;0
710415;36247840620240401;2024-04-01;362;100183571432;0
711374;36247840720240301;2024-03-01;362;100183571432;0
708522;36247840820240601;2024-06-01;362;100183571432;0
712342;362478411020240201;2024-02-01;362;100183517659;0
706558;362478411220240801;2024-08-01;362;100183517659;0
705570;362478411320240901;2024-09-01;362;100183517659;0
699255;362478411520250301;2025-03-01;362;100183517659;0
688512;362478412420260101;2026-01-01;362;100183517659;0
702504;36247841320241201;2024-12-01;362;100183517659;0
700299;36247841420250201;2025-02-01;362;100183517659;0
710414;36247841620240401;2024-04-01;362;100183517659;0
711373;36247841720240301;2024-03-01;362;100183517659;0
712341;362478421020240201;2024-02-01;362;100183860787;0
705569;362478421320240901;2024-09-01;362;100183860787;0
699254;362478421520250301;2025-03-01;362;100183860787;0
702503;36247842320241201;2024-12-01;362;100183860787;0
710413;36247842620240401;2024-04-01;362;100183860787;0
711372;36247842720240301;2024-03-01;362;100183860787;0
709484;36247842920240501;2024-05-01;362;100183860787;0
712338;362478431020240201;2024-02-01;362;100183572544;0
705566;362478431320240901;2024-09-01;362;100183572544;0
707555;362478431420240701;2024-07-01;362;100183572544;0
699251;362478431520250301;2025-03-01;362;100183572544;0
688509;362478432420260101;2026-01-01;362;100183572544;0
702500;36247843320241201;2024-12-01;362;100183572544;0
710411;36247843620240401;2024-04-01;362;100183572544;0
711369;36247843720240301;2024-03-01;362;100183572544;0
712255;362478441020240201;2024-02-01;362;202378704;0
713172;362478441120240101;2024-01-01;362;202378704;0
707500;362478441420240701;2024-07-01;362;202378704;0
699246;362478441520250301;2025-03-01;362;202378704;0
702416;36247844320241201;2024-12-01;362;202378704;0
700253;36247844420250201;2025-02-01;362;202378704;0
710354;36247844620240401;2024-04-01;362;202378704;0
711309;36247844720240301;2024-03-01;362;202378704;0
709431;36247844920240501;2024-05-01;362;202378704;0
713171;362478451020240101;2024-01-01;362;202378703;0
707499;362478451320240701;2024-07-01;362;202378703;0
702415;36247845320241201;2024-12-01;362;202378703;0
711308;36247845620240301;2024-03-01;362;202378703;0
708476;36247845720240601;2024-06-01;362;202378703;0
709430;36247845820240501;2024-05-01;362;202378703;0
712254;36247845920240201;2024-02-01;362;202378703;0
712253;362478461020240201;2024-02-01;362;202378702;0
713170;362478461120240101;2024-01-01;362;202378702;0
707498;362478461420240701;2024-07-01;362;202378702;0
699245;362478461520250301;2025-03-01;362;202378702;0
702414;36247846320241201;2024-12-01;362;202378702;0
711307;36247846720240301;2024-03-01;362;202378702;0
708475;36247846820240601;2024-06-01;362;202378702;0
709429;36247846920240501;2024-05-01;362;202378702;0
712252;362478471020240201;2024-02-01;362;202378701;0
713169;362478471120240101;2024-01-01;362;202378701;0
707497;362478471420240701;2024-07-01;362;202378701;0
699244;362478471520250301;2025-03-01;362;202378701;0
702413;36247847320241201;2024-12-01;362;202378701;0
700252;36247847420250201;2025-02-01;362;202378701;0
708474;36247847820240601;2024-06-01;362;202378701;0
709428;36247847920240501;2024-05-01;362;202378701;0
713168;362478501020240101;2024-01-01;362;202378698;0
705509;362478501120240901;2024-09-01;362;202378698;0
706505;362478501220240801;2024-08-01;362;202378698;0
707496;362478501320240701;2024-07-01;362;202378698;0
702412;36247850320241201;2024-12-01;362;202378698;0
711306;36247850620240301;2024-03-01;362;202378698;0
708473;36247850720240601;2024-06-01;362;202378698;0
709427;36247850820240501;2024-05-01;362;202378698;0
712251;36247850920240201;2024-02-01;362;202378698;0
713167;362478521020240101;2024-01-01;362;202273528;0
708472;362478521420240601;2024-06-01;362;202273528;0
702411;36247852320241201;2024-12-01;362;202273528;0
712250;36247852620240201;2024-02-01;362;202273528;0
709426;36247852920240501;2024-05-01;362;202273528;0
713166;362478531020240101;2024-01-01;362;202273527;0
706504;362478531120240801;2024-08-01;362;202273527;0
705508;362478531220240901;2024-09-01;362;202273527;0
707495;362478531320240701;2024-07-01;362;202273527;0
708471;362478531420240601;2024-06-01;362;202273527;0
702410;36247853320241201;2024-12-01;362;202273527;0
700251;36247853420250201;2025-02-01;362;202273527;0
712249;36247853620240201;2024-02-01;362;202273527;0
709425;36247853920240501;2024-05-01;362;202273527;0
706555;362478541120240801;2024-08-01;362;202273526;0
705564;362478541220240901;2024-09-01;362;202273526;0
707553;362478541320240701;2024-07-01;362;202273526;0
708520;362478541420240601;2024-06-01;362;202273526;0
702498;36247854320241201;2024-12-01;362;202273526;0
700297;36247854420250201;2025-02-01;362;202273526;0
712336;36247854620240201;2024-02-01;362;202273526;0
709480;36247854920240501;2024-05-01;362;202273526;0
706556;362478551120240801;2024-08-01;362;100132151819;0
705565;362478551220240901;2024-09-01;362;100132151819;0
707554;362478551320240701;2024-07-01;362;100132151819;0
708521;362478551420240601;2024-06-01;362;100132151819;0
688508;362478552420260101;2026-01-01;362;100132151819;0
702499;36247855320241201;2024-12-01;362;100132151819;0
700298;36247855420250201;2025-02-01;362;100132151819;0
712337;36247855620240201;2024-02-01;362;100132151819;0
709481;36247855920240501;2024-05-01;362;100132151819;0
706554;362478561120240801;2024-08-01;362;202273524;0
705563;362478561220240901;2024-09-01;362;202273524;0
707552;362478561320240701;2024-07-01;362;202273524;0
708519;362478561420240601;2024-06-01;362;202273524;0
702497;36247856320241201;2024-12-01;362;202273524;0
700296;36247856420250201;2025-02-01;362;202273524;0
712335;36247856620240201;2024-02-01;362;202273524;0
711368;36247856720240301;2024-03-01;362;202273524;0
706553;362478571120240801;2024-08-01;362;202273523;0
705562;362478571220240901;2024-09-01;362;202273523;0
707551;362478571320240701;2024-07-01;362;202273523;0
708518;362478571420240601;2024-06-01;362;202273523;0
691721;362478572220251001;2025-10-01;362;202273523;0
688507;362478572420260101;2026-01-01;362;202273523;0
702496;36247857320241201;2024-12-01;362;202273523;0
700295;36247857420250201;2025-02-01;362;202273523;0
712334;36247857620240201;2024-02-01;362;202273523;0
706552;362478581120240801;2024-08-01;362;202273522;0
705561;362478581220240901;2024-09-01;362;202273522;0
707550;362478581320240701;2024-07-01;362;202273522;0
708517;362478581420240601;2024-06-01;362;202273522;0
702495;36247858320241201;2024-12-01;362;202273522;0
712333;36247858620240201;2024-02-01;362;202273522;0
710410;36247858820240401;2024-04-01;362;202273522;0
706551;362478591120240801;2024-08-01;362;202273521;0
705560;362478591220240901;2024-09-01;362;202273521;0
702494;36247859320241201;2024-12-01;362;202273521;0
700294;36247859420250201;2025-02-01;362;202273521;0
712332;36247859620240201;2024-02-01;362;202273521;0
710409;36247859820240401;2024-04-01;362;202273521;0
706550;362478601120240801;2024-08-01;362;202273520;0
705559;362478601220240901;2024-09-01;362;202273520;0
707549;362478601320240701;2024-07-01;362;202273520;0
708516;362478601420240601;2024-06-01;362;202273520;0
702493;36247860320241201;2024-12-01;362;202273520;0
700293;36247860420250201;2025-02-01;362;202273520;0
712331;36247860620240201;2024-02-01;362;202273520;0
711367;36247860720240301;2024-03-01;362;202273520;0
710408;36247860820240401;2024-04-01;362;202273520;0
706549;362478611120240801;2024-08-01;362;202273519;0
705558;362478611220240901;2024-09-01;362;202273519;0
707548;362478611320240701;2024-07-01;362;202273519;0
708515;362478611420240601;2024-06-01;362;202273519;0
702492;36247861320241201;2024-12-01;362;202273519;0
700292;36247861420250201;2025-02-01;362;202273519;0
712330;36247861620240201;2024-02-01;362;202273519;0
711366;36247861720240301;2024-03-01;362;202273519;0
710407;36247861820240401;2024-04-01;362;202273519;0
706548;362478621120240801;2024-08-01;362;202273518;0
708514;362478621420240601;2024-06-01;362;202273518;0
702491;36247862220241201;2024-12-01;362;202273518;0
700291;36247862420250201;2025-02-01;362;202273518;0
712329;36247862620240201;2024-02-01;362;202273518;0
711365;36247862720240301;2024-03-01;362;202273518;0
710406;36247862820240401;2024-04-01;362;202273518;0
706547;362478631120240801;2024-08-01;362;202273517;0
705557;362478631220240901;2024-09-01;362;202273517;0
708513;362478631420240601;2024-06-01;362;202273517;0
702490;36247863320241201;2024-12-01;362;202273517;0
700290;36247863420250201;2025-02-01;362;202273517;0
712328;36247863620240201;2024-02-01;362;202273517;0
711364;36247863720240301;2024-03-01;362;202273517;0
710405;36247863820240401;2024-04-01;362;202273517;0
706546;362478641120240801;2024-08-01;362;202273516;0
705556;362478641220240901;2024-09-01;362;202273516;0
702489;36247864320241201;2024-12-01;362;202273516;0
700289;36247864420250201;2025-02-01;362;202273516;0
712327;36247864620240201;2024-02-01;362;202273516;0
711363;36247864720240301;2024-03-01;362;202273516;0
710404;36247864820240401;2024-04-01;362;202273516;0
709479;36247864920240501;2024-05-01;362;202273516;0
706545;362478651120240801;2024-08-01;362;202273515;0
705555;362478651220240901;2024-09-01;362;202273515;0
688506;362478652420260101;2026-01-01;362;202273515;0
702488;36247865320241201;2024-12-01;362;202273515;0
712326;36247865620240201;2024-02-01;362;202273515;0
711362;36247865720240301;2024-03-01;362;202273515;0
709478;36247865920240501;2024-05-01;362;202273515;0
706544;362478661120240801;2024-08-01;362;202273514;0
705554;362478661220240901;2024-09-01;362;202273514;0
702487;36247866320241201;2024-12-01;362;202273514;0
712325;36247866620240201;2024-02-01;362;202273514;0
711361;36247866720240301;2024-03-01;362;202273514;0
710403;36247866820240401;2024-04-01;362;202273514;0
709477;36247866920240501;2024-05-01;362;202273514;0
706543;362478671020240801;2024-08-01;362;202273513;0
705553;362478671120240901;2024-09-01;362;202273513;0
709476;362478671520240501;2024-05-01;362;202273513;0
702486;36247867320241201;2024-12-01;362;202273513;0
712324;36247867620240201;2024-02-01;362;202273513;0
711360;36247867720240301;2024-03-01;362;202273513;0
710402;36247867820240401;2024-04-01;362;202273513;0
705552;362478681220240901;2024-09-01;362;202273512;0
688505;362478682420260101;2026-01-01;362;202273512;0
702485;36247868320241201;2024-12-01;362;202273512;0
712323;36247868620240201;2024-02-01;362;202273512;0
710401;36247868820240401;2024-04-01;362;202273512;0
709475;36247868920240501;2024-05-01;362;202273512;0
705551;362478691120240901;2024-09-01;362;202273511;0
708512;362478691320240601;2024-06-01;362;202273511;0
711359;362478691520240301;2024-03-01;362;202273511;0
702484;36247869320241201;2024-12-01;362;202273511;0
712322;36247869620240201;2024-02-01;362;202273511;0
710400;36247869720240401;2024-04-01;362;202273511;0
709474;36247869820240501;2024-05-01;362;202273511;0
708511;362478701320240601;2024-06-01;362;202273510;0
702483;36247870220241201;2024-12-01;362;202273510;0
712321;36247870620240201;2024-02-01;362;202273510;0
711358;36247870720240301;2024-03-01;362;202273510;0
710399;36247870820240401;2024-04-01;362;202273510;0
713165;362478711020240101;2024-01-01;362;202273508;0
707494;362478711320240701;2024-07-01;362;202273508;0
708470;362478711420240601;2024-06-01;362;202273508;0
702409;36247871320241201;2024-12-01;362;202273508;0
712248;36247871620240201;2024-02-01;362;202273508;0
711305;36247871720240301;2024-03-01;362;202273508;0
710353;36247871820240401;2024-04-01;362;202273508;0
713164;362478721020240101;2024-01-01;362;202273507;0
708469;362478721420240601;2024-06-01;362;202273507;0
702408;36247872320241201;2024-12-01;362;202273507;0
700250;36247872420250201;2025-02-01;362;202273507;0
712247;36247872620240201;2024-02-01;362;202273507;0
711304;36247872720240301;2024-03-01;362;202273507;0
709424;36247872920240501;2024-05-01;362;202273507;0
713162;362478731020240101;2024-01-01;362;202273506;0
705506;362478731220240901;2024-09-01;362;202273506;0
707492;362478731320240701;2024-07-01;362;202273506;0
708468;362478731420240601;2024-06-01;362;202273506;0
702406;36247873320241201;2024-12-01;362;202273506;0
700249;36247873420250201;2025-02-01;362;202273506;0
712245;36247873620240201;2024-02-01;362;202273506;0
709422;36247873920240501;2024-05-01;362;202273506;0
12020;36247874020260201;2026-02-01;362;202184206;0
5792;36247874020260301;2026-03-01;362;202184206;0
712168;362478741120240201;2024-02-01;362;202184206;0
713094;362478741220240101;2024-01-01;362;202184206;0
707422;362478741320240701;2024-07-01;362;202184206;0
708398;362478741420240601;2024-06-01;362;202184206;0
699153;362478741520250301;2025-03-01;362;202184206;0
702333;36247874320241201;2024-12-01;362;202184206;0
701241;36247874420250101;2025-01-01;362;202184206;0
700185;36247874520250201;2025-02-01;362;202184206;0
705435;36247874620240901;2024-09-01;362;202184206;0
709352;36247874820240501;2024-05-01;362;202184206;0
713160;362478751020240101;2024-01-01;362;100184010647;0
706502;362478751120240801;2024-08-01;362;100184010647;0
705504;362478751220240901;2024-09-01;362;100184010647;0
707490;362478751320240701;2024-07-01;362;100184010647;0
708467;362478751420240601;2024-06-01;362;100184010647;0
688463;362478752420260101;2026-01-01;362;100184010647;0
702404;36247875320241201;2024-12-01;362;100184010647;0
712243;36247875620240201;2024-02-01;362;100184010647;0
711303;36247875720240301;2024-03-01;362;100184010647;0
709420;36247875920240501;2024-05-01;362;100184010647;0
706501;362478761020240801;2024-08-01;362;100183587991;0
705503;362478761120240901;2024-09-01;362;100183587991;0
707489;362478761220240701;2024-07-01;362;100183587991;0
708466;362478761320240601;2024-06-01;362;100183587991;0
712242;362478761420240201;2024-02-01;362;100183587991;0
699243;362478761520250301;2025-03-01;362;100183587991;0
702403;36247876320241201;2024-12-01;362;100183587991;0
700248;36247876420250201;2025-02-01;362;100183587991;0
711302;36247876620240301;2024-03-01;362;100183587991;0
709419;36247876820240501;2024-05-01;362;100183587991;0
713159;36247876920240101;2024-01-01;362;100183587991;0
706541;362478771120240801;2024-08-01;362;100183571173;0
705549;362478771220240901;2024-09-01;362;100183571173;0
707547;362478771320240701;2024-07-01;362;100183571173;0
708508;362478771420240601;2024-06-01;362;100183571173;0
699249;362478771520250301;2025-03-01;362;100183571173;0
702480;36247877320241201;2024-12-01;362;100183571173;0
700287;36247877420250201;2025-02-01;362;100183571173;0
712318;36247877620240201;2024-02-01;362;100183571173;0
710396;36247877820240401;2024-04-01;362;100183571173;0
706542;362478781120240801;2024-08-01;362;100183596834;0
705550;362478781220240901;2024-09-01;362;100183596834;0
708509;362478781420240601;2024-06-01;362;100183596834;0
699250;362478781520250301;2025-03-01;362;100183596834;0
702481;36247878320241201;2024-12-01;362;100183596834;0
700288;36247878420250201;2025-02-01;362;100183596834;0
712319;36247878620240201;2024-02-01;362;100183596834;0
711356;36247878720240301;2024-03-01;362;100183596834;0
710397;36247878820240401;2024-04-01;362;100183596834;0
705548;362478791020240901;2024-09-01;362;202008667;0
707546;362478791220240701;2024-07-01;362;202008667;0
708507;362478791320240601;2024-06-01;362;202008667;0
702479;36247879320241201;2024-12-01;362;202008667;0
711355;36247879620240301;2024-03-01;362;202008667;0
712317;36247879820240201;2024-02-01;362;202008667;0
706540;36247879920240801;2024-08-01;362;202008667;0
707545;362478801120240701;2024-07-01;362;201988467;0
712316;362478801320240201;2024-02-01;362;201988467;0
702478;36247880320241201;2024-12-01;362;201988467;0
710395;36247880520240401;2024-04-01;362;201988467;0
706539;36247880820240801;2024-08-01;362;201988467;0
705547;36247880920240901;2024-09-01;362;201988467;0
706538;362478811020240801;2024-08-01;362;100117043059;0
707544;362478811220240701;2024-07-01;362;100117043059;0
688500;362478812420260101;2026-01-01;362;100117043059;0
702477;36247881320241201;2024-12-01;362;100117043059;0
700286;36247881420250201;2025-02-01;362;100117043059;0
712315;36247881620240201;2024-02-01;362;100117043059;0
711354;36247881720240301;2024-03-01;362;100117043059;0
710394;36247881820240401;2024-04-01;362;100117043059;0
706537;362478821020240801;2024-08-01;362;100175681321;0
705546;362478821120240901;2024-09-01;362;100175681321;0
707543;362478821220240701;2024-07-01;362;100175681321;0
708506;362478821320240601;2024-06-01;362;100175681321;0
688499;362478822420260101;2026-01-01;362;100175681321;0
702476;36247882320241201;2024-12-01;362;100175681321;0
700285;36247882420250201;2025-02-01;362;100175681321;0
710393;36247882620240401;2024-04-01;362;100175681321;0
711353;36247882720240301;2024-03-01;362;100175681321;0
712314;36247882920240201;2024-02-01;362;100175681321;0
712313;362478831020240201;2024-02-01;362;100110336514;0
706536;362478831220240801;2024-08-01;362;100110336514;0
705545;362478831320240901;2024-09-01;362;100110336514;0
707542;362478831420240701;2024-07-01;362;100110336514;0
688498;362478832320260101;2026-01-01;362;100110336514;0
702475;36247883320241201;2024-12-01;362;100110336514;0
700284;36247883420250201;2025-02-01;362;100110336514;0
710392;36247883620240401;2024-04-01;362;100110336514;0
711352;36247883720240301;2024-03-01;362;100110336514;0
18359;36247884020260101;2026-01-01;362;201357842;0
5802;36247884020260301;2026-03-01;362;201357842;0
710390;362478841020240401;2024-04-01;362;201357842;0
706534;362478841120240801;2024-08-01;362;201357842;0
712311;362478841220240201;2024-02-01;362;201357842;0
702473;36247884320241201;2024-12-01;362;201357842;0
705543;36247884720240901;2024-09-01;362;201357842;0
691714;3624788478627820251001;2025-10-01;362;201357842;0
711350;36247884820240301;2024-03-01;362;201357842;0
709472;36247884920240501;2024-05-01;362;201357842;0
700281;362478851320250201;2025-02-01;362;200775721;0
691712;362478852120251001;2025-10-01;362;200775721;0
702471;36247885320241201;2024-12-01;362;200775721;0
709470;36247885720240501;2024-05-01;362;200775721;0
712309;36247885820240201;2024-02-01;362;200775721;0
688494;362478862320260101;2026-01-01;362;200590129;0
702470;36247886320241201;2024-12-01;362;200590129;0
700280;36247886420250201;2025-02-01;362;200590129;0
712308;36247886620240201;2024-02-01;362;200590129;0
710388;36247886820240401;2024-04-01;362;200590129;0
709469;36247886920240501;2024-05-01;362;200590129;0
708505;362478871320240601;2024-06-01;362;200590128;0
688493;362478872420260101;2026-01-01;362;200590128;0
702469;36247887320241201;2024-12-01;362;200590128;0
712307;36247887620240201;2024-02-01;362;200590128;0
710387;36247887820240401;2024-04-01;362;200590128;0
709468;36247887920240501;2024-05-01;362;200590128;0
707540;362478881220240701;2024-07-01;362;200587111;0
708504;362478881320240601;2024-06-01;362;200587111;0
688492;362478882420260101;2026-01-01;362;200587111;0
702468;36247888320241201;2024-12-01;362;200587111;0
700278;36247888420250201;2025-02-01;362;200587111;0
712306;36247888620240201;2024-02-01;362;200587111;0
711348;36247888720240301;2024-03-01;362;200587111;0
710386;36247888820240401;2024-04-01;362;200587111;0
709467;36247888920240501;2024-05-01;362;200587111;0
12024;36247889020260201;2026-02-01;362;200464319;0
5807;36247889020260301;2026-03-01;362;200464319;0
708453;362478891120240601;2024-06-01;362;200464319;0
709406;362478891220240501;2024-05-01;362;200464319;0
711288;362478891420240301;2024-03-01;362;200464319;0
702382;36247889320241201;2024-12-01;362;200464319;0
710346;36247889720240401;2024-04-01;362;200464319;0
712223;36247889920240201;2024-02-01;362;200464319;0
18361;36247890020260101;2026-01-01;362;200439654;0
12025;36247890020260201;2026-02-01;362;200439654;0
712222;362478901020240201;2024-02-01;362;200439654;0
708452;362478901320240601;2024-06-01;362;200439654;0
709405;362478901420240501;2024-05-01;362;200439654;0
711287;36247890720240301;2024-03-01;362;200439654;0
710345;36247890820240401;2024-04-01;362;200439654;0
18362;36247891020260101;2026-01-01;362;200306097;0
12026;36247891020260201;2026-02-01;362;200306097;0
712304;362478911020240201;2024-02-01;362;200306097;0
708502;362478911320240601;2024-06-01;362;200306097;0
709465;362478911420240501;2024-05-01;362;200306097;0
702466;36247891320241201;2024-12-01;362;200306097;0
711346;36247891720240301;2024-03-01;362;200306097;0
706532;36247891920240801;2024-08-01;362;200306097;0
705490;362478921020240901;2024-09-01;362;200007153;0
707479;362478921120240701;2024-07-01;362;200007153;0
708457;362478921220240601;2024-06-01;362;200007153;0
698184;362478921620250401;2025-04-01;362;200007153;0
691673;362478922220251001;2025-10-01;362;200007153;0
702386;36247892320241201;2024-12-01;362;200007153;0
711290;36247892620240301;2024-03-01;362;200007153;0
709410;36247892720240501;2024-05-01;362;200007153;0
712227;36247892820240201;2024-02-01;362;200007153;0
706487;36247892920240801;2024-08-01;362;200007153;0
18363;36247893020260101;2026-01-01;362;200001438;0
12028;36247893020260201;2026-02-01;362;200001438;0
707537;362478931120240701;2024-07-01;362;200001438;0
708500;362478931220240601;2024-06-01;362;200001438;0
711343;362478931520240301;2024-03-01;362;200001438;0
702463;36247893320241201;2024-12-01;362;200001438;0
705539;36247893620240901;2024-09-01;362;200001438;0
706530;36247893820240801;2024-08-01;362;200001438;0
712301;36247893920240201;2024-02-01;362;200001438;0
705538;362478941120240901;2024-09-01;362;100176812560;0
711342;362478941420240301;2024-03-01;362;100176812560;0
702462;36247894320241201;2024-12-01;362;100176812560;0
712300;36247894620240201;2024-02-01;362;100176812560;0
706529;36247894720240801;2024-08-01;362;100176812560;0
707536;36247894820240701;2024-07-01;362;100176812560;0
708499;36247894920240601;2024-06-01;362;100176812560;0
706497;362478951020240801;2024-08-01;362;100158400484;0
705499;362478951120240901;2024-09-01;362;100158400484;0
707485;362478951220240701;2024-07-01;362;100158400484;0
708464;362478951320240601;2024-06-01;362;100158400484;0
713155;362478951520240101;2024-01-01;362;100158400484;0
702399;36247895220241201;2024-12-01;362;100158400484;0
712239;36247895620240201;2024-02-01;362;100158400484;0
711298;36247895720240301;2024-03-01;362;100158400484;0
711297;36247896620240301;2024-03-01;362;120434695;0
708463;36247896720240601;2024-06-01;362;120434695;0
712238;36247896920240201;2024-02-01;362;120434695;0
706496;362478971020240801;2024-08-01;362;100051563203;0
705498;362478971120240901;2024-09-01;362;100051563203;0
707484;362478971220240701;2024-07-01;362;100051563203;0
713153;362478971520240101;2024-01-01;362;100051563203;0
688461;362478972420260101;2026-01-01;362;100051563203;0
702398;36247897320241201;2024-12-01;362;100051563203;0
712237;36247897620240201;2024-02-01;362;100051563203;0
711296;36247897720240301;2024-03-01;362;100051563203;0
710352;36247897820240401;2024-04-01;362;100051563203;0
705497;362478981020240901;2024-09-01;362;117417335;0
707483;362478981120240701;2024-07-01;362;117417335;0
713152;362478981420240101;2024-01-01;362;117417335;0
702397;36247898320241201;2024-12-01;362;117417335;0
710351;36247898520240401;2024-04-01;362;117417335;0
711295;36247898620240301;2024-03-01;362;117417335;0
712236;36247898820240201;2024-02-01;362;117417335;0
706495;36247898920240801;2024-08-01;362;117417335;0
706528;362478991120240801;2024-08-01;362;117146323;0
705537;362478991220240901;2024-09-01;362;117146323;0
707535;362478991320240701;2024-07-01;362;117146323;0
702461;36247899320241201;2024-12-01;362;117146323;0
700277;36247899420250201;2025-02-01;362;117146323;0
712299;36247899620240201;2024-02-01;362;117146323;0
711341;36247899720240301;2024-03-01;362;117146323;0
710385;36247899820240401;2024-04-01;362;117146323;0
709462;36247899920240501;2024-05-01;362;117146323;0
706494;362479001020240801;2024-08-01;362;114927839;0
707482;362479001220240701;2024-07-01;362;114927839;0
713151;362479001620240101;2024-01-01;362;114927839;0
690617;362479002320251101;2025-11-01;362;114927839;0
702396;36247900320241201;2024-12-01;362;114927839;0
700247;36247900420250201;2025-02-01;362;114927839;0
710350;36247900620240401;2024-04-01;362;114927839;0
712235;36247900720240201;2024-02-01;362;114927839;0
711294;36247900820240301;2024-03-01;362;114927839;0
709418;36247900920240501;2024-05-01;362;114927839;0
706527;362479011020240801;2024-08-01;362;114927758;0
705536;362479011120240901;2024-09-01;362;114927758;0
707534;362479011220240701;2024-07-01;362;114927758;0
702460;36247901320241201;2024-12-01;362;114927758;0
700276;36247901420250201;2025-02-01;362;114927758;0
710384;36247901620240401;2024-04-01;362;114927758;0
711340;36247901720240301;2024-03-01;362;114927758;0
712298;36247901920240201;2024-02-01;362;114927758;0
707533;362479021220240701;2024-07-01;362;112497616;0
702459;36247902220241201;2024-12-01;362;112497616;0
712297;36247902520240201;2024-02-01;362;112497616;0
711339;36247902620240301;2024-03-01;362;112497616;0
710383;36247902720240401;2024-04-01;362;112497616;0
709461;36247902820240501;2024-05-01;362;112497616;0
706526;362479031020240801;2024-08-01;362;112497586;0
705535;362479031120240901;2024-09-01;362;112497586;0
702458;36247903220241201;2024-12-01;362;112497586;0
712296;36247903520240201;2024-02-01;362;112497586;0
711338;36247903620240301;2024-03-01;362;112497586;0
710382;36247903720240401;2024-04-01;362;112497586;0
709460;36247903820240501;2024-05-01;362;112497586;0
700275;362479041420250201;2025-02-01;362;112484671;0
689597;362479042220251201;2025-12-01;362;112484671;0
702457;36247904320241201;2024-12-01;362;112484671;0
710381;36247904520240401;2024-04-01;362;112484671;0
711337;36247904620240301;2024-03-01;362;112484671;0
709459;36247904820240501;2024-05-01;362;112484671;0
712295;36247904920240201;2024-02-01;362;112484671;0
700274;362479051320250201;2025-02-01;362;112484662;0
689596;362479052220251201;2025-12-01;362;112484662;0
702456;36247905320241201;2024-12-01;362;112484662;0
710380;36247905520240401;2024-04-01;362;112484662;0
711336;36247905620240301;2024-03-01;362;112484662;0
708498;36247905720240601;2024-06-01;362;112484662;0
709458;36247905820240501;2024-05-01;362;112484662;0
712294;36247905920240201;2024-02-01;362;112484662;0
708497;362479061220240601;2024-06-01;362;100100405483;0
702455;36247906320241201;2024-12-01;362;100100405483;0
710379;36247906520240401;2024-04-01;362;100100405483;0
712293;36247906620240201;2024-02-01;362;100100405483;0
711335;36247906720240301;2024-03-01;362;100100405483;0
709457;36247906820240501;2024-05-01;362;100100405483;0
708496;362479071320240601;2024-06-01;362;100124660858;0
688484;362479072320260101;2026-01-01;362;100124660858;0
702454;36247907320241201;2024-12-01;362;100124660858;0
700273;36247907420250201;2025-02-01;362;100124660858;0
710378;36247907620240401;2024-04-01;362;100124660858;0
712292;36247907720240201;2024-02-01;362;100124660858;0
711334;36247907820240301;2024-03-01;362;100124660858;0
709456;36247907920240501;2024-05-01;362;100124660858;0
708495;362479081320240601;2024-06-01;362;100100385733;0
702453;36247908320241201;2024-12-01;362;100100385733;0
700272;36247908420250201;2025-02-01;362;100100385733;0
710377;36247908620240401;2024-04-01;362;100100385733;0
712291;36247908720240201;2024-02-01;362;100100385733;0
709455;36247908920240501;2024-05-01;362;100100385733;0
706525;362479091020240801;2024-08-01;362;100100405661;0
708494;362479091320240601;2024-06-01;362;100100405661;0
688483;362479092320260101;2026-01-01;362;100100405661;0
702452;36247909320241201;2024-12-01;362;100100405661;0
700271;36247909420250201;2025-02-01;362;100100405661;0
712290;36247909720240201;2024-02-01;362;100100405661;0
711333;36247909820240301;2024-03-01;362;100100405661;0
709454;36247909920240501;2024-05-01;362;100100405661;0
706524;362479101020240801;2024-08-01;362;100100395518;0
708493;362479101320240601;2024-06-01;362;100100395518;0
688482;362479102320260101;2026-01-01;362;100100395518;0
702451;36247910320241201;2024-12-01;362;100100395518;0
700270;36247910420250201;2025-02-01;362;100100395518;0
712289;36247910720240201;2024-02-01;362;100100395518;0
711332;36247910820240301;2024-03-01;362;100100395518;0
709453;36247910920240501;2024-05-01;362;100100395518;0
706582;362479111020240801;2024-08-01;362;100100386020;0
707572;362479111220240701;2024-07-01;362;100100386020;0
708545;362479111320240601;2024-06-01;362;100100386020;0
688532;362479112320260101;2026-01-01;362;100100386020;0
700313;36247911420250201;2025-02-01;362;100100386020;0
712372;36247911720240201;2024-02-01;362;100100386020;0
711392;36247911820240301;2024-03-01;362;100100386020;0
709500;36247911920240501;2024-05-01;362;100100386020;0
705541;362479121120240901;2024-09-01;362;100000192062;0
707538;362479121220240701;2024-07-01;362;100000192062;0
708501;362479121320240601;2024-06-01;362;100000192062;0
702465;36247912220241201;2024-12-01;362;100000192062;0
711345;36247912720240301;2024-03-01;362;100000192062;0
709464;36247912820240501;2024-05-01;362;100000192062;0
712303;36247912920240201;2024-02-01;362;100000192062;0
706500;362479131020240801;2024-08-01;362;100061342684;0
705502;362479131120240901;2024-09-01;362;100061342684;0
707488;362479131220240701;2024-07-01;362;100061342684;0
708465;362479131320240601;2024-06-01;362;100061342684;0
713158;362479131520240101;2024-01-01;362;100061342684;0
688462;362479132320260101;2026-01-01;362;100061342684;0
702402;36247913320241201;2024-12-01;362;100061342684;0
711301;36247913720240301;2024-03-01;362;100061342684;0
712241;36247913920240201;2024-02-01;362;100061342684;0
706573;362479141020240801;2024-08-01;362;45364001;0
708535;362479141320240601;2024-06-01;362;45364001;0
702526;36247914220241201;2024-12-01;362;45364001;0
709493;36247914820240501;2024-05-01;362;45364001;0
712362;36247914920240201;2024-02-01;362;45364001;0
706572;362479151020240801;2024-08-01;362;45363790;0
705588;362479151120240901;2024-09-01;362;45363790;0
708534;362479151320240601;2024-06-01;362;45363790;0
702525;36247915220241201;2024-12-01;362;45363790;0
710433;36247915620240401;2024-04-01;362;45363790;0
711388;36247915720240301;2024-03-01;362;45363790;0
709492;36247915820240501;2024-05-01;362;45363790;0
712361;36247915920240201;2024-02-01;362;45363790;0
712346;362479161020240201;2024-02-01;362;100183521990;0
706562;362479161220240801;2024-08-01;362;100183521990;0
705574;362479161320240901;2024-09-01;362;100183521990;0
699259;362479161520250301;2025-03-01;362;100183521990;0
702508;36247916220241201;2024-12-01;362;100183521990;0
700303;36247916420250201;2025-02-01;362;100183521990;0
710418;36247916620240401;2024-04-01;362;100183521990;0
708525;36247916820240601;2024-06-01;362;100183521990;0
712340;362479171020240201;2024-02-01;362;100183572102;0
706557;362479171220240801;2024-08-01;362;100183572102;0
705568;362479171320240901;2024-09-01;362;100183572102;0
699253;362479171520250301;2025-03-01;362;100183572102;0
702502;36247917220241201;2024-12-01;362;100183572102;0
688510;362479172420260101;2026-01-01;362;100183572102;0
711371;36247917720240301;2024-03-01;362;100183572102;0
709483;36247917920240501;2024-05-01;362;100183572102;0
713174;362479181020240101;2024-01-01;362;100002905023;0
705511;362479181220240901;2024-09-01;362;100002905023;0
707502;362479181320240701;2024-07-01;362;100002905023;0
699248;362479181520250301;2025-03-01;362;100002905023;0
688465;362479182420260101;2026-01-01;362;100002905023;0
702418;36247918320241201;2024-12-01;362;100002905023;0
710356;36247918620240401;2024-04-01;362;100002905023;0
711311;36247918720240301;2024-03-01;362;100002905023;0
709433;36247918820240501;2024-05-01;362;100002905023;0
712257;36247918920240201;2024-02-01;362;100002905023;0
709432;362479191120240501;2024-05-01;362;100070185472;0
705510;362479191220240901;2024-09-01;362;100070185472;0
710355;362479191320240401;2024-04-01;362;100070185472;0
713173;362479191420240101;2024-01-01;362;100070185472;0
711310;362479191520240301;2024-03-01;362;100070185472;0
702417;36247919320241201;2024-12-01;362;100070185472;0
712256;36247919520240201;2024-02-01;362;100070185472;0
699247;36247919720250301;2025-03-01;362;100070185472;0
707501;36247919920240701;2024-07-01;362;100070185472;0
708510;362479201420240601;2024-06-01;362;202273509;0
702482;36247920220241201;2024-12-01;362;202273509;0
712320;36247920620240201;2024-02-01;362;202273509;0
711357;36247920720240301;2024-03-01;362;202273509;0
710398;36247920820240401;2024-04-01;362;202273509;0
709473;36247920920240501;2024-05-01;362;202273509;0
706535;362479211120240801;2024-08-01;362;100185930618;0
702474;36247921120241201;2024-12-01;362;100185930618;0
705544;362479211220240901;2024-09-01;362;100185930618;0
707541;362479211320240701;2024-07-01;362;100185930618;0
688497;362479212320260101;2026-01-01;362;100185930618;0
700283;36247921420250201;2025-02-01;362;100185930618;0
712312;36247921620240201;2024-02-01;362;100185930618;0
711351;36247921720240301;2024-03-01;362;100185930618;0
710391;36247921820240401;2024-04-01;362;100185930618;0
713156;362479221020240101;2024-01-01;362;100060960635;0
706498;362479221120240801;2024-08-01;362;100060960635;0
707486;362479221220240701;2024-07-01;362;100060960635;0
705500;362479221520240901;2024-09-01;362;100060960635;0
702400;36247922220241201;2024-12-01;362;100060960635;0
711299;36247922720240301;2024-03-01;362;100060960635;0
706523;362479231020240801;2024-08-01;362;100100405688;0
707532;362479231220240701;2024-07-01;362;100100405688;0
708492;362479231320240601;2024-06-01;362;100100405688;0
702450;36247923220241201;2024-12-01;362;100100405688;0
700269;36247923420250201;2025-02-01;362;100100405688;0
712288;36247923720240201;2024-02-01;362;100100405688;0
711331;36247923820240301;2024-03-01;362;100100405688;0
709452;36247923920240501;2024-05-01;362;100100405688;0
706581;362479241020240801;2024-08-01;362;100100385997;0
708544;362479241320240601;2024-06-01;362;100100385997;0
688531;362479242320260101;2026-01-01;362;100100385997;0
700312;36247924420250201;2025-02-01;362;100100385997;0
712371;36247924720240201;2024-02-01;362;100100385997;0
711391;36247924820240301;2024-03-01;362;100100385997;0
709499;36247924920240501;2024-05-01;362;100100385997;0
706522;362479251020240801;2024-08-01;362;100100405947;0
705534;362479251120240901;2024-09-01;362;100100405947;0
707531;362479251220240701;2024-07-01;362;100100405947;0
708491;362479251320240601;2024-06-01;362;100100405947;0
688481;362479252420260101;2026-01-01;362;100100405947;0
702449;36247925320241201;2024-12-01;362;100100405947;0
700268;36247925420250201;2025-02-01;362;100100405947;0
711330;36247925820240301;2024-03-01;362;100100405947;0
709451;36247925920240501;2024-05-01;362;100100405947;0
706521;362479261020240801;2024-08-01;362;100100395682;0
705533;362479261120240901;2024-09-01;362;100100395682;0
707530;362479261220240701;2024-07-01;362;100100395682;0
708490;362479261320240601;2024-06-01;362;100100395682;0
702448;36247926220241201;2024-12-01;362;100100395682;0
700267;36247926420250201;2025-02-01;362;100100395682;0
712287;36247926720240201;2024-02-01;362;100100395682;0
711329;36247926820240301;2024-03-01;362;100100395682;0
706520;362479271020240801;2024-08-01;362;100100405939;0
707529;362479271220240701;2024-07-01;362;100100405939;0
708489;362479271320240601;2024-06-01;362;100100405939;0
688480;362479272320260101;2026-01-01;362;100100405939;0
702447;36247927320241201;2024-12-01;362;100100405939;0
712286;36247927720240201;2024-02-01;362;100100405939;0
711328;36247927820240301;2024-03-01;362;100100405939;0
706519;362479281020240801;2024-08-01;362;100100386055;0
705532;362479281120240901;2024-09-01;362;100100386055;0
707528;362479281220240701;2024-07-01;362;100100386055;0
708488;362479281320240601;2024-06-01;362;100100386055;0
688479;362479282420260101;2026-01-01;362;100100386055;0
702446;36247928320241201;2024-12-01;362;100100386055;0
712285;36247928720240201;2024-02-01;362;100100386055;0
711327;36247928820240301;2024-03-01;362;100100386055;0
705531;362479291020240901;2024-09-01;362;100100413001;0
707527;362479291120240701;2024-07-01;362;100100413001;0
702445;36247929320241201;2024-12-01;362;100100413001;0
712284;36247929720240201;2024-02-01;362;100100413001;0
711326;36247929820240301;2024-03-01;362;100100413001;0
706518;36247929920240801;2024-08-01;362;100100413001;0
18370;36247932020260101;2026-01-01;362;203203908;0
12059;36247932020260201;2026-02-01;362;203203908;0
5849;36247932020260301;2026-03-01;362;203203908;0
706485;362479321020240801;2024-08-01;362;203203908;0
712225;362479321120240201;2024-02-01;362;203203908;0
707477;362479321320240701;2024-07-01;362;203203908;0
708455;362479321420240601;2024-06-01;362;203203908;0
702384;36247932320241201;2024-12-01;362;203203908;0
709408;36247932820240501;2024-05-01;362;203203908;0
698196;362479331520250401;2025-04-01;362;1117998401885;0
689519;362479332220251201;2025-12-01;362;1117998401885;0
699149;362479341420250301;2025-03-01;362;8239789;0
695955;362479341620250601;2025-06-01;362;8239789;0
691629;362479341920251001;2025-10-01;362;8239789;0
696073;362479351820250601;2025-06-01;362;34253173;0
694953;362479351920250701;2025-07-01;362;34253173;0
690701;362479352220251101;2025-11-01;362;34253173;0
691630;362479361820251001;2025-10-01;362;11245379;0
703359;36247938120241101;2024-11-01;362;4001959474;0
695919;362479381820250601;2025-06-01;362;4001959474;0
704404;36247938220241001;2024-10-01;362;4001959474;0
704416;36247939120241001;2024-10-01;362;4001959473;0
695927;362479391820250601;2025-06-01;362;4001959473;0
703371;36247939220241101;2024-11-01;362;4001959473;0
704414;36247943120241001;2024-10-01;362;2095117245;0
703369;36247943220241101;2024-11-01;362;2095117245;0
702310;36247943320241201;2024-12-01;362;2095117245;0
704410;36247944120241001;2024-10-01;362;2083643311;0
695924;362479441820250601;2025-06-01;362;2083643311;0
703365;36247944220241101;2024-11-01;362;2083643311;0
702306;36247944320241201;2024-12-01;362;2083643311;0
704408;36247945120241001;2024-10-01;362;2079470831;0
695923;362479451820250601;2025-06-01;362;2079470831;0
703363;36247945220241101;2024-11-01;362;2079470831;0
702301;36247945320241201;2024-12-01;362;2079470831;0
704413;36247947120241001;2024-10-01;362;2036318635;0
698059;362479471620250401;2025-04-01;362;2036318635;0
703368;36247947220241101;2024-11-01;362;2036318635;0
702309;36247947320241201;2024-12-01;362;2036318635;0
712165;362479491320240201;2024-02-01;362;2036280077;0
691631;362479491820251001;2025-10-01;362;2036280077;0
704425;36247950120241001;2024-10-01;362;2026724987;0
703380;36247950220241101;2024-11-01;362;2026724987;0
702319;36247950320241201;2024-12-01;362;2026724987;0
704415;36247951120241001;2024-10-01;362;2090463099;0
695926;362479511820250601;2025-06-01;362;2090463099;0
703370;36247951220241101;2024-11-01;362;2090463099;0
702311;36247951320241201;2024-12-01;362;2090463099;0
704417;36247952120241001;2024-10-01;362;2089496604;0
695928;362479521820250601;2025-06-01;362;2089496604;0
703372;36247952220241101;2024-11-01;362;2089496604;0
703354;36247953120241101;2024-11-01;362;2089496558;0
704399;36247953220241001;2024-10-01;362;2089496558;0
703356;36247954120241101;2024-11-01;362;2089496540;0
699119;362479541520250301;2025-03-01;362;2089496540;0
704401;36247954220241001;2024-10-01;362;2089496540;0
703358;36247955120241101;2024-11-01;362;2089496515;0
695918;362479551820250601;2025-06-01;362;2089496515;0
704403;36247955220241001;2024-10-01;362;2089496515;0
704418;36247956120241001;2024-10-01;362;2031772731;0
703373;36247956220241101;2024-11-01;362;2031772731;0
702312;36247956320241201;2024-12-01;362;2031772731;0
704419;36247957120241001;2024-10-01;362;2031769713;0
703374;36247957220241101;2024-11-01;362;2031769713;0
702313;36247957320241201;2024-12-01;362;2031769713;0
704422;36247958120241001;2024-10-01;362;2031769501;0
703377;36247958220241101;2024-11-01;362;2031769501;0
702316;36247958320241201;2024-12-01;362;2031769501;0
704421;36247959120241001;2024-10-01;362;2031764568;0
703376;36247959220241101;2024-11-01;362;2031764568;0
702315;36247959320241201;2024-12-01;362;2031764568;0
703352;36247960220241101;2024-11-01;362;2031764541;0
702295;36247960320241201;2024-12-01;362;2031764541;0
704432;36247961120241001;2024-10-01;362;2026228696;0
703387;36247961220241101;2024-11-01;362;2026228696;0
702325;36247961320241201;2024-12-01;362;2026228696;0
702320;36247962120241201;2024-12-01;362;2024619931;0
704426;36247962220241001;2024-10-01;362;2024619931;0
703381;36247962320241101;2024-11-01;362;2024619931;0
703355;36247963120241101;2024-11-01;362;2024613436;0
702297;36247963220241201;2024-12-01;362;2024613436;0
704400;36247963320241001;2024-10-01;362;2024613436;0
702324;36247964120241201;2024-12-01;362;2021337772;0
695931;362479641820250601;2025-06-01;362;2021337772;0
704430;36247964220241001;2024-10-01;362;2021337772;0
703385;36247964320241101;2024-11-01;362;2021337772;0
704429;36247965120241001;2024-10-01;362;2021337764;0
695930;362479651820250601;2025-06-01;362;2021337764;0
703384;36247965220241101;2024-11-01;362;2021337764;0
702323;36247965320241201;2024-12-01;362;2021337764;0
31224;36247966020251101;2025-11-01;362;93563311;0
699278;362479691520250301;2025-03-01;362;42600410;0
696125;362479691620250601;2025-06-01;362;42600410;0
693967;362479691720250801;2025-08-01;362;42600410;0
692890;362479691820250901;2025-09-01;362;42600410;0
690832;362479691920251101;2025-11-01;362;42600410;0
702538;36247969320241201;2024-12-01;362;42600410;0
700327;36247969520250201;2025-02-01;362;42600410;0
692817;362479702020250901;2025-09-01;362;17927100420;0
690727;362479702220251101;2025-11-01;362;17927100420;0
56346;36247972020250701;2025-07-01;362;167239200475;0
50347;36247972020250801;2025-08-01;362;167239200475;0
696087;362479721820250601;2025-06-01;362;167239200475;0
24491;362479722120251201;2025-12-01;362;167239200475;0
690599;362479742120251101;2025-11-01;362;17950700414;0
690758;362479752320251101;2025-11-01;362;17936000420;0
698077;362479771120250401;2025-04-01;362;2763900478;0
691622;362479771720251001;2025-10-01;362;2763900478;0
702326;36247978120241201;2024-12-01;362;7826150;0
698061;36247978520250401;2025-04-01;362;7826150;0
690785;362479802320251101;2025-11-01;362;11230401;0
704407;36247981120241001;2024-10-01;362;2095520040;0
695922;362479811820250601;2025-06-01;362;2095520040;0
703362;36247981220241101;2024-11-01;362;2095520040;0
702300;36247981320241201;2024-12-01;362;2095520040;0
704411;36247982120241001;2024-10-01;362;2089468856;0
703366;36247982220241101;2024-11-01;362;2089468856;0
702307;36247982320241201;2024-12-01;362;2089468856;0
703360;36247983120241101;2024-11-01;362;2083643656;0
695920;362479831820250601;2025-06-01;362;2083643656;0
702298;36247983220241201;2024-12-01;362;2083643656;0
704405;36247983320241001;2024-10-01;362;2083643656;0
704412;36247984120241001;2024-10-01;362;2072934123;0
703367;36247984220241101;2024-11-01;362;2072934123;0
702308;36247984320241201;2024-12-01;362;2072934123;0
703361;36247985120241101;2024-11-01;362;2032621329;0
702299;36247985220241201;2024-12-01;362;2032621329;0
704406;36247985320241001;2024-10-01;362;2032621329;0
704398;36247986120241001;2024-10-01;362;2031772676;0
703353;36247986220241101;2024-11-01;362;2031772676;0
702296;36247986320241201;2024-12-01;362;2031772676;0
704424;36247987120241001;2024-10-01;362;2026724812;0
695929;362479871820250601;2025-06-01;362;2026724812;0
703379;36247987220241101;2024-11-01;362;2026724812;0
702318;36247987320241201;2024-12-01;362;2026724812;0
702321;36247988120241201;2024-12-01;362;2024693499;0
704427;36247988220241001;2024-10-01;362;2024693499;0
703382;36247988320241101;2024-11-01;362;2024693499;0
702322;36247989120241201;2024-12-01;362;2024693421;0
704428;36247989220241001;2024-10-01;362;2024693421;0
703383;36247989320241101;2024-11-01;362;2024693421;0
703357;36247990120241101;2024-11-01;362;2089496574;0
695917;362479901820250601;2025-06-01;362;2089496574;0
704402;36247990220241001;2024-10-01;362;2089496574;0
704434;36247993120241001;2024-10-01;362;1091875601809;0
703388;36247993220241101;2024-11-01;362;1091875601809;0
702331;36247993320241201;2024-12-01;362;1091875601809;0
701239;36247993420250101;2025-01-01;362;1091875601809;0
700183;36247993520250201;2025-02-01;362;1091875601809;0
699140;36247993620250301;2025-03-01;362;1091875601809;0
699165;362479941020250301;2025-03-01;362;1064461901852;0
699182;36248005620250301;2025-03-01;362;1051608701824;0
698203;362480111520250401;2025-04-01;362;3013487296;0
699151;36248027620250301;2025-03-01;362;996539901806;0
694872;36248027720250701;2025-07-01;362;996539901806;0
698209;362480291520250401;2025-04-01;362;3012835975;0
698208;362480301520250401;2025-04-01;362;3012835965;0
698205;362480331520250401;2025-04-01;362;3012835944;0
698206;362480341420250401;2025-04-01;362;3012835882;0
696022;362480341620250601;2025-06-01;362;3012835882;0
698202;362480351520250401;2025-04-01;362;3012835860;0
696019;362480351720250601;2025-06-01;362;3012835860;0
698201;362480361520250401;2025-04-01;362;3012835858;0
698107;362480371520250401;2025-04-01;362;948042301819;0
698200;362480381520250401;2025-04-01;362;948040401840;0
695973;362480391520250601;2025-06-01;362;751643301871;0
694895;362480391620250701;2025-07-01;362;751643301871;0
695964;362480401520250601;2025-06-01;362;743105001818;0
694882;362480401720250701;2025-07-01;362;743105001818;0
690564;362480401920251101;2025-11-01;362;743105001818;0
699166;36248040620250301;2025-03-01;362;743105001818;0
699167;36248041620250301;2025-03-01;362;702028901824;0
704433;36248042120241001;2024-10-01;362;701985701857;0
700180;36248042520250201;2025-02-01;362;701985701857;0
699123;36248042620250301;2025-03-01;362;701985701857;0
699163;362480431420250301;2025-03-01;362;482588601867;0
698106;362480441520250401;2025-04-01;362;21911801847;0
700190;36248044520250201;2025-02-01;362;21911801847;0
699164;36248044620250301;2025-03-01;362;21911801847;0
710304;36248044920240401;2024-04-01;362;21911801847;0
694897;36248045720250701;2025-07-01;362;79055222;0
31228;36248049020251101;2025-11-01;362;75053805978;0
24796;36248049020251201;2025-12-01;362;75053805978;0
18386;36248049020260101;2026-01-01;362;75053805978;0
12080;36248049020260201;2026-02-01;362;75053805978;0
5920;36248049020260301;2026-03-01;362;75053805978;0
694988;362480491920250701;2025-07-01;362;75053805978;0
699239;362480501420250301;2025-03-01;362;1160032901881;0
698207;362480551520250401;2025-04-01;362;3012835949;0
698198;362480561520250401;2025-04-01;362;542164501807;0
696017;362480561720250601;2025-06-01;362;542164501807;0
5930;36248063020260301;2026-03-01;362;443156105940;0
694864;362480631920250701;2025-07-01;362;443156105940;0
5931;36248064020260301;2026-03-01;362;403931805950;0
5933;36248066020260301;2026-03-01;362;247126105972;0
5934;36248067020260301;2026-03-01;362;247126005987;0
12082;36248068020260201;2026-02-01;362;171727805942;0
18390;36248073020260101;2026-01-01;362;3095291094;0
12085;36248073020260201;2026-02-01;362;3095291094;0
5938;36248073020260301;2026-03-01;362;3095291094;0
18391;36248074020260101;2026-01-01;362;3095291093;0
12086;36248074020260201;2026-02-01;362;3095291093;0
5939;36248074020260301;2026-03-01;362;3095291093;0
44410;36248079020250901;2025-09-01;362;3090926741;0
37823;36248079020251001;2025-10-01;362;3090926741;0
31231;36248079020251101;2025-11-01;362;3090926741;0
24800;36248079020251201;2025-12-01;362;3090926741;0
18396;36248079020260101;2026-01-01;362;3090926741;0
12091;36248079020260201;2026-02-01;362;3090926741;0
698068;362480821520250401;2025-04-01;362;3080577736;0
698204;362480841520250401;2025-04-01;362;3012835979;0
690526;362480852320251101;2025-11-01;362;11230410;0
702303;36248085320241201;2024-12-01;362;11230410;0
698057;362480861620250401;2025-04-01;362;12058343;0
702302;36248086320241201;2024-12-01;362;12058343;0
698058;362480871620250401;2025-04-01;362;13411225;0
702304;36248087320241201;2024-12-01;362;13411225;0
18402;36248088020260101;2026-01-01;362;3095291090;0
12097;36248088020260201;2026-02-01;362;3095291090;0
5950;36248088020260301;2026-03-01;362;3095291090;0
689748;362480911520251201;2025-12-01;362;47917016;0
704435;36248092120241001;2024-10-01;362;9004636;0
703389;36248092220241101;2024-11-01;362;9004636;0
702338;36248092320241201;2024-12-01;362;9004636;0
709377;362480931020240501;2024-05-01;362;22979954;0
708426;362480931120240601;2024-06-01;362;22979954;0
707450;362480931220240701;2024-07-01;362;22979954;0
706457;362480931320240801;2024-08-01;362;22979954;0
705461;362480931420240901;2024-09-01;362;22979954;0
712194;36248093720240201;2024-02-01;362;22979954;0
711259;36248093820240301;2024-03-01;362;22979954;0
710317;36248093920240401;2024-04-01;362;22979954;0
708406;362480941020240601;2024-06-01;362;51428540;0
707430;362480941120240701;2024-07-01;362;51428540;0
706438;362480941220240801;2024-08-01;362;51428540;0
705442;362480941320240901;2024-09-01;362;51428540;0
691636;362480941820251001;2025-10-01;362;51428540;0
712176;36248094620240201;2024-02-01;362;51428540;0
711242;36248094720240301;2024-03-01;362;51428540;0
710300;36248094820240401;2024-04-01;362;51428540;0
709359;36248094920240501;2024-05-01;362;51428540;0
704436;36248095120241001;2024-10-01;362;9001589;0
703390;36248095220241101;2024-11-01;362;9001589;0
698116;362480961020250401;2025-04-01;362;1660602;0
709368;362480961120240501;2024-05-01;362;1660602;0
708417;362480961220240601;2024-06-01;362;1660602;0
707441;362480961320240701;2024-07-01;362;1660602;0
706448;362480961420240801;2024-08-01;362;1660602;0
705452;362480961520240901;2024-09-01;362;1660602;0
712186;36248096720240201;2024-02-01;362;1660602;0
711251;36248096820240301;2024-03-01;362;1660602;0
710308;36248096920240401;2024-04-01;362;1660602;0
709358;362480981020240501;2024-05-01;362;34982724;0
708405;362480981120240601;2024-06-01;362;34982724;0
707429;362480981220240701;2024-07-01;362;34982724;0
706437;362480981320240801;2024-08-01;362;34982724;0
705441;362480981420240901;2024-09-01;362;34982724;0
711241;36248098620240301;2024-03-01;362;34982724;0
712175;36248098820240201;2024-02-01;362;34982724;0
710299;36248098920240401;2024-04-01;362;34982724;0
700193;36248100420250201;2025-02-01;362;24444245;0
708416;362481021020240601;2024-06-01;362;1427849;0
711250;362481021320240301;2024-03-01;362;1427849;0
712185;362481021420240201;2024-02-01;362;1427849;0
713109;362481021520240101;2024-01-01;362;1427849;0
705451;36248102620240901;2024-09-01;362;1427849;0
699170;36248102720250301;2025-03-01;362;1427849;0
706447;36248102820240801;2024-08-01;362;1427849;0
707440;36248102920240701;2024-07-01;362;1427849;0
707445;362481061020240701;2024-07-01;362;1234758;0
706452;362481061120240801;2024-08-01;362;1234758;0
705456;362481061220240901;2024-09-01;362;1234758;0
702342;362481061320241201;2024-12-01;362;1234758;0
711255;36248106620240301;2024-03-01;362;1234758;0
710312;36248106720240401;2024-04-01;362;1234758;0
709372;36248106820240501;2024-05-01;362;1234758;0
708421;36248106920240601;2024-06-01;362;1234758;0
708414;362481081020240601;2024-06-01;362;9007852;0
709366;362481081120240501;2024-05-01;362;9007852;0
713107;362481081520240101;2024-01-01;362;9007852;0
711249;362481081620240301;2024-03-01;362;9007852;0
699168;36248108620250301;2025-03-01;362;9007852;0
705449;36248108720240901;2024-09-01;362;9007852;0
706445;36248108820240801;2024-08-01;362;9007852;0
707438;36248108920240701;2024-07-01;362;9007852;0
30678;362481095120251101;2025-11-01;362;2031772676;0
17674;362484699020260101;2026-01-01;362;2031772676;0
691789;362484732220251001;2025-10-01;362;6260928;0
692834;362484782120250901;2025-09-01;362;8218392;0
692835;362484822120250901;2025-09-01;362;8218397;0
691828;362484842220251001;2025-10-01;362;8218401;0
692850;362484872120250901;2025-09-01;362;8218407;0
692809;362485002020250901;2025-09-01;362;9302819;0
692833;362485102120250901;2025-09-01;362;10025045;0
691847;362485112220251001;2025-10-01;362;7652779;0
691784;362485142220251001;2025-10-01;362;9587837;0
691836;362485152220251001;2025-10-01;362;9587882;0
691835;362485162220251001;2025-10-01;362;9587899;0
691838;362485172220251001;2025-10-01;362;9587922;0
691832;362485182220251001;2025-10-01;362;9587942;0
691831;362485192220251001;2025-10-01;362;9587958;0
692851;362485222120250901;2025-09-01;362;10024608;0
699171;36248523220250301;2025-03-01;362;55038172;0
694889;36248525420250701;2025-07-01;362;54997064;0
704409;36248528120241001;2024-10-01;362;2094625239;0
703364;36248528220241101;2024-11-01;362;2094625239;0
702305;36248528320241201;2024-12-01;362;2094625239;0
704420;36248529120241001;2024-10-01;362;2031772587;0
703375;36248529220241101;2024-11-01;362;2031772587;0
702314;36248529320241201;2024-12-01;362;2031772587;0
698060;36248529620250401;2025-04-01;362;2031772587;0
704423;36248530120241001;2024-10-01;362;2025112449;0
703378;36248530220241101;2024-11-01;362;2025112449;0
702317;36248530320241201;2024-12-01;362;2025112449;0
18453;36248534020260101;2026-01-01;362;67839789;0
688599;362485352320260101;2026-01-01;362;100165216049;0
688598;362485372220260101;2026-01-01;362;100147369734;0
690759;362485392320251101;2025-11-01;362;43035949;0
698199;362485471520250401;2025-04-01;362;3006339312;0
690608;362485472120251101;2025-11-01;362;3006339312;0
699241;362485481220250301;2025-03-01;362;177912201871;0
18459;36248550020260101;2026-01-01;362;MTE0002793;0
6055;36248550020260301;2026-03-01;362;MTE0002793;0
18461;36248552020260101;2026-01-01;362;200555441;0
12183;36248552020260201;2026-02-01;362;200555441;0
6057;36248552020260301;2026-03-01;362;200555441;0
708415;362485541020240601;2024-06-01;362;9010022;0
709367;362485541120240501;2024-05-01;362;9010022;0
713108;362485541520240101;2024-01-01;362;9010022;0
699169;36248554620250301;2025-03-01;362;9010022;0
705450;36248554720240901;2024-09-01;362;9010022;0
706446;36248554820240801;2024-08-01;362;9010022;0
707439;36248554920240701;2024-07-01;362;9010022;0
691678;362485552020251001;2025-10-01;362;41788435;0
690830;362485562320251101;2025-11-01;362;3544487;0
689746;362485562420251201;2025-12-01;362;3544487;0
18465;36248557020260101;2026-01-01;362;1111021;0
690573;362485582120251101;2025-11-01;362;1109677;0
689463;362485582220251201;2025-12-01;362;1109677;0
700195;362485591420250201;2025-02-01;362;413;0
6064;36248560020260301;2026-03-01;362;53184804;0
690606;362485602120251101;2025-11-01;362;53184804;0
690605;362485612120251101;2025-11-01;362;53184731;0
697130;362485631520250501;2025-05-01;362;50904890;0
699122;362485651120250301;2025-03-01;362;48954227;0
698063;362485651220250401;2025-04-01;362;48954227;0
692700;362485651520250901;2025-09-01;362;48954227;0
699121;362485661220250301;2025-03-01;362;48759483;0
698062;362485661320250401;2025-04-01;362;48759483;0
690535;362485661420251101;2025-11-01;362;48759483;0
700178;36248566520250201;2025-02-01;362;48759483;0
697132;362485671720250501;2025-05-01;362;44436701;0
697133;362485681720250501;2025-05-01;362;31594669;0
706516;362485691120240801;2024-08-01;362;77438256;0
702435;36248569120241201;2024-12-01;362;77438256;0
707517;362485691320240701;2024-07-01;362;77438256;0
708481;362485691420240601;2024-06-01;362;77438256;0
703455;36248569220241101;2024-11-01;362;77438256;0
700260;36248569420250201;2025-02-01;362;77438256;0
712274;36248569620240201;2024-02-01;362;77438256;0
709442;36248569920240501;2024-05-01;362;77438256;0
691644;362485702120251001;2025-10-01;362;31446469;0
706533;362485721120240801;2024-08-01;362;100176869286;0
702472;36248572120241201;2024-12-01;362;100176869286;0
705542;362485721220240901;2024-09-01;362;100176869286;0
700282;36248572420250201;2025-02-01;362;100176869286;0
712310;36248572620240201;2024-02-01;362;100176869286;0
711349;36248572720240301;2024-03-01;362;100176869286;0
710389;36248572820240401;2024-04-01;362;100176869286;0
709471;36248572920240501;2024-05-01;362;100176869286;0
702467;36248573120241201;2024-12-01;362;200328309;0
708503;362485731320240601;2024-06-01;362;200328309;0
711347;36248573620240301;2024-03-01;362;200328309;0
709466;36248573720240501;2024-05-01;362;200328309;0
712305;36248573820240201;2024-02-01;362;200328309;0
705540;362485741020240901;2024-09-01;362;200014114;0
706531;362485741120240801;2024-08-01;362;200014114;0
702464;36248574120241201;2024-12-01;362;200014114;0
711344;36248574520240301;2024-03-01;362;200014114;0
709463;36248574820240501;2024-05-01;362;200014114;0
712302;36248574920240201;2024-02-01;362;200014114;0
707514;362485761120240701;2024-07-01;362;65207394;0
702430;36248576120241201;2024-12-01;362;65207394;0
711322;362485761420240301;2024-03-01;362;65207394;0
703450;36248576220241101;2024-11-01;362;65207394;0
710368;36248576520240401;2024-04-01;362;65207394;0
712269;36248576720240201;2024-02-01;362;65207394;0
706511;36248576920240801;2024-08-01;362;65207394;0
713157;362485771020240101;2024-01-01;362;100070185480;0
706499;362485771120240801;2024-08-01;362;100070185480;0
702401;36248577120241201;2024-12-01;362;100070185480;0
705501;362485771220240901;2024-09-01;362;100070185480;0
707487;362485771320240701;2024-07-01;362;100070185480;0
711300;36248577720240301;2024-03-01;362;100070185480;0
712240;36248577920240201;2024-02-01;362;100070185480;0
713071;362485801620240101;2024-01-01;362;53427898;0
695940;362485801720250601;2025-06-01;362;53427898;0
702330;36248580220241201;2024-12-01;362;53427898;0
699132;36248580720250301;2025-03-01;362;53427898;0
702387;36248581120241201;2024-12-01;362;27347681;0
18471;36248582020260101;2026-01-01;362;203714317;0
12199;36248582020260201;2026-02-01;362;203714317;0
6080;36248582020260301;2026-03-01;362;203714317;0
702332;36248582120241201;2024-12-01;362;203714317;0
701240;36248582420250101;2025-01-01;362;203714317;0
709351;36248582620240501;2024-05-01;362;203714317;0
698105;36248628720250401;2025-04-01;362;426992801823;0
24872;36248631020251201;2025-12-01;362;7979707;0
18473;36248632020260101;2026-01-01;362;3681391;0
690829;362486322320251101;2025-11-01;362;3681391;0
689745;362486322420251201;2025-12-01;362;3681391;0
694967;362486331820250701;2025-07-01;362;6858245;0
693925;36248634720250801;2025-08-01;362;MTE0010983;0
698072;36248636720250401;2025-04-01;362;95221719;0
702335;36248641120241201;2024-12-01;362;201729699;0
695957;36248641620250601;2025-06-01;362;201729699;0
708408;362486421020240601;2024-06-01;362;9000750;0
707432;362486421120240701;2024-07-01;362;9000750;0
706440;362486421220240801;2024-08-01;362;9000750;0
705444;362486421320240901;2024-09-01;362;9000750;0
713102;36248642520240101;2024-01-01;362;9000750;0
712178;36248642620240201;2024-02-01;362;9000750;0
710302;36248642820240401;2024-04-01;362;9000750;0
709361;36248642920240501;2024-05-01;362;9000750;0
700189;36248643520250201;2025-02-01;362;3095800320;0
698103;36248643620250401;2025-04-01;362;3095800320;0
694881;36248643820250701;2025-07-01;362;3095800320;0
55527;3624889074690920250701;2025-07-01;362;80210772;0
43573;3624889076708920250901;2025-09-01;362;80210772;0
62109;3624889174691020250601;2025-06-01;362;80103697;0
55528;3624889274691220250701;2025-07-01;362;20012927;0
43549;3624889276571420250901;2025-09-01;362;20012927;0
49522;3624890074692020250801;2025-08-01;362;71631275;0
37025;3624890076077420251001;2025-10-01;362;71631275;0
17696;3624890084862420260101;2026-01-01;362;71631275;0
11587;3624890090952120260201;2026-02-01;362;71631275;0
11480;362489009520260201;2026-02-01;362;2031772676;0
43472;3624962174774020250901;2025-09-01;362;55441114;0
37063;3624962176571120251001;2025-10-01;362;55441114;0
17677;3624962184726320260101;2026-01-01;362;55441114;0
11450;3624962188150120260201;2026-02-01;362;55441114;0
49526;3624967774784020250801;2025-08-01;362;3090926743;0
43487;3624967874784320250901;2025-09-01;362;3080577537;0
49594;36249681192130920250801;2025-08-01;362;2791770;0
80939;36249681192131020250301;2025-03-01;362;2791770;0
74700;36249681192131120250401;2025-04-01;362;2791770;0
87201;36249681192131320250201;2025-02-01;362;2791770;0
55580;36249681192131420250701;2025-07-01;362;2791770;0
62145;36249681192131520250601;2025-06-01;362;2791770;0
43654;36249681192131620250901;2025-09-01;362;2791770;0
68461;36249681192131720250501;2025-05-01;362;2791770;0
109230;3624968174786120241101;2024-11-01;362;2791770;0
101399;3624968174787220241201;2024-12-01;362;2791770;0
17745;3624968186027820260101;2026-01-01;362;2791770;0
11547;3624968190055120260201;2026-02-01;362;2791770;0
43492;3625055674936820250901;2025-09-01;362;3090252372;0
109118;36251820241101;2024-11-01;362;2089496558;0
43519;3625189175247120250901;2025-09-01;362;37575;0
30755;3625189182700420251101;2025-11-01;362;37575;0
11576;3625189190885520260201;2026-02-01;362;37575;0
17975;3625189191199620260101;2026-01-01;362;37575;0
5501;3625190883620260301;2026-03-01;362;2089496558;0
151764;3625209075317920240501;2024-05-01;362;4474862;0
144377;3625209075318020240601;2024-06-01;362;4474862;0
160841;3625209075318120240401;2024-04-01;362;4474862;0
169925;3625209075318220240301;2024-03-01;362;4474862;0
179100;3625209075318320240201;2024-02-01;362;4474862;0
188124;3625209075318420240101;2024-01-01;362;4474862;0
37007;3625216375344220251001;2025-10-01;362;114927782;0
24064;3625216381093620251201;2025-12-01;362;114927782;0
37013;3625233275385920251001;2025-10-01;362;63284031;0
17661;3625233284449320260101;2026-01-01;362;63284031;0
11586;3625233290939320260201;2026-02-01;362;63284031;0
701236;36252388120250101;2025-01-01;362;12324944;0
699120;36252388320250301;2025-03-01;362;12324944;0
696997;36252388420250501;2025-05-01;362;12324944;0
701237;36252389120250101;2025-01-01;362;55984077;0
700179;36252389220250201;2025-02-01;362;55984077;0
696999;36252389420250501;2025-05-01;362;55984077;0
691861;362523972220251001;2025-10-01;362;3142861;0
689703;362523972420251201;2025-12-01;362;3142861;0
713145;36252409120240101;2024-01-01;362;2800986;0
94122;36252422020250101;2025-01-01;362;613544;0
75412;36252422020250401;2025-04-01;362;613544;0
69185;36252422020250501;2025-05-01;362;613544;0
62890;36252422020250601;2025-06-01;362;613544;0
56359;36252422020250701;2025-07-01;362;613544;0
44432;36252422020250901;2025-09-01;362;613544;0
37855;36252422020251001;2025-10-01;362;613544;0
31336;36252422020251101;2025-11-01;362;613544;0
692808;36252425320250901;2025-09-01;362;36132110;0
698224;362524311320250401;2025-04-01;362;2159597;0
697153;362524311420250501;2025-05-01;362;2159597;0
696053;362524311520250601;2025-06-01;362;2159597;0
694989;362524321820250701;2025-07-01;362;4229231;0
697163;362524321920250501;2025-05-01;362;4229231;0
698225;362524361320250401;2025-04-01;362;39046400;0
697154;362524361420250501;2025-05-01;362;39046400;0
690757;362524382320251101;2025-11-01;362;41586565;0
692777;36252445220250901;2025-09-01;362;7388667;0
188740;36252449020240101;2024-01-01;362;1111021;0
687972;36252449020260201;2026-02-01;362;1111021;0
686757;36252449020260301;2026-03-01;362;1111021;0
685568;36252449020260401;2026-04-01;362;1111021;0
708907;362524491020240601;2024-06-01;362;1111021;0
709862;362524491120240501;2024-05-01;362;1111021;0
704917;36252449120241001;2024-10-01;362;1111021;0
710794;362524491220240401;2024-04-01;362;1111021;0
711743;362524491320240301;2024-03-01;362;1111021;0
712669;362524491420240201;2024-02-01;362;1111021;0
713562;362524491520240101;2024-01-01;362;1111021;0
696546;362524491620250601;2025-06-01;362;1111021;0
697632;362524491720250501;2025-05-01;362;1111021;0
698674;362524491820250401;2025-04-01;362;1111021;0
695471;362524491920250701;2025-07-01;362;1111021;0
688640;36252449194026320260101;2026-01-01;362;1111021;0
694401;362524492020250801;2025-08-01;362;1111021;0
692200;362524492120251001;2025-10-01;362;1111021;0
703886;36252449220241101;2024-11-01;362;1111021;0
691079;362524492220251101;2025-11-01;362;1111021;0
689907;362524492320251201;2025-12-01;362;1111021;0
702855;36252449320241201;2024-12-01;362;1111021;0
700736;36252449420250201;2025-02-01;362;1111021;0
701782;36252449520250101;2025-01-01;362;1111021;0
699707;36252449620250301;2025-03-01;362;1111021;0
705964;36252449720240901;2024-09-01;362;1111021;0
692858;3625244978539320250901;2025-09-01;362;1111021;0
706965;36252449820240801;2024-08-01;362;1111021;0
707950;36252449920240701;2024-07-01;362;1111021;0
87953;36252452020250201;2025-02-01;362;00009023358;0
81685;36252452020250301;2025-03-01;362;00009023358;0
691667;36252459320251001;2025-10-01;362;631787;0
691666;36252460620251001;2025-10-01;362;12865648;0
690664;362524621920251101;2025-11-01;362;79054001284;0
690662;362524631920251101;2025-11-01;362;79054101270;0
690665;362524641920251101;2025-11-01;362;79054201265;0
690667;362524651920251101;2025-11-01;362;79054301250;0
690669;362524661920251101;2025-11-01;362;79054401246;0
690663;362524671920251101;2025-11-01;362;79054501231;0
690666;362524681920251101;2025-11-01;362;79054601227;0
690661;362524691920251101;2025-11-01;362;79054701212;0
690671;362524701920251101;2025-11-01;362;79056301214;0
690672;362524712220251101;2025-11-01;362;88653801202;0
690714;362524722020251101;2025-11-01;362;88660601241;0
690659;362524732020251101;2025-11-01;362;231683201236;0
690670;362524741920251101;2025-11-01;362;259403801209;0
690668;362524751820251101;2025-11-01;362;259404101240;0
690717;362524772220251101;2025-11-01;362;294734401239;0
699216;362524851220250301;2025-03-01;362;10038876203;0
690583;362524851820251101;2025-11-01;362;10038876203;0
690732;362524862120251101;2025-11-01;362;37575;0
694948;362524911520250701;2025-07-01;362;1580027;0
696050;362524921220250601;2025-06-01;362;10639476;0
690680;362524921620251101;2025-11-01;362;10639476;0
699124;362524931110820250301;2025-03-01;362;96238126;0
692702;362524931420250901;2025-09-01;362;96238126;0
701238;362524931687620250101;2025-01-01;362;96238126;0
695979;36252496220250601;2025-06-01;362;8874735;0
56368;36252497020250701;2025-07-01;362;10688949;0
696075;362525031120250601;2025-06-01;362;136216901985;0
696077;362525041020250601;2025-06-01;362;134749301903;0
694955;362525041320250701;2025-07-01;362;134749301903;0
696069;362525051020250601;2025-06-01;362;136501801909;0
696072;362525061020250601;2025-06-01;362;137159701929;0
696070;362525071020250601;2025-06-01;362;134415901910;0
696068;362525081020250601;2025-06-01;362;136365901929;0
696071;362525091020250601;2025-06-01;362;137145001995;0
696065;362525101020250601;2025-06-01;362;135117001922;0
696078;362525111020250601;2025-06-01;362;135129701905;0
696079;362525121020250601;2025-06-01;362;138133801938;0
696080;362525141020250601;2025-06-01;362;138628401920;0
696066;362525151020250601;2025-06-01;362;136745101907;0
696076;362525171120250601;2025-06-01;362;143903701907;0
75420;36252519020250401;2025-04-01;362;5508762;0
6215;36252522020260301;2026-03-01;362;69358005913;0
6216;36252523020260301;2026-03-01;362;541228705929;0
694920;36252527120250701;2025-07-01;362;3085242218;0
37014;3625269175432520251001;2025-10-01;362;100147369734;0
30476;3625269178220420251101;2025-11-01;362;100147369734;0
24089;3625269181395320251201;2025-12-01;362;100147369734;0
17791;3625269186126120260101;2026-01-01;362;100147369734;0
690738;36252941320251101;2025-11-01;362;200004857;0
688405;362529441120260101;2026-01-01;362;100239455904;0
688407;362529451020260101;2026-01-01;362;100239455963;0
37019;3625294575476220251001;2025-10-01;362;100165216049;0
24163;3625294582016420251201;2025-12-01;362;100165216049;0
17761;3625294586120720260101;2026-01-01;362;100165216049;0
688421;362529491120260101;2026-01-01;362;100239306127;0
688406;362529591120260101;2026-01-01;362;100239454479;0
688415;362529601120260101;2026-01-01;362;100239453707;0
688418;362529611120260101;2026-01-01;362;100239453162;0
688417;362529621120260101;2026-01-01;362;100239453200;0
688410;362529631120260101;2026-01-01;362;100239456935;0
688412;362529641220260101;2026-01-01;362;100239456099;0
688420;362529651120260101;2026-01-01;362;100239450490;0
688414;362529661120260101;2026-01-01;362;100239454100;0
688411;362529671120260101;2026-01-01;362;100239456390;0
688413;362529681120260101;2026-01-01;362;100239454134;0
688416;362529691120260101;2026-01-01;362;203369652;0
688419;362529701120260101;2026-01-01;362;100239452581;0
691757;362529732120251001;2025-10-01;362;74406;0
708550;36252984420240601;2024-06-01;362;4474862;0
690827;362529862220251101;2025-11-01;362;5110257;0
691880;362529862320251001;2025-10-01;362;5110257;0
693962;362529891020250801;2025-08-01;362;9402321;0
698244;362529891120250401;2025-04-01;362;9402321;0
697177;36252989420250501;2025-05-01;362;9402321;0
696121;36252989520250601;2025-06-01;362;9402321;0
691881;36252989720251001;2025-10-01;362;9402321;0
690828;36252989820251101;2025-11-01;362;9402321;0
699276;36252989920250301;2025-03-01;362;9402321;0
692836;362529922120250901;2025-09-01;362;11150792;0
692830;36252995820250901;2025-09-01;362;40116866;0
701294;36252995920250101;2025-01-01;362;40116866;0
18555;36253002020260101;2026-01-01;362;4302044;0
692840;36253002420250901;2025-09-01;362;4302044;0
37895;36253005020251001;2025-10-01;362;6077013;0
18556;36253005020260101;2026-01-01;362;6077013;0
692839;36253005820250901;2025-09-01;362;6077013;0
44451;36253006020250901;2025-09-01;362;5725437;0
18557;36253006020260101;2026-01-01;362;5725437;0
692842;36253007220250901;2025-09-01;362;873985;0
18559;36253008020260101;2026-01-01;362;3644189;0
18561;36253011020260101;2026-01-01;362;00877972;0
18562;36253012020260101;2026-01-01;362;02906830;0
18563;36253013020260101;2026-01-01;362;4273052;0
692841;36253014420250901;2025-09-01;362;873268;0
18565;36253015020260101;2026-01-01;362;5618827;0
692837;36253015220250901;2025-09-01;362;5618827;0
18566;36253017020260101;2026-01-01;362;4473647;0
692838;36253017320250901;2025-09-01;362;4473647;0
690712;362530532120251101;2025-11-01;362;36341355;0
694925;36253058120250701;2025-07-01;362;391285901297;0
693860;362530581520250801;2025-08-01;362;391285901297;0
693864;36253060120250801;2025-08-01;362;24826715;0
688548;36253062620260101;2026-01-01;362;168706200489;0
688559;36253063420260101;2026-01-01;362;168706300474;0
688543;36253064320260101;2026-01-01;362;168706500455;0
688561;36253065320260101;2026-01-01;362;168706600440;0
688552;36253066320260101;2026-01-01;362;168706800421;0
688580;36253067320260101;2026-01-01;362;168706900417;0
688558;36253068420260101;2026-01-01;362;168707000480;0
688546;36253072320260101;2026-01-01;362;168707500437;0
688544;36253074320260101;2026-01-01;362;168708000461;0
688547;36253075320260101;2026-01-01;362;168708100457;0
688549;36253076320260101;2026-01-01;362;168708300438;0
688563;36253077320260101;2026-01-01;362;168708400423;0
688557;36253078320260101;2026-01-01;362;168708600404;0
690690;362530921020251101;2025-11-01;362;1580019;0
694950;36253092220250701;2025-07-01;362;1580019;0
701293;36253092320250101;2025-01-01;362;1580019;0
698228;36253092620250401;2025-04-01;362;1580019;0
693931;36253097120250801;2025-08-01;362;12769;0
691877;362531111020251001;2025-10-01;362;D5232538388;0
689742;362531111120251201;2025-12-01;362;D5232538388;0
690824;362531111220251101;2025-11-01;362;D5232538388;0
689744;362531121020251201;2025-12-01;362;N5239943542;0
690826;362531121120251101;2025-11-01;362;N5239943542;0
691879;362531121220251001;2025-10-01;362;N5239943542;0
690821;362531131020251101;2025-11-01;362;N5239941922;0
689739;362531131120251201;2025-12-01;362;N5239941922;0
691874;362531131220251001;2025-10-01;362;N5239941922;0
690818;362531141120251101;2025-11-01;362;D5232537730;0
689736;362531141220251201;2025-12-01;362;D5232537730;0
691871;362531141320251001;2025-10-01;362;D5232537730;0
691878;362531151120251001;2025-10-01;362;N5239943119;0
690825;362531151220251101;2025-11-01;362;N5239943119;0
689743;362531151320251201;2025-12-01;362;N5239943119;0
689740;362531171120251201;2025-12-01;362;W5088282404;0
690822;362531171220251101;2025-11-01;362;W5088282404;0
691875;362531171320251001;2025-10-01;362;W5088282404;0
689741;362531181020251201;2025-12-01;362;W5088282587;0
690823;362531181120251101;2025-11-01;362;W5088282587;0
691876;362531181220251001;2025-10-01;362;W5088282587;0
691872;362531191020251001;2025-10-01;362;W5042184475;0
690819;362531191120251101;2025-11-01;362;W5042184475;0
689737;362531191220251201;2025-12-01;362;W5042184475;0
689738;362531201020251201;2025-12-01;362;W5088282234;0
691873;362531201120251001;2025-10-01;362;W5088282234;0
690820;36253120920251101;2025-11-01;362;W5088282234;0
696101;36253122120250601;2025-06-01;362;1028642;0
694986;36253123120250701;2025-07-01;362;7457111;0
690734;36253124420251101;2025-11-01;362;1368451;0
689677;36253124520251201;2025-12-01;362;1368451;0
692828;36253125520250901;2025-09-01;362;1045008;0
690735;36253125620251101;2025-11-01;362;1045008;0
87991;36253132020250201;2025-02-01;362;11260105;0
81720;36253132020250301;2025-03-01;362;11260105;0
75458;36253132020250401;2025-04-01;362;11260105;0
69225;36253132020250501;2025-05-01;362;11260105;0
62916;36253132020250601;2025-06-01;362;11260105;0
25032;36253132020251201;2025-12-01;362;11260105;0
87992;36253133020250201;2025-02-01;362;11395280;0
81721;36253133020250301;2025-03-01;362;11395280;0
694997;36253134720250701;2025-07-01;362;68666801229;0
50422;36253190020250801;2025-08-01;362;2031764550;0
44488;36253190020250901;2025-09-01;362;2031764550;0
25064;36253201020251201;2025-12-01;362;751355601896;0
18674;36253201020260101;2026-01-01;362;751355601896;0
12451;36253201020260201;2026-02-01;362;751355601896;0
6432;36253201020260301;2026-03-01;362;751355601896;0
688746;36253201320260101;2026-01-01;362;751355601896;0
117101;3625320241001;2024-10-01;362;2089496558;0
690765;362532121120251101;2025-11-01;362;3001234717;0
31492;36253219020251101;2025-11-01;362;3000159172;0
25072;36253219020251201;2025-12-01;362;3000159172;0
18682;36253219020260101;2026-01-01;362;3000159172;0
12460;36253219020260201;2026-02-01;362;3000159172;0
6445;36253219020260301;2026-03-01;362;3000159172;0
31494;36253223020251101;2025-11-01;362;3000159171;0
25074;36253223020251201;2025-12-01;362;3000159171;0
18684;36253223020260101;2026-01-01;362;3000159171;0
12462;36253223020260201;2026-02-01;362;3000159171;0
6447;36253223020260301;2026-03-01;362;3000159171;0
31495;36253224020251101;2025-11-01;362;3000159181;0
25075;36253224020251201;2025-12-01;362;3000159181;0
18685;36253224020260101;2026-01-01;362;3000159181;0
12463;36253224020260201;2026-02-01;362;3000159181;0
6448;36253224020260301;2026-03-01;362;3000159181;0
31498;36253229020251101;2025-11-01;362;3000159173;0
25078;36253229020251201;2025-12-01;362;3000159173;0
18688;36253229020260101;2026-01-01;362;3000159173;0
12466;36253229020260201;2026-02-01;362;3000159173;0
6451;36253229020260301;2026-03-01;362;3000159173;0
31499;36253231020251101;2025-11-01;362;3000159175;0
25079;36253231020251201;2025-12-01;362;3000159175;0
18689;36253231020260101;2026-01-01;362;3000159175;0
12467;36253231020260201;2026-02-01;362;3000159175;0
6452;36253231020260301;2026-03-01;362;3000159175;0
690817;362532331020251101;2025-11-01;362;1051610601852;0
691870;36253233320251001;2025-10-01;362;1051610601852;0
31500;36253236020251101;2025-11-01;362;3000155962;0
25080;36253236020251201;2025-12-01;362;3000155962;0
18690;36253236020260101;2026-01-01;362;3000155962;0
12468;36253236020260201;2026-02-01;362;3000155962;0
6455;36253236020260301;2026-03-01;362;3000155962;0
690766;36253239920251101;2025-11-01;362;347153601837;0
690764;36253240620251101;2025-11-01;362;502665101858;0
692867;36253308120250901;2025-09-01;362;149598500400;0
692870;36253309120250901;2025-09-01;362;000149598300429;0
692869;36253310120250901;2025-09-01;362;168707700418;0
692798;36253311120250901;2025-09-01;362;168709000443;0
692871;36253312120250901;2025-09-01;362;168708200442;0
692868;36253313120250901;2025-09-01;362;168707900401;0
692866;36253314120250901;2025-09-01;362;168707800403;0
692804;36253315120250901;2025-09-01;362;168706100493;0
691856;36253316120251001;2025-10-01;362;12765200440;0
691858;36253317120251001;2025-10-01;362;263724500400;0
691857;36253318120251001;2025-10-01;362;263013300414;0
691855;36253319120251001;2025-10-01;362;1672400491;0
6535;36253334020260301;2026-03-01;362;481789305946;0
55530;3625601675925220250701;2025-07-01;362;7457111;0
62115;3625601775925120250601;2025-06-01;362;1028642;0
43531;3625601776124120250901;2025-09-01;362;1028642;0
17979;3625601791289520260101;2026-01-01;362;1028642;0
5521;36256018192371520260301;2026-03-01;362;1368451;0
55531;3625601875925320250701;2025-07-01;362;1368451;0
30748;3625601882669420251101;2025-11-01;362;1368451;0
24252;3625601882710520251201;2025-12-01;362;1368451;0
17679;3625601884726520260101;2026-01-01;362;1368451;0
49540;3625601975925420250801;2025-08-01;362;12769;0
43540;3625601976540020250901;2025-09-01;362;12769;0
24288;3625601984528620251201;2025-12-01;362;12769;0
17853;3625601987988920260101;2026-01-01;362;12769;0
37024;3625617875960120251001;2025-10-01;362;1045008;0
43639;3625617882661520250901;2025-09-01;362;1045008;0
30752;3625617882672420251101;2025-11-01;362;1045008;0
17708;3625617884937020260101;2026-01-01;362;1045008;0
11461;3625617888815820260201;2026-02-01;362;1045008;0
28727;36256271194026620251201;2025-12-01;362;75053805978;0
22410;36256271194026920260101;2026-01-01;362;75053805978;0
35196;36256271194027020251101;2025-11-01;362;75053805978;0
16029;36256271194027520260201;2026-02-01;362;75053805978;0
9601;36256271194027620260301;2026-03-01;362;75053805978;0
55532;3625627175984820250701;2025-07-01;362;75053805978;0
55538;3625646776068920250701;2025-07-01;362;4229231;0
68439;3625646776069020250501;2025-05-01;362;4229231;0
37027;3625680076116320251001;2025-10-01;362;22580166;0
37266;36257929191756720251001;2025-10-01;362;56622756;0
30764;36257929191758620251101;2025-11-01;362;56622756;0
43538;3625792976446220250901;2025-09-01;362;56622756;0
55545;3625792978540320250701;2025-07-01;362;56622756;0
49579;3625792984853520250801;2025-08-01;362;56622756;0
30549;362579906820251101;2025-11-01;362;2089496558;0
37034;3625820676539320251001;2025-10-01;362;2334826;0
37035;3625820776540220251001;2025-10-01;362;63283972;0
17663;3625820784449520260101;2026-01-01;362;63283972;0
11583;3625820790938220260201;2026-02-01;362;63283972;0
37036;3625820876540320251001;2025-10-01;362;63284154;0
17664;3625820884449620260101;2026-01-01;362;63284154;0
11449;3625820888108120260201;2026-02-01;362;63284154;0
37037;3625820976540420251001;2025-10-01;362;43182828;0
17660;3625820984449220260101;2026-01-01;362;43182828;0
11582;3625820990938120260201;2026-02-01;362;43182828;0
49546;3625821276540920250801;2025-08-01;362;40116866;0
43638;3625821282390520250901;2025-09-01;362;40116866;0
93278;3625821282411020250101;2025-01-01;362;40116866;0
43542;3625821376541020250901;2025-09-01;362;74407;0
43543;3625821476541320250901;2025-09-01;362;90198060;0
37039;3625826576563420251001;2025-10-01;362;9587837;0
17954;3625826590992520260101;2026-01-01;362;9587837;0
43545;3625826676563720250901;2025-09-01;362;10025045;0
17957;3625826690992920260101;2026-01-01;362;10025045;0
43546;3625826776564120250901;2025-09-01;362;8218392;0
37120;3625826777519120251001;2025-10-01;362;8218392;0
43547;3625827676565120250901;2025-09-01;362;8218397;0
37118;3625827677518820251001;2025-10-01;362;8218397;0
37043;3625827876565520251001;2025-10-01;362;100194087324;0
24184;3625827882357020251201;2025-12-01;362;100194087324;0
11536;3625827889841720260201;2026-02-01;362;100194087324;0
37053;3625829376569920251001;2025-10-01;362;7090935;0
37055;3625829476570220251001;2025-10-01;362;6260928;0
17946;3625829490989320260101;2026-01-01;362;6260928;0
37058;3625829576570520251001;2025-10-01;362;200004857;0
30508;3625829579212520251101;2025-11-01;362;200004857;0
24256;3625829582859120251201;2025-12-01;362;200004857;0
17740;3625829585675220260101;2026-01-01;362;200004857;0
11563;3625829590684320260201;2026-02-01;362;200004857;0
37060;3625829676570820251001;2025-10-01;362;66374073;0
17662;3625829684449420260101;2026-01-01;362;66374073;0
62132;3625829684853120250601;2025-06-01;362;66374073;0
11584;3625829690939120260201;2026-02-01;362;66374073;0
37061;3625829776570920251001;2025-10-01;362;59946032;0
17672;3625829784685720260101;2026-01-01;362;59946032;0
11585;3625829790939220260201;2026-02-01;362;59946032;0
37062;3625829876571020251001;2025-10-01;362;58652167;0
17659;3625829884449120260101;2026-01-01;362;58652167;0
11627;3625829891289020260201;2026-02-01;362;58652167;0
43550;3625829976571520250901;2025-09-01;362;11150792;0
49548;3625830076571620250801;2025-08-01;362;3076832;0
37066;3625830176571720251001;2025-10-01;362;7072078157;0
18490;36258302193426520260101;2026-01-01;362;5618827;0
43551;3625830276571920250901;2025-09-01;362;5618827;0
18494;36258303193429320260101;2026-01-01;362;4473647;0
43552;3625830376572020250901;2025-09-01;362;4473647;0
18489;36258304193425820260101;2026-01-01;362;6077013;0
37719;36258304193430520251001;2025-10-01;362;6077013;0
43553;3625830476572120250901;2025-09-01;362;6077013;0
18495;36258305193430220260101;2026-01-01;362;4302044;0
43554;3625830576572220250901;2025-09-01;362;4302044;0
43555;3625836176579920250901;2025-09-01;362;873268;0
43556;3625836276580220250901;2025-09-01;362;873985;0
5505;36258483191320420260301;2026-03-01;362;8376603;0
37076;3625848376618120251001;2025-10-01;362;8376603;0
30511;3625848379293220251101;2025-11-01;362;8376603;0
24283;3625848383156620251201;2025-12-01;362;8376603;0
17824;3625848387456620260101;2026-01-01;362;8376603;0
11543;3625848390003020260201;2026-02-01;362;8376603;0
17736;362585637820260101;2026-01-01;362;2089496558;0
37081;3625906576691820251001;2025-10-01;362;8874751;0
43563;3625907776693620250901;2025-09-01;362;3009022129;0
55593;36259078192408520250701;2025-07-01;362;3014493535;0
74705;36259078192413920250401;2025-04-01;362;3014493535;0
93292;36259078192416920250101;2025-01-01;362;3014493535;0
87204;36259078192417020250201;2025-02-01;362;3014493535;0
49607;36259078192419620250801;2025-08-01;362;3014493535;0
101404;36259078192419920241201;2024-12-01;362;3014493535;0
68468;36259078192420620250501;2025-05-01;362;3014493535;0
37279;36259078192427520251001;2025-10-01;362;3014493535;0
62157;36259078192428320250601;2025-06-01;362;3014493535;0
80943;36259078192655220250301;2025-03-01;362;3014493535;0
43564;3625907876693720250901;2025-09-01;362;3014493535;0
43566;3625907976693920250901;2025-09-01;362;3014415999;0
43567;3625908076694020250901;2025-09-01;362;3010922186;0
43568;3625908176694120250901;2025-09-01;362;3013980700;0
43569;3625908276694220250901;2025-09-01;362;3009004484;0
37083;3625908376694420251001;2025-10-01;362;11234342;0
30530;3625908379688520251101;2025-11-01;362;11234342;0
17683;3625908384844220260101;2026-01-01;362;11234342;0
37084;3625908476694520251001;2025-10-01;362;01319744;0
18492;36259085193426820260101;2026-01-01;362;3644189;0
43570;3625908576694620250901;2025-09-01;362;3644189;0
101402;3625908581624820241201;2024-12-01;362;3644189;0
5506;36259086191329520260301;2026-03-01;362;58994459;0
1248;36259086193895020260401;2026-04-01;362;58994459;1
37088;3625908676695020251001;2025-10-01;362;58994459;0
30505;3625908679027020251101;2025-11-01;362;58994459;0
24272;3625908682869220251201;2025-12-01;362;58994459;0
17742;3625908685717520260101;2026-01-01;362;58994459;0
11511;3625908689455620260201;2026-02-01;362;58994459;0
68440;3625910476697420250501;2025-05-01;362;4460002;0
137764;3625910476697520240701;2024-07-01;362;4460002;0
49549;3625910476697620250801;2025-08-01;362;4460002;0
9599;36259535194027320260301;2026-03-01;362;541228705929;0
37106;3625953577418720251001;2025-10-01;362;541228705929;0
37107;3625955577423420251001;2025-10-01;362;8218402;0
37108;3625975977508720251001;2025-10-01;362;80178243;0
30555;3625975980140320251101;2025-11-01;362;80178243;0
17836;3625975987646720260101;2026-01-01;362;80178243;0
11569;3625975990820620260201;2026-02-01;362;80178243;0
37111;3625977977517020251001;2025-10-01;362;8218406;0
37112;3625978577517720251001;2025-10-01;362;8218409;0
37113;3625978877518220251001;2025-10-01;362;8218394;0
37114;3625978977518320251001;2025-10-01;362;8218408;0
37115;3625979177518520251001;2025-10-01;362;8218395;0
37116;3625979277518620251001;2025-10-01;362;8218411;0
37117;3625979377518720251001;2025-10-01;362;8218398;0
37119;3625979477518920251001;2025-10-01;362;8218407;0
43578;3625979477666220250901;2025-09-01;362;8218407;0
37121;3625979577519220251001;2025-10-01;362;8218412;0
37122;3625979677519320251001;2025-10-01;362;8218393;0
37123;3625979777519420251001;2025-10-01;362;8218399;0
37124;3625979877519520251001;2025-10-01;362;8218410;0
37125;3625979977519620251001;2025-10-01;362;8218405;0
37126;3625980077519720251001;2025-10-01;362;8218404;0
37127;3625980177519820251001;2025-10-01;362;8218400;0
37128;3625980277519920251001;2025-10-01;362;8218403;0
37130;3625997977560020251001;2025-10-01;362;9302820;0
24329;3625997987816620251201;2025-12-01;362;9302820;0
37131;3625998377560720251001;2025-10-01;362;9302822;0
37132;3625998477560820251001;2025-10-01;362;9302834;0
24330;3625998487818420251201;2025-12-01;362;9302834;0
37133;3625998577560920251001;2025-10-01;362;9302818;0
37134;3625999077561720251001;2025-10-01;362;9302814;0
37135;3626014477624320251001;2025-10-01;362;9316570;0
37140;3626028977664220251001;2025-10-01;362;9302821;0
24326;3626028987813520251201;2025-12-01;362;9302821;0
37141;3626029877665220251001;2025-10-01;362;8218401;0
37142;3626030077665420251001;2025-10-01;362;9302817;0
37143;3626030177665520251001;2025-10-01;362;9316571;0
37144;3626030277665620251001;2025-10-01;362;9587958;0
17956;3626030290992820260101;2026-01-01;362;9587958;0
43577;3626030377665720250901;2025-09-01;362;10024608;0
17960;3626030390993320260101;2026-01-01;362;10024608;0
37145;3626030477665820251001;2025-10-01;362;9587942;0
17952;3626030490992320260101;2026-01-01;362;9587942;0
37146;3626030577665920251001;2025-10-01;362;9302816;0
24327;3626030587814820251201;2025-12-01;362;9302816;0
37147;3626030777666120251001;2025-10-01;362;9302833;0
24328;3626030787816120251201;2025-12-01;362;9302833;0
37148;3626030877666320251001;2025-10-01;362;9587899;0
37149;3626030977666420251001;2025-10-01;362;9587882;0
17950;3626030990992120260101;2026-01-01;362;9587882;0
37150;3626031077666520251001;2025-10-01;362;10247730;0
17669;3626031084618220260101;2026-01-01;362;10247730;0
37151;3626038477675420251001;2025-10-01;362;9587922;0
17959;3626038490993120260101;2026-01-01;362;9587922;0
37153;3626046577699920251001;2025-10-01;362;201874440;0
55541;3626046577741320250701;2025-07-01;362;201874440;0
43581;3626046577742920250901;2025-09-01;362;201874440;0
30559;3626046580231420251101;2025-11-01;362;201874440;0
17835;3626046587645320260101;2026-01-01;362;201874440;0
11574;3626046590862720260201;2026-02-01;362;201874440;0
37154;3626046677700020251001;2025-10-01;362;201874432;0
55543;3626046677753320250701;2025-07-01;362;201874432;0
30565;3626046680232020251101;2025-11-01;362;201874432;0
17838;3626046687648020260101;2026-01-01;362;201874432;0
37155;3626046777700120251001;2025-10-01;362;201874445;0
55540;3626046777741220250701;2025-07-01;362;201874445;0
30567;3626046780232220251101;2025-11-01;362;201874445;0
17876;3626046789743120260101;2026-01-01;362;201874445;0
37156;3626047077700420251001;2025-10-01;362;201874437;0
30561;3626047080231620251101;2025-11-01;362;201874437;0
17875;3626047089743020260101;2026-01-01;362;201874437;0
37157;3626047177700520251001;2025-10-01;362;201874433;0
43583;3626047177755220250901;2025-09-01;362;201874433;0
30564;3626047180231920251101;2025-11-01;362;201874433;0
17837;3626047187647020260101;2026-01-01;362;201874433;0
37158;3626047277700620251001;2025-10-01;362;201874439;0
55542;3626047277741420250701;2025-07-01;362;201874439;0
43584;3626047277755320250901;2025-09-01;362;201874439;0
30560;3626047280231520251101;2025-11-01;362;201874439;0
17834;3626047287643320260101;2026-01-01;362;201874439;0
37159;3626047377700720251001;2025-10-01;362;201874435;0
55539;3626047377741120250701;2025-07-01;362;201874435;0
43580;3626047377742820250901;2025-09-01;362;201874435;0
30563;3626047380231820251101;2025-11-01;362;201874435;0
17879;3626047390304220260101;2026-01-01;362;201874435;0
11572;3626047390860320260201;2026-02-01;362;201874435;0
37160;3626047477700820251001;2025-10-01;362;201874436;0
43582;3626047477743020250901;2025-09-01;362;201874436;0
30562;3626047480231720251101;2025-11-01;362;201874436;0
17846;3626047487972820260101;2026-01-01;362;201874436;0
11664;3626047493329220260201;2026-02-01;362;201874436;0
37161;3626050077703420251001;2025-10-01;362;7652779;0
17948;3626050090991820260101;2026-01-01;362;7652779;0
37162;3626068077732820251001;2025-10-01;362;2670178;0
30569;3626068080232420251101;2025-11-01;362;2670178;0
37166;3626131077897320251001;2025-10-01;362;1186380201854;0
109123;36262320241101;2024-11-01;362;2024613436;0
37173;3626269378198820251001;2025-10-01;362;12193666;0
30639;3626269380575220251101;2025-11-01;362;12193666;0
17873;3626269388595720260101;2026-01-01;362;12193666;0
101164;36262920241201;2024-12-01;362;2024613436;0
87102;36263871774820250201;2025-02-01;362;10487578;0
80773;3626387310220250301;2025-03-01;362;10487578;0
93219;362638791320250101;2025-01-01;362;10487578;0
109149;3626387955620241101;2024-11-01;362;10487578;0
30779;36264188192365120251101;2025-11-01;362;20224590;0
24365;36264188192369820251201;2025-12-01;362;20224590;0
43589;3626418878519220250901;2025-09-01;362;20224590;0
37182;3626418878519320251001;2025-10-01;362;20224590;0
55552;3626418878935120250701;2025-07-01;362;20224590;0
55576;36264190191915520250701;2025-07-01;362;2293932;0
37183;3626419078520020251001;2025-10-01;362;2293932;0
11617;3626419090980420260201;2026-02-01;362;2293932;0
68441;3626419878527820250501;2025-05-01;362;2021483;0
37191;3626425078539120251001;2025-10-01;362;75039;0
22409;36264252194026320260101;2026-01-01;362;1111021;0
43600;3626425278539320250901;2025-09-01;362;1111021;0
43601;3626425978540020250901;2025-09-01;362;W9007694030;0
30759;36264261190468020251101;2025-11-01;362;22400479;0
24351;36264261191753620251201;2025-12-01;362;22400479;0
55544;3626426178540220250701;2025-07-01;362;22400479;0
37192;3626428378543620251001;2025-10-01;362;4146336;0
49551;3626458778628220250801;2025-08-01;362;509574;0
49552;3626458878628320250801;2025-08-01;362;4001026337;0
49553;3626458978628420250801;2025-08-01;362;4000682263;0
68442;3626459078628520250501;2025-05-01;362;4002187896;0
49554;3626459178628620250801;2025-08-01;362;4065140;0
55546;3626459278628720250701;2025-07-01;362;4000428725;0
74693;36264593191764620250401;2025-04-01;362;4002402556;0
80933;36264593191764720250301;2025-03-01;362;4002402556;0
62116;3626459378628820250601;2025-06-01;362;4002402556;0
62117;3626459478628920250601;2025-06-01;362;4000843203;0
49555;3626459578629020250801;2025-08-01;362;15280985;0
62118;3626459678629120250601;2025-06-01;362;16570650;0
49556;3626459778629220250801;2025-08-01;362;25966065;0
62119;3626459878629320250601;2025-06-01;362;18511570;0
49558;3626459978629520250801;2025-08-01;362;4063244;0
49560;3626460078629820250801;2025-08-01;362;141046;0
49561;3626460178630020250801;2025-08-01;362;16267117;0
62122;3626460278630120250601;2025-06-01;362;4003239774;0
43608;3626531978922520250901;2025-09-01;362;2798357;0
24311;3626531985384820251201;2025-12-01;362;2798357;0
17926;3626531990913920260101;2026-01-01;362;2798357;0
43609;3626532078922620250901;2025-09-01;362;2006226;0
24306;3626532085372420251201;2025-12-01;362;2006226;0
17923;3626532090913620260101;2026-01-01;362;2006226;0
43610;3626532178922720250901;2025-09-01;362;2857436;0
24304;3626532185372020251201;2025-12-01;362;2857436;0
17921;3626532190913320260101;2026-01-01;362;2857436;0
43613;3626532278923020250901;2025-09-01;362;2795481;0
68443;3626532278923620250501;2025-05-01;362;2795481;0
24332;3626532290553020251201;2025-12-01;362;2795481;0
17914;3626532290885020260101;2026-01-01;362;2795481;0
43612;3626532378922920250901;2025-09-01;362;2923553;0
24319;3626532386568520251201;2025-12-01;362;2923553;0
17880;3626532390312020260101;2026-01-01;362;2923553;0
43614;3626532478923120250901;2025-09-01;362;9052860;0
24320;3626532486568820251201;2025-12-01;362;9052860;0
17887;3626532490356520260101;2026-01-01;362;9052860;0
179101;3626532578923320240201;2024-02-01;362;2896996;0
74681;3626532678923520250401;2025-04-01;362;6932556;0
24310;3626532685373920251201;2025-12-01;362;6932556;0
17885;3626532690355720260101;2026-01-01;362;6932556;0
74682;3626532778923720250401;2025-04-01;362;5671559;0
24302;3626532785371720251201;2025-12-01;362;5671559;0
17881;3626532790312720260101;2026-01-01;362;5671559;0
68444;3626532878923920250501;2025-05-01;362;2923316;0
24318;3626532886568120251201;2025-12-01;362;2923316;0
17922;3626532890913520260101;2026-01-01;362;2923316;0
68445;3626532978924020250501;2025-05-01;362;513775;0
24299;3626532985371020251201;2025-12-01;362;513775;0
17884;3626532990354620260101;2026-01-01;362;513775;0
37218;3626533078924420251001;2025-10-01;362;1672400491;0
17912;3626533090652320260101;2026-01-01;362;1672400491;0
43620;3626533178924520250901;2025-09-01;362;168707800403;0
17900;3626533190551820260101;2026-01-01;362;168707800403;0
43622;3626533278924720250901;2025-09-01;362;149598500400;0
43623;3626533378924820250901;2025-09-01;362;168707900401;0
17905;3626533390552520260101;2026-01-01;362;168707900401;0
43624;3626533478924920250901;2025-09-01;362;168707700418;0
17904;3626533490552420260101;2026-01-01;362;168707700418;0
43626;3626533578925120250901;2025-09-01;362;000149598300429;0
37220;3626533678925320251001;2025-10-01;362;12765200440;0
17909;3626533690553220260101;2026-01-01;362;12765200440;0
11578;3626533690913120260201;2026-02-01;362;12765200440;0
37219;3626533778925220251001;2025-10-01;362;263013300414;0
17913;3626533790680520260101;2026-01-01;362;263013300414;0
37221;3626533878925420251001;2025-10-01;362;263724500400;0
43627;3626533978925520250901;2025-09-01;362;168708200442;0
17892;3626533990550320260101;2026-01-01;362;168708200442;0
55547;3626534078925620250701;2025-07-01;362;4003372264;0
49562;3626534178925720250801;2025-08-01;362;4001308622;0
55563;3626534178992720250701;2025-07-01;362;4001308622;0
43628;3626534378926520250901;2025-09-01;362;2749224;0
49563;3626534478926720250801;2025-08-01;362;7088474362;0
49564;3626534578926820250801;2025-08-01;362;7088989672;0
49565;3626534678926920250801;2025-08-01;362;5327901;0
62123;3626534878928020250601;2025-06-01;362;18236561;0
55548;3626534978928120250701;2025-07-01;362;15868397;0
49585;36265350191763320250801;2025-08-01;362;4002244188;0
74691;36265350191763420250401;2025-04-01;362;4002244188;0
80932;36265350191764120250301;2025-03-01;362;4002244188;0
55549;3626535078928220250701;2025-07-01;362;4002244188;0
43642;36265355191742720250901;2025-09-01;362;11260105;0
37263;36265355191750120251001;2025-10-01;362;11260105;0
93281;36265355191750620250101;2025-01-01;362;11260105;0
30766;36265355191760220251101;2025-11-01;362;11260105;0
49584;36265355191760420250801;2025-08-01;362;11260105;0
68911;36265355193427320250501;2025-05-01;362;11260105;0
81385;36265355193428120250301;2025-03-01;362;11260105;0
62600;36265355193429220250601;2025-06-01;362;11260105;0
75149;36265355193429720250401;2025-04-01;362;11260105;0
87648;36265355193430420250201;2025-02-01;362;11260105;0
28728;36265355194083020251201;2025-12-01;362;11260105;0
55550;3626535578934920250701;2025-07-01;362;11260105;0
37262;36265356191746520251001;2025-10-01;362;11395280;0
93282;36265356191755520250101;2025-01-01;362;11395280;0
62135;36265356191758520250601;2025-06-01;362;11395280;0
30765;36265356191760120251101;2025-11-01;362;11395280;0
43644;36265356191760520250901;2025-09-01;362;11395280;0
24370;36265356192372120251201;2025-12-01;362;11395280;0
18040;36265356192372520260101;2026-01-01;362;11395280;0
87647;36265356193426920250201;2025-02-01;362;11395280;0
81386;36265356193430320250301;2025-03-01;362;11395280;0
49566;3626535678935420250801;2025-08-01;362;11395280;0
49567;3626547178990120250801;2025-08-01;362;3684679;0
49568;3626547278990220250801;2025-08-01;362;2211360;0
49569;3626547378990320250801;2025-08-01;362;17357314;0
55568;36265474191763220250701;2025-07-01;362;4002379014;0
80930;36265474191763520250301;2025-03-01;362;4002379014;0
43646;36265474191764420250901;2025-09-01;362;4002379014;0
68454;36265474191764820250501;2025-05-01;362;4002379014;0
93285;36265474191764920250101;2025-01-01;362;4002379014;0
49570;3626547478990420250801;2025-08-01;362;4002379014;0
62124;3626547578990520250601;2025-06-01;362;4072790;0
62125;3626547678990620250601;2025-06-01;362;18511406;0
62126;3626547778990720250601;2025-06-01;362;35235713;0
55572;36265478191767920250701;2025-07-01;362;37757970;0
68457;36265478191768020250501;2025-05-01;362;37757970;0
43648;36265478191768320250901;2025-09-01;362;37757970;0
74697;36265478191768520250401;2025-04-01;362;37757970;0
80935;36265478191768620250301;2025-03-01;362;37757970;0
87198;36265478191769720250201;2025-02-01;362;37757970;0
93288;36265478191769820250101;2025-01-01;362;37757970;0
62127;3626547878990820250601;2025-06-01;362;37757970;0
62128;3626547978990920250601;2025-06-01;362;3253279;0
62129;3626548078991020250601;2025-06-01;362;4001424064;0
93284;36265481191763120250101;2025-01-01;362;4002260050;0
80931;36265481191763620250301;2025-03-01;362;4002260050;0
68453;36265481191763720250501;2025-05-01;362;4002260050;0
87194;36265481191763820250201;2025-02-01;362;4002260050;0
55569;36265481191763920250701;2025-07-01;362;4002260050;0
74692;36265481191764020250401;2025-04-01;362;4002260050;0
49586;36265481191764220250801;2025-08-01;362;4002260050;0
43645;36265481191764320250901;2025-09-01;362;4002260050;0
62130;3626548178991120250601;2025-06-01;362;4002260050;0
43631;3626548278991220250901;2025-09-01;362;4000446657;0
43632;3626548378991320250901;2025-09-01;362;15949702;0
87197;36265484191767620250201;2025-02-01;362;40263690;0
68456;36265484191767720250501;2025-05-01;362;40263690;0
62138;36265484191767820250601;2025-06-01;362;40263690;0
80934;36265484191768120250301;2025-03-01;362;40263690;0
55573;36265484191768220250701;2025-07-01;362;40263690;0
74696;36265484191768420250401;2025-04-01;362;40263690;0
43633;3626548478991420250901;2025-09-01;362;40263690;0
43634;3626548578991520250901;2025-09-01;362;15889319;0
43635;3626548678991620250901;2025-09-01;362;14559013;0
55553;3626548778991720250701;2025-07-01;362;15964078;0
55554;3626548878991820250701;2025-07-01;362;602981;0
55555;3626548978991920250701;2025-07-01;362;15868508;0
55556;3626549078992020250701;2025-07-01;362;4001371844;0
55557;3626549178992120250701;2025-07-01;362;17399823;0
55558;3626549278992220250701;2025-07-01;362;18047700;0
74698;36265493191768720250401;2025-04-01;362;37018566;0
68458;36265493191768820250501;2025-05-01;362;37018566;0
80936;36265493191768920250301;2025-03-01;362;37018566;0
49588;36265493191769020250801;2025-08-01;362;37018566;0
62139;36265493191769120250601;2025-06-01;362;37018566;0
93289;36265493191770020250101;2025-01-01;362;37018566;0
43650;36265493191770120250901;2025-09-01;362;37018566;0
87199;36265493191770520250201;2025-02-01;362;37018566;0
55559;3626549378992320250701;2025-07-01;362;37018566;0
55560;3626549478992420250701;2025-07-01;362;15988503;0
55561;3626549578992520250701;2025-07-01;362;16045858;0
55562;3626549678992620250701;2025-07-01;362;4000491588;0
55564;3626549778992820250701;2025-07-01;362;17157099;0
55565;3626549878992920250701;2025-07-01;362;15121640;0
55566;3626549978993020250701;2025-07-01;362;14666553;0
117104;3626620241001;2024-10-01;362;2024613436;0
9595;36266411194026520260301;2026-03-01;362;481789305946;0
49572;3626641179150920250801;2025-08-01;362;481789305946;0
37229;3626641279152020251001;2025-10-01;362;3142861;0
24171;3626641282095220251201;2025-12-01;362;3142861;0
17944;3626641290988620260101;2026-01-01;362;3142861;0
11621;3626641291100820260201;2026-02-01;362;3142861;0
49574;3626681379277020250801;2025-08-01;362;48670251;0
5512;36266814191740620260301;2026-03-01;362;80835643;0
49575;3626681479277120250801;2025-08-01;362;80835643;0
24233;3626681482367020251201;2025-12-01;362;80835643;0
17723;3626681485369720260101;2026-01-01;362;80835643;0
11497;3626681489320320260201;2026-02-01;362;80835643;0
30513;3626709679351220251101;2025-11-01;362;41586565;0
30517;3626757879431120251101;2025-11-01;362;17936000420;0
24262;3626757882863120251201;2025-12-01;362;17936000420;0
30518;3626763779444420251101;2025-11-01;362;43035949;0
17817;3626763787448720260101;2026-01-01;362;43035949;0
11565;3626763790777320260201;2026-02-01;362;43035949;0
93220;36267651109720250101;2025-01-01;362;12324944;0
80778;36267651110220250301;2025-03-01;362;12324944;0
61962;362676544475820250601;2025-06-01;362;12324944;0
68401;362676556122420250501;2025-05-01;362;12324944;0
55431;362676570267520250701;2025-07-01;362;12324944;0
49439;362676573930420250801;2025-08-01;362;12324944;0
43494;362676575012120250901;2025-09-01;362;12324944;0
37091;362676576708120251001;2025-10-01;362;12324944;0
11539;362676589875120260201;2026-02-01;362;12324944;0
87055;36267661109820250201;2025-02-01;362;48759483;0
80776;36267661109920250301;2025-03-01;362;48759483;0
74546;36267661530520250401;2025-04-01;362;48759483;0
68321;36267661709620250501;2025-05-01;362;48759483;0
5500;3626766190878420260301;2026-03-01;362;48759483;0
3763;3626766193999920260401;2026-04-01;362;48759483;0
61999;362676649847620250601;2025-06-01;362;48759483;0
55428;362676670069220250701;2025-07-01;362;48759483;0
49431;362676673833620250801;2025-08-01;362;48759483;0
43497;362676675017620250901;2025-09-01;362;48759483;0
37085;362676676694720251001;2025-10-01;362;48759483;0
30514;362676679427320251101;2025-11-01;362;48759483;0
24275;362676682870920251201;2025-12-01;362;48759483;0
17823;362676687455620260101;2026-01-01;362;48759483;0
11520;362676689741720260201;2026-02-01;362;48759483;0
93221;36267671110020250101;2025-01-01;362;55984077;0
87056;36267671110320250201;2025-02-01;362;55984077;0
61961;362676744475720250601;2025-06-01;362;55984077;0
68400;362676756122320250501;2025-05-01;362;55984077;0
55430;362676770254820250701;2025-07-01;362;55984077;0
49427;362676773819520250801;2025-08-01;362;55984077;0
43489;362676774902220250901;2025-09-01;362;55984077;0
37033;362676776446420251001;2025-10-01;362;55984077;0
17725;362676785457520260101;2026-01-01;362;55984077;0
11577;362676790912820260201;2026-02-01;362;55984077;0
80777;36267681110120250301;2025-03-01;362;48954227;0
74547;36267681530620250401;2025-04-01;362;48954227;0
68319;36267681709420250501;2025-05-01;362;48954227;0
3765;3626768194024320260401;2026-04-01;362;48954227;0
55429;362676870254620250701;2025-07-01;362;48954227;0
49430;362676873831820250801;2025-08-01;362;48954227;0
43498;362676875028620250901;2025-09-01;362;48954227;0
37032;362676876446320251001;2025-10-01;362;48954227;0
24274;362676882869920251201;2025-12-01;362;48954227;0
17822;362676887455520260101;2026-01-01;362;48954227;0
11545;362676890042720260201;2026-02-01;362;48954227;0
87057;36267691110420250201;2025-02-01;362;701985701857;0
80782;36267691111020250301;2025-03-01;362;701985701857;0
124987;36267691391520240901;2024-09-01;362;701985701857;0
117137;36267691391620241001;2024-10-01;362;701985701857;0
131332;36267691391720240801;2024-08-01;362;701985701857;0
137599;36267691391820240701;2024-07-01;362;701985701857;0
144217;36267691391920240601;2024-06-01;362;701985701857;0
151603;36267691392020240501;2024-05-01;362;701985701857;0
160687;36267691392120240401;2024-04-01;362;701985701857;0
169755;36267691392220240301;2024-03-01;362;701985701857;0
178883;36267691392320240201;2024-02-01;362;701985701857;0
74596;36267691901320250401;2025-04-01;362;701985701857;0
24350;3626769191741220251201;2025-12-01;362;701985701857;0
18029;3626769191741420260101;2026-01-01;362;701985701857;0
62054;362676955953420250601;2025-06-01;362;701985701857;0
49495;362676974325720250801;2025-08-01;362;701985701857;0
55525;362676974350820250701;2025-07-01;362;701985701857;0
43532;362676976158220250901;2025-09-01;362;701985701857;0
30689;362676981395820251101;2025-11-01;362;701985701857;0
68364;36267698630120250501;2025-05-01;362;701985701857;0
11676;362676993617420260201;2026-02-01;362;701985701857;0
101192;36267711110620241201;2024-12-01;362;6732313;0
62111;362677174691320250601;2025-06-01;362;6732313;0
80779;36267721110720250301;2025-03-01;362;599802514;0
80780;36267731110820250301;2025-03-01;362;96238126;0
93236;36267731687620250101;2025-01-01;362;96238126;0
62076;362677356153120250601;2025-06-01;362;96238126;0
43530;362677375964220250901;2025-09-01;362;96238126;0
37026;362677376100620251001;2025-10-01;362;96238126;0
80781;36267741110920250301;2025-03-01;362;3029947090;0
87064;36267861410520250201;2025-02-01;362;1246835;0
125000;36267861413720240901;2024-09-01;362;1246835;0
131344;36267861416120240801;2024-08-01;362;1246835;0
137615;36267861419220240701;2024-07-01;362;1246835;0
144229;36267861421420240601;2024-06-01;362;1246835;0
151615;36267861424220240501;2024-05-01;362;1246835;0
160697;36267861425920240401;2024-04-01;362;1246835;0
169765;36267861428120240301;2024-03-01;362;1246835;0
178895;36267861430320240201;2024-02-01;362;1246835;0
188043;36267861431820240101;2024-01-01;362;1246835;0
68380;362678655666520250501;2025-05-01;362;1246835;0
74659;362678655670620250401;2025-04-01;362;1246835;0
80915;362678655670820250301;2025-03-01;362;1246835;0
24340;362678690989020251201;2025-12-01;362;1246835;0
178868;36267881362220240201;2024-02-01;362;1483421;0
169742;36267881362320240301;2024-03-01;362;1483421;0
80812;36267881409220250301;2025-03-01;362;1483421;0
101194;36267881411120241201;2024-12-01;362;1483421;0
124998;36267881413520240901;2024-09-01;362;1483421;0
131353;36267881417320240801;2024-08-01;362;1483421;0
137620;36267881419820240701;2024-07-01;362;1483421;0
144228;36267881421320240601;2024-06-01;362;1483421;0
151613;36267881423920240501;2024-05-01;362;1483421;0
160699;36267881426320240401;2024-04-01;362;1483421;0
188044;36267881432020240101;2024-01-01;362;1483421;0
68385;362678855667620250501;2025-05-01;362;1483421;0
43574;362678876740620250901;2025-09-01;362;1483421;0
74686;362678888601120250401;2025-04-01;362;1483421;0
80802;36267891357620250301;2025-03-01;362;1669805;0
87067;36267891410820250201;2025-02-01;362;1669805;0
101196;36267891411320241201;2024-12-01;362;1669805;0
124999;36267891413620240901;2024-09-01;362;1669805;0
131343;36267891416020240801;2024-08-01;362;1669805;0
137616;36267891419320240701;2024-07-01;362;1669805;0
144235;36267891422220240601;2024-06-01;362;1669805;0
151618;36267891424520240501;2024-05-01;362;1669805;0
160700;36267891426520240401;2024-04-01;362;1669805;0
169767;36267891428520240301;2024-03-01;362;1669805;0
178901;36267891430920240201;2024-02-01;362;1669805;0
188052;36267891433020240101;2024-01-01;362;1669805;0
74653;362678955668920250401;2025-04-01;362;1669805;0
68398;362678955671920250501;2025-05-01;362;1669805;0
55464;362678971396220250701;2025-07-01;362;1669805;0
62093;362678971397420250601;2025-06-01;362;1669805;0
24338;362678990988820251201;2025-12-01;362;1669805;0
30545;362679704620251101;2025-11-01;362;2024613436;0
30522;3626811679581720251101;2025-11-01;362;31174221;0
17863;3626811688550720260101;2026-01-01;362;31174221;0
11566;3626811690778120260201;2026-02-01;362;31174221;0
17668;362684548220260101;2026-01-01;362;2024613436;0
5480;36268488190089220260301;2026-03-01;362;11245859;0
30532;3626848879688720251101;2025-11-01;362;11245859;0
11484;3626848889010020260201;2026-02-01;362;11245859;0
5518;36268569191761020260301;2026-03-01;362;81594216;0
30541;3626856979703820251101;2025-11-01;362;81594216;0
17828;3626856987574420260101;2026-01-01;362;81594216;0
11465;362688847320260201;2026-02-01;362;2024613436;0
30551;3626919279979420251101;2025-11-01;362;67839789;0
5476;362694561220260301;2026-03-01;362;2024613436;0
30556;3627056580225020251101;2025-11-01;362;502665101858;0
30557;3627057580226220251101;2025-11-01;362;3001234717;0
30558;3627058180226920251101;2025-11-01;362;347153601837;0
30576;3627060880233320251101;2025-11-01;362;43096239;0
30577;3627060980233520251101;2025-11-01;362;30607108;0
30599;3627085780352620251101;2025-11-01;362;13366725;0
30600;3627085880352720251101;2025-11-01;362;13366713;0
30605;3627085980353220251101;2025-11-01;362;130036;0
17813;3627085986856820260101;2026-01-01;362;130036;0
11602;3627085990973520260201;2026-02-01;362;130036;0
43640;3627085990985520250901;2025-09-01;362;130036;0
30613;3627086080354020251101;2025-11-01;362;15335720;0
17910;3627086090556020260101;2026-01-01;362;15335720;0
11611;3627086090976320260201;2026-02-01;362;15335720;0
30620;3627086180354720251101;2025-11-01;362;15422771;0
17937;3627086190936720260101;2026-01-01;362;15422771;0
37233;3627086280355120251001;2025-10-01;362;2926132;0
30623;3627086280355220251101;2025-11-01;362;2926132;0
11466;3627086288847820260201;2026-02-01;362;2926132;0
17949;3627086290992020260101;2026-01-01;362;2926132;0
43636;3627086380355720250901;2025-09-01;362;2923475;0
30626;3627086380355820251101;2025-11-01;362;2923475;0
11618;3627086390980620260201;2026-02-01;362;2923475;0
17964;3627086390993820260101;2026-01-01;362;2923475;0
30627;3627086480355920251101;2025-11-01;362;3142832;0
11622;3627086491102120260201;2026-02-01;362;3142832;0
37236;3627086580356220251001;2025-10-01;362;3095291094;0
30628;3627086580356320251101;2025-11-01;362;3095291094;0
37237;3627086680356420251001;2025-10-01;362;3095291093;0
30629;3627086680356520251101;2025-11-01;362;3095291093;0
37238;3627086780356620251001;2025-10-01;362;3095291091;0
30630;3627086780356720251101;2025-11-01;362;3095291091;0
37239;3627086880356820251001;2025-10-01;362;3095291090;0
30631;3627086880356920251101;2025-11-01;362;3095291090;0
37240;3627086980357020251001;2025-10-01;362;3095418666;0
30632;3627086980357120251101;2025-11-01;362;3095418666;0
37241;3627087080357220251001;2025-10-01;362;3095291085;0
30633;3627087080357320251101;2025-11-01;362;3095291085;0
37242;3627087180357420251001;2025-10-01;362;3090530244;0
30634;3627087180357520251101;2025-11-01;362;3090530244;0
80784;36271304620250301;2025-03-01;362;2089496540;0
30640;3627156080595320251101;2025-11-01;362;1041792201857;0
17874;3627156088595920260101;2026-01-01;362;1041792201857;0
109116;36271620241101;2024-11-01;362;2089496540;0
5498;3627190876320260301;2026-03-01;362;2089496540;0
30641;3627256780809620251101;2025-11-01;362;11230401;0
24269;3627256782868520251201;2025-12-01;362;11230401;0
30645;3627339681029620251101;2025-11-01;362;1041788801812;0
17985;3627339693318320260101;2026-01-01;362;1041788801812;0
11636;3627339693321320260201;2026-02-01;362;1041788801812;0
30646;3627339781029720251101;2025-11-01;362;1041788401850;0
17986;3627339793318420260101;2026-01-01;362;1041788401850;0
11633;3627339793320920260201;2026-02-01;362;1041788401850;0
30647;3627339881029820251101;2025-11-01;362;1041797501832;0
17984;3627339893318120260101;2026-01-01;362;1041797501832;0
11632;3627339893320620260201;2026-02-01;362;1041797501832;0
30648;3627339981029920251101;2025-11-01;362;1041796601846;0
11654;3627339993323120260201;2026-02-01;362;1041796601846;0
30649;3627340081030020251101;2025-11-01;362;1041786901844;0
17993;3627340093319320260101;2026-01-01;362;1041786901844;0
11635;3627340093321120260201;2026-02-01;362;1041786901844;0
30650;3627340181030120251101;2025-11-01;362;1051610501867;0
17995;3627340193319520260101;2026-01-01;362;1051610501867;0
11646;3627340193322320260201;2026-02-01;362;1051610501867;0
30651;3627340281030220251101;2025-11-01;362;1051610401871;0
17991;3627340293319120260101;2026-01-01;362;1051610401871;0
11647;3627340293322420260201;2026-02-01;362;1051610401871;0
30652;3627340381030320251101;2025-11-01;362;1041795001811;0
17988;3627340393318820260101;2026-01-01;362;1041795001811;0
11639;3627340393321620260201;2026-02-01;362;1041795001811;0
30653;3627340481030420251101;2025-11-01;362;1041794101825;0
17990;3627340493319020260101;2026-01-01;362;1041794101825;0
11637;3627340493321420260201;2026-02-01;362;1041794101825;0
30654;3627340581030520251101;2025-11-01;362;1051610301886;0
30655;3627340681030620251101;2025-11-01;362;1051610201890;0
30656;3627340781030820251101;2025-11-01;362;1041790401874;0
17997;3627340793319720260101;2026-01-01;362;1041790401874;0
11638;3627340793321520260201;2026-02-01;362;1041790401874;0
30657;3627340881030920251101;2025-11-01;362;1051609201859;0
18005;3627340893320820260101;2026-01-01;362;1051609201859;0
11651;3627340893322820260201;2026-02-01;362;1051609201859;0
30658;3627340981031220251101;2025-11-01;362;1041799801872;0
30659;3627341081031320251101;2025-11-01;362;1051609101863;0
18002;3627341093320420260101;2026-01-01;362;1051609101863;0
11653;3627341093323020260201;2026-02-01;362;1051609101863;0
30660;3627341281031520251101;2025-11-01;362;1041790101800;0
17998;3627341293319820260101;2026-01-01;362;1041790101800;0
11640;3627341293321720260201;2026-02-01;362;1041790101800;0
30661;3627341381031620251101;2025-11-01;362;1041797801809;0
17999;3627341393319920260101;2026-01-01;362;1041797801809;0
11641;3627341393321820260201;2026-02-01;362;1041797801809;0
30662;3627341481031920251101;2025-11-01;362;1051609701806;0
18001;3627341493320120260101;2026-01-01;362;1051609701806;0
11652;3627341493322920260201;2026-02-01;362;1051609701806;0
30663;3627341581032020251101;2025-11-01;362;1041789701809;0
18004;3627341593320720260101;2026-01-01;362;1041789701809;0
11644;3627341593322120260201;2026-02-01;362;1041789701809;0
30664;3627341681032220251101;2025-11-01;362;1041797701813;0
18006;3627341693321220260101;2026-01-01;362;1041797701813;0
11643;3627341693322020260201;2026-02-01;362;1041797701813;0
30665;3627341781032320251101;2025-11-01;362;1051609001878;0
17989;3627341793318920260101;2026-01-01;362;1051609001878;0
11645;3627341793322220260201;2026-02-01;362;1051609001878;0
30666;3627341881032520251101;2025-11-01;362;1051609301844;0
18003;3627341893320520260101;2026-01-01;362;1051609301844;0
11642;3627341893321920260201;2026-02-01;362;1051609301844;0
30667;3627341981033320251101;2025-11-01;362;1051608501843;0
17980;3627341993315220260101;2026-01-01;362;1051608501843;0
11631;3627341993316020260201;2026-02-01;362;1051608501843;0
30668;3627342081033420251101;2025-11-01;362;1051608401858;0
17981;3627342093315420260101;2026-01-01;362;1051608401858;0
11630;3627342093315820260201;2026-02-01;362;1051608401858;0
30675;3627363081094820251101;2025-11-01;362;129361400403;0
30679;3627363181095220251101;2025-11-01;362;2031768946;0
5526;36273632192482820260301;2026-03-01;362;87066874;0
30681;3627363281095420251101;2025-11-01;362;87066874;0
17870;3627363288588620260101;2026-01-01;362;87066874;0
11673;3627363293571720260201;2026-02-01;362;87066874;0
30682;3627363381095520251101;2025-11-01;362;1051609601810;0
24285;3627363384384720251201;2025-12-01;362;1051609601810;0
17992;3627363393319220260101;2026-01-01;362;1051609601810;0
11648;3627363393322520260201;2026-02-01;362;1051609601810;0
30683;3627363481095620251101;2025-11-01;362;1051609501825;0
24286;3627363484384820251201;2025-12-01;362;1051609501825;0
17996;3627363493319620260101;2026-01-01;362;1051609501825;0
11650;3627363493322720260201;2026-02-01;362;1051609501825;0
30685;3627363681096320251101;2025-11-01;362;1051609401830;0
17994;3627363693319420260101;2026-01-01;362;1051609401830;0
11649;3627363693322620260201;2026-02-01;362;1051609401830;0
30686;3627363881096720251101;2025-11-01;362;1041795301898;0
17987;3627363893318620260101;2026-01-01;362;1041795301898;0
11634;3627363893321020260201;2026-02-01;362;1041795301898;0
117102;3627420241001;2024-10-01;362;2089496540;0
24076;3627439381243620251201;2025-12-01;362;BTE0016346;0
17753;3627439386117020260101;2026-01-01;362;BTE0016346;0
24082;3627478481290220251201;2025-12-01;362;BTE0018805;0
17941;3627478490938320260101;2026-01-01;362;BTE0018805;0
11592;3627478490972520260201;2026-02-01;362;BTE0018805;0
24088;3627530981395220251201;2025-12-01;362;100155665096;0
1242;36275310193780520260401;2026-04-01;362;28664515;1
24090;3627531081395420251201;2025-12-01;362;28664515;0
17765;3627531086121920260101;2026-01-01;362;28664515;0
37247;3627600281588420251001;2025-10-01;362;1051610601852;0
30757;3627600282908120251101;2025-11-01;362;1051610601852;0
24098;3627643281692720251201;2025-12-01;362;100155665100;0
24161;3627792782016220251201;2025-12-01;362;100167487104;0
17701;3627792784909020260101;2026-01-01;362;100167487104;0
24279;362782978020251201;2025-12-01;362;2089496540;0
17737;362785637920260101;2026-01-01;362;2089496540;0
11541;362789882220260201;2026-02-01;362;2089496540;0
1246;36279354193781120260401;2026-04-01;362;55409792;1
24179;3627935482356320251201;2025-12-01;362;55409792;0
17717;3627935485326120260101;2026-01-01;362;55409792;0
11570;3627935490820820260201;2026-02-01;362;55409792;0
11695;36279365190596920260201;2026-02-01;362;7007485;0
18417;36279365193109620260101;2026-01-01;362;7007485;0
24195;3627936582359720251201;2025-12-01;362;7007485;0
5459;3627936594065520260301;2026-03-01;362;7007485;0
11694;36279368190591220260201;2026-02-01;362;98620096;0
24197;3627936882360120251201;2025-12-01;362;98620096;0
17690;3627936884861020260101;2026-01-01;362;98620096;0
5451;3627936893657120260301;2026-03-01;362;98620096;0
5489;36279371190232520260301;2026-03-01;362;49149687;0
24199;3627937182360520251201;2025-12-01;362;49149687;0
17724;3627937185370320260101;2026-01-01;362;49149687;0
11499;3627937189320820260201;2026-02-01;362;49149687;0
5484;36279373190232020260301;2026-03-01;362;45877637;0
18416;36279373193100920260101;2026-01-01;362;45877637;0
24200;3627937382360720251201;2025-12-01;362;45877637;0
11491;3627937389018620260201;2026-02-01;362;45877637;0
11678;36279374190584320260201;2026-02-01;362;102890781;0
24201;3627937482360820251201;2025-12-01;362;102890781;0
17692;3627937484861520260101;2026-01-01;362;102890781;0
5487;36279375190232320260301;2026-03-01;362;84020407;0
18020;36279375190583420260101;2026-01-01;362;84020407;0
24204;3627937582361120251201;2025-12-01;362;84020407;0
11489;3627937589011520260201;2026-02-01;362;84020407;0
18017;36279378190582520260101;2026-01-01;362;75651424;0
24207;3627937882361620251201;2025-12-01;362;75651424;0
11479;3627937889009420260201;2026-02-01;362;75651424;0
5472;3627937894071920260301;2026-03-01;362;75651424;0
5490;36279380190232920260301;2026-03-01;362;72405287;0
18415;36279380193100520260101;2026-01-01;362;72405287;0
24208;3627938082361820251201;2025-12-01;362;72405287;0
1150;36279381193101620260401;2026-04-01;362;64146383;0
24210;3627938182362020251201;2025-12-01;362;64146383;0
17686;3627938184860320260101;2026-01-01;362;64146383;0
5446;3627938193656120260301;2026-03-01;362;64146383;0
5488;36279384190232420260301;2026-03-01;362;59418796;0
18413;36279384193100220260101;2026-01-01;362;59418796;0
24214;3627938482362620251201;2025-12-01;362;59418796;0
11487;3627938489010720260201;2026-02-01;362;59418796;0
18018;36279389190582820260101;2026-01-01;362;40931471;0
11687;36279389190588420260201;2026-02-01;362;40931471;0
24217;3627938982363320251201;2025-12-01;362;40931471;0
49578;3627938984473020250801;2025-08-01;362;40931471;0
5465;3627938994070120260301;2026-03-01;362;40931471;0
1149;36279392193101120260401;2026-04-01;362;40931285;0
24220;3627939282363820251201;2025-12-01;362;40931285;0
17688;3627939284860520260101;2026-01-01;362;40931285;0
11475;3627939288990920260201;2026-02-01;362;40931285;0
5457;3627939293897520260301;2026-03-01;362;40931285;0
18009;36279393190581320260101;2026-01-01;362;40931102;0
24221;3627939382363920251201;2025-12-01;362;40931102;0
11481;3627939389009720260201;2026-02-01;362;40931102;0
5469;3627939394071420260301;2026-03-01;362;40931102;0
11683;36279396190587920260201;2026-02-01;362;40930998;0
18412;36279396193100120260101;2026-01-01;362;40930998;0
24222;3627939682364220251201;2025-12-01;362;40930998;0
5470;3627939694071720260301;2026-03-01;362;40930998;0
18411;36279399193099920260101;2026-01-01;362;39112993;0
24224;3627939982364620251201;2025-12-01;362;39112993;0
11478;3627939989008320260201;2026-02-01;362;39112993;0
5474;3627939994072420260301;2026-03-01;362;39112993;0
11677;36279400190583620260201;2026-02-01;362;35504706;0
24225;3627940082364720251201;2025-12-01;362;35504706;0
17698;3627940084862920260101;2026-01-01;362;35504706;0
5455;3627940093657520260301;2026-03-01;362;35504706;0
11681;36279403190587720260201;2026-02-01;362;32309660;0
24226;3627940382365020251201;2025-12-01;362;32309660;0
17697;3627940384862720260101;2026-01-01;362;32309660;0
5443;3627940393655620260301;2026-03-01;362;32309660;0
18019;36279405190583020260101;2026-01-01;362;1515349;0
11685;36279405190588220260201;2026-02-01;362;1515349;0
24228;3627940582365320251201;2025-12-01;362;1515349;0
24231;3627940982365920251201;2025-12-01;362;1492675;0
17685;3627940984860220260101;2026-01-01;362;1492675;0
11473;3627940988902320260201;2026-02-01;362;1492675;0
5513;36279419191740920260301;2026-03-01;362;68966938;0
24234;3627941982367120251201;2025-12-01;362;68966938;0
17719;3627941985369320260101;2026-01-01;362;68966938;0
11498;3627941989320520260201;2026-02-01;362;68966938;0
37249;3627948482374320251001;2025-10-01;362;D5232537730;0
30738;3627948482377120251101;2025-11-01;362;D5232537730;0
24245;3627948482382920251201;2025-12-01;362;D5232537730;0
37250;3627948582374520251001;2025-10-01;362;W5042184475;0
30737;3627948582377020251101;2025-11-01;362;W5042184475;0
24244;3627948582382820251201;2025-12-01;362;W5042184475;0
37251;3627948682374620251001;2025-10-01;362;W5088282234;0
30731;3627948682376220251101;2025-11-01;362;W5088282234;0
24240;3627948682382320251201;2025-12-01;362;W5088282234;0
37252;3627948782374720251001;2025-10-01;362;N5239941922;0
30733;3627948782376520251101;2025-11-01;362;N5239941922;0
24241;3627948782382420251201;2025-12-01;362;N5239941922;0
37253;3627948982374920251001;2025-10-01;362;W5088282404;0
30735;3627948982376720251101;2025-11-01;362;W5088282404;0
24243;3627948982382720251201;2025-12-01;362;W5088282404;0
37254;3627949082375020251001;2025-10-01;362;W5088282587;0
30736;3627949082376820251101;2025-11-01;362;W5088282587;0
24237;3627949082382020251201;2025-12-01;362;W5088282587;0
37255;3627949182375120251001;2025-10-01;362;D5232538388;0
30730;3627949182376120251101;2025-11-01;362;D5232538388;0
24238;3627949182382120251201;2025-12-01;362;D5232538388;0
37256;3627949282375220251001;2025-10-01;362;N5239943119;0
30734;3627949282376620251101;2025-11-01;362;N5239943119;0
24242;3627949282382520251201;2025-12-01;362;N5239943119;0
37257;3627949482375420251001;2025-10-01;362;N5239943542;0
30732;3627949482376320251101;2025-11-01;362;N5239943542;0
24239;3627949482382220251201;2025-12-01;362;N5239943542;0
30739;3627950782377720251101;2025-11-01;362;5110257;0
37258;3627950782391120251001;2025-10-01;362;5110257;0
30740;3627951082378020251101;2025-11-01;362;9402321;0
74683;3627951082390620250401;2025-04-01;362;9402321;0
62131;3627951082390720250601;2025-06-01;362;9402321;0
80927;3627951082390820250301;2025-03-01;362;9402321;0
68446;3627951082390920250501;2025-05-01;362;9402321;0
49576;3627951082391020250801;2025-08-01;362;9402321;0
37259;3627951082391220251001;2025-10-01;362;9402321;0
131327;36280011380720240801;2024-08-01;362;543456805906;0
169753;36280011383320240301;2024-03-01;362;543456805906;0
188033;36280011383420240101;2024-01-01;362;543456805906;0
178879;36280011383520240201;2024-02-01;362;543456805906;0
160685;36280011383620240401;2024-04-01;362;543456805906;0
151601;36280011383720240501;2024-05-01;362;543456805906;0
137596;36280011383820240701;2024-07-01;362;543456805906;0
124985;36280011383920240901;2024-09-01;362;543456805906;0
144214;36280011384020240601;2024-06-01;362;543456805906;0
80810;36280011384420250301;2025-03-01;362;543456805906;0
11703;3628001192360820260201;2026-02-01;362;543456805906;0
24361;3628001192361320251201;2025-12-01;362;543456805906;0
30775;3628001192361520251101;2025-11-01;362;543456805906;0
18035;3628001192361920260101;2026-01-01;362;543456805906;0
37217;362800178697320251001;2025-10-01;362;543456805906;0
80806;36280021365720250301;2025-03-01;362;531947505907;0
169750;36280021380620240301;2024-03-01;362;531947505907;0
131328;36280021380820240801;2024-08-01;362;531947505907;0
178876;36280021380920240201;2024-02-01;362;531947505907;0
188030;36280021381020240101;2024-01-01;362;531947505907;0
160682;36280021381120240401;2024-04-01;362;531947505907;0
124982;36280021381320240901;2024-09-01;362;531947505907;0
151599;36280021382420240501;2024-05-01;362;531947505907;0
144213;36280021382920240601;2024-06-01;362;531947505907;0
137597;36280021384320240701;2024-07-01;362;531947505907;0
11704;3628002192362220260201;2026-02-01;362;531947505907;0
30776;3628002192362720251101;2025-11-01;362;531947505907;0
18036;3628002192362920260101;2026-01-01;362;531947505907;0
24362;3628002192363320251201;2025-12-01;362;531947505907;0
37216;362800278694620251001;2025-10-01;362;531947505907;0
74513;36280041306320250401;2025-04-01;362;3080577736;0
80788;36280041321620250301;2025-03-01;362;3080577736;0
43486;362800474784220250901;2025-09-01;362;3080577736;0
30635;362800480357620251101;2025-11-01;362;3080577736;0
80789;36280051321920250301;2025-03-01;362;3090926741;0
74548;36280051530720250401;2025-04-01;362;3090926741;0
49527;362800574784120250801;2025-08-01;362;3090926741;0
188014;36280061306420240101;2024-01-01;362;53427898;0
80794;36280061350520250301;2025-03-01;362;53427898;0
74552;36280061533020250401;2025-04-01;362;53427898;0
30762;3628006191741720251101;2025-11-01;362;53427898;0
55512;362800674212920250701;2025-07-01;362;53427898;0
62107;362800674351020250601;2025-06-01;362;53427898;0
37227;362800679026920251001;2025-10-01;362;53427898;0
101401;362800681294120241201;2024-12-01;362;53427898;0
68361;36280068629820250501;2025-05-01;362;53427898;0
24344;362800691277120251201;2025-12-01;362;53427898;0
11667;362800693514220260201;2026-02-01;362;53427898;0
18007;362800694674320260101;2026-01-01;362;53427898;0
80807;36280071365820250301;2025-03-01;362;1160005900;0
160684;36280071382120240401;2024-04-01;362;1160005900;0
188032;36280071382220240101;2024-01-01;362;1160005900;0
169752;36280071382320240301;2024-03-01;362;1160005900;0
137595;36280071382620240701;2024-07-01;362;1160005900;0
144212;36280071382720240601;2024-06-01;362;1160005900;0
124984;36280071382820240901;2024-09-01;362;1160005900;0
178878;36280071383020240201;2024-02-01;362;1160005900;0
131330;36280071383120240801;2024-08-01;362;1160005900;0
151600;36280071383220240501;2024-05-01;362;1160005900;0
74664;362800756143320250401;2025-04-01;362;1160005900;0
68407;362800756143420250501;2025-05-01;362;1160005900;0
55509;362800773997820250701;2025-07-01;362;1160005900;0
17943;362800790972420260101;2026-01-01;362;1160005900;0
80785;36280091307120250301;2025-03-01;362;72419405902;0
68408;362800956143520250501;2025-05-01;362;72419405902;0
80786;36280101307220250301;2025-03-01;362;403931805950;0
9598;3628010194027220260301;2026-03-01;362;403931805950;0
80787;36280131307620250301;2025-03-01;362;443156105940;0
9600;3628013194027420260301;2026-03-01;362;443156105940;0
55533;362801376003220250701;2025-07-01;362;443156105940;0
144196;36280151308620240601;2024-06-01;362;72414332;0
188022;36280151355320240101;2024-01-01;362;72414332;0
178867;36280151355420240201;2024-02-01;362;72414332;0
169741;36280151355620240301;2024-03-01;362;72414332;0
160674;36280151355720240401;2024-04-01;362;72414332;0
151591;36280151356020240501;2024-05-01;362;72414332;0
137586;36280151356220240701;2024-07-01;362;72414332;0
131318;36280151356320240801;2024-08-01;362;72414332;0
124973;36280151356420240901;2024-09-01;362;72414332;0
68342;36280151900020250501;2025-05-01;362;72414332;0
30763;3628015191754920251101;2025-11-01;362;72414332;0
5516;3628015191757320260301;2026-03-01;362;72414332;0
49483;362801574213020250801;2025-08-01;362;72414332;0
11593;362801590972620260201;2026-02-01;362;72414332;0
17977;362801591200320260101;2026-01-01;362;72414332;0
188016;36280211329120240101;2024-01-01;362;95221719;0
178861;36280211329220240201;2024-02-01;362;95221719;0
169735;36280211329420240301;2024-03-01;362;95221719;0
160668;36280211329520240401;2024-04-01;362;95221719;0
151585;36280211329620240501;2024-05-01;362;95221719;0
144198;36280211329720240601;2024-06-01;362;95221719;0
137581;36280211329820240701;2024-07-01;362;95221719;0
131312;36280211329920240801;2024-08-01;362;95221719;0
124967;36280211330020240901;2024-09-01;362;95221719;0
74569;36280211692620250401;2025-04-01;362;95221719;0
68346;36280211900420250501;2025-05-01;362;95221719;0
5515;3628021191756420260301;2026-03-01;362;95221719;0
55457;362802171301520250701;2025-07-01;362;95221719;0
49484;362802174213120250801;2025-08-01;362;95221719;0
37073;362802176616320251001;2025-10-01;362;95221719;0
30542;362802179704020251101;2025-11-01;362;95221719;0
17860;362802188106320260101;2026-01-01;362;95221719;0
22408;36280338194026220260101;2026-01-01;362;3681391;0
30749;3628033882669520251101;2025-11-01;362;3681391;0
24251;3628033882710320251201;2025-12-01;362;3681391;0
30750;3628033982669620251101;2025-11-01;362;3544487;0
24249;3628033982709720251201;2025-12-01;362;3544487;0
74514;36280791321320250401;2025-04-01;362;11646339;0
124979;36280791377220240901;2024-09-01;362;11646339;0
131325;36280791377720240801;2024-08-01;362;11646339;0
137593;36280791378220240701;2024-07-01;362;11646339;0
144208;36280791378320240601;2024-06-01;362;11646339;0
151595;36280791378720240501;2024-05-01;362;11646339;0
160678;36280791379020240401;2024-04-01;362;11646339;0
169748;36280791379620240301;2024-03-01;362;11646339;0
178873;36280791379920240201;2024-02-01;362;11646339;0
188029;36280791380520240101;2024-01-01;362;11646339;0
80873;36280791693620250301;2025-03-01;362;11646339;0
68330;36280791765920250501;2025-05-01;362;11646339;0
61958;362807941622620250601;2025-06-01;362;11646339;0
43485;362807974783820250901;2025-09-01;362;11646339;0
74515;36280801321720250401;2025-04-01;362;11646348;0
124980;36280801377320240901;2024-09-01;362;11646348;0
131324;36280801377520240801;2024-08-01;362;11646348;0
137592;36280801378020240701;2024-07-01;362;11646348;0
144207;36280801378120240601;2024-06-01;362;11646348;0
151594;36280801378620240501;2024-05-01;362;11646348;0
160679;36280801379120240401;2024-04-01;362;11646348;0
169746;36280801379420240301;2024-03-01;362;11646348;0
178874;36280801380020240201;2024-02-01;362;11646348;0
188026;36280801380220240101;2024-01-01;362;11646348;0
80871;36280801693420250301;2025-03-01;362;11646348;0
68331;36280801766020250501;2025-05-01;362;11646348;0
61955;362808041622320250601;2025-06-01;362;11646348;0
49465;362808074207620250801;2025-08-01;362;11646348;0
43484;362808074783720250901;2025-09-01;362;11646348;0
74516;36280821322120250401;2025-04-01;362;12009642;0
124981;36280821377620240901;2024-09-01;362;12009642;0
131326;36280821377820240801;2024-08-01;362;12009642;0
137591;36280821377920240701;2024-07-01;362;12009642;0
144209;36280821378420240601;2024-06-01;362;12009642;0
151597;36280821378920240501;2024-05-01;362;12009642;0
160680;36280821379220240401;2024-04-01;362;12009642;0
169749;36280821379820240301;2024-03-01;362;12009642;0
178875;36280821380120240201;2024-02-01;362;12009642;0
188028;36280821380420240101;2024-01-01;362;12009642;0
80872;36280821693520250301;2025-03-01;362;12009642;0
68327;36280821765620250501;2025-05-01;362;12009642;0
61957;362808241622520250601;2025-06-01;362;12009642;0
49466;362808274207720250801;2025-08-01;362;12009642;0
43483;362808274783620250901;2025-09-01;362;12009642;0
74520;36280831322820250401;2025-04-01;362;13678018;0
124978;36280831377120240901;2024-09-01;362;13678018;0
131323;36280831377420240801;2024-08-01;362;13678018;0
144210;36280831378520240601;2024-06-01;362;13678018;0
151596;36280831378820240501;2024-05-01;362;13678018;0
160681;36280831379320240401;2024-04-01;362;13678018;0
169747;36280831379520240301;2024-03-01;362;13678018;0
178872;36280831379720240201;2024-02-01;362;13678018;0
188027;36280831380320240101;2024-01-01;362;13678018;0
287166;36280831386420220701;2022-07-01;362;13678018;0
137608;36280831404220240701;2024-07-01;362;13678018;0
68329;36280831765820250501;2025-05-01;362;13678018;0
61956;362808341622420250601;2025-06-01;362;13678018;0
49467;362808374207920250801;2025-08-01;362;13678018;0
43482;362808374783520250901;2025-09-01;362;13678018;0
74517;36280841322320250401;2025-04-01;362;2763900478;0
37181;362808478518820251001;2025-10-01;362;2763900478;0
24265;362808482864320251201;2025-12-01;362;2763900478;0
74518;36280851322420250401;2025-04-01;362;17933400447;0
37188;362808578533520251001;2025-10-01;362;17933400447;0
74519;36280861322520250401;2025-04-01;362;67667700400;0
68316;36280861708520250501;2025-05-01;362;67667700400;0
49443;362808673936320250801;2025-08-01;362;67667700400;0
24264;362808682864220251201;2025-12-01;362;67667700400;0
11580;362808690914120260201;2026-02-01;362;67667700400;0
80783;36280891111120250301;2025-03-01;362;1091875601809;0
188062;36280891510020240101;2024-01-01;362;1091875601809;0
178911;36280891510120240201;2024-02-01;362;1091875601809;0
169783;36280891510320240301;2024-03-01;362;1091875601809;0
160717;36280891510420240401;2024-04-01;362;1091875601809;0
151634;36280891510520240501;2024-05-01;362;1091875601809;0
144252;36280891510720240601;2024-06-01;362;1091875601809;0
137635;36280891510820240701;2024-07-01;362;1091875601809;0
131366;36280891511020240801;2024-08-01;362;1091875601809;0
125022;36280891511220240901;2024-09-01;362;1091875601809;0
117142;36280891511420241001;2024-10-01;362;1091875601809;0
109154;36280891511520241101;2024-11-01;362;1091875601809;0
101205;36280891511620241201;2024-12-01;362;1091875601809;0
93227;36280891511720250101;2025-01-01;362;1091875601809;0
87071;36280891511820250201;2025-02-01;362;1091875601809;0
74600;36280891901920250401;2025-04-01;362;1091875601809;0
24348;3628089191739220251201;2025-12-01;362;1091875601809;0
18025;3628089191739420260101;2026-01-01;362;1091875601809;0
62053;362808955953320250601;2025-06-01;362;1091875601809;0
49494;362808974325620250801;2025-08-01;362;1091875601809;0
55521;362808974350320250701;2025-07-01;362;1091875601809;0
68363;36280898630020250501;2025-05-01;362;1091875601809;0
124965;36280911323120240901;2024-09-01;362;13678027;0
74521;36280911323220250401;2025-04-01;362;13678027;0
131335;36280911402820240801;2024-08-01;362;13678027;0
144221;36280911404520240601;2024-06-01;362;13678027;0
151605;36280911405020240501;2024-05-01;362;13678027;0
160695;36280911406520240401;2024-04-01;362;13678027;0
169757;36280911406620240301;2024-03-01;362;13678027;0
178885;36280911407420240201;2024-02-01;362;13678027;0
188038;36280911408520240101;2024-01-01;362;13678027;0
80870;36280911693220250301;2025-03-01;362;13678027;0
68314;36280911693320250501;2025-05-01;362;13678027;0
61959;362809141622720250601;2025-06-01;362;13678027;0
137761;362809156123220240701;2024-07-01;362;13678027;0
49468;362809174208120250801;2025-08-01;362;13678027;0
43481;362809174783420250901;2025-09-01;362;13678027;0
74522;36280921323620250401;2025-04-01;362;17654962;0
124991;36280921402320240901;2024-09-01;362;17654962;0
137607;36280921404120240701;2024-07-01;362;17654962;0
144224;36280921404820240601;2024-06-01;362;17654962;0
151611;36280921405720240501;2024-05-01;362;17654962;0
169763;36280921407220240301;2024-03-01;362;17654962;0
188037;36280921408220240101;2024-01-01;362;17654962;0
178891;36280921408320240201;2024-02-01;362;17654962;0
160718;36280921518320240401;2024-04-01;362;17654962;0
80869;36280921693020250301;2025-03-01;362;17654962;0
68313;36280921693120250501;2025-05-01;362;17654962;0
61953;362809241622120250601;2025-06-01;362;17654962;0
49469;362809274208320250801;2025-08-01;362;17654962;0
43480;362809274783320250901;2025-09-01;362;17654962;0
80790;36280941323820250301;2025-03-01;362;17672719;0
124990;36280941402220240901;2024-09-01;362;17672719;0
131339;36280941403320240801;2024-08-01;362;17672719;0
137606;36280941404020240701;2024-07-01;362;17672719;0
144223;36280941404720240601;2024-06-01;362;17672719;0
151610;36280941405620240501;2024-05-01;362;17672719;0
160693;36280941406220240401;2024-04-01;362;17672719;0
169761;36280941407020240301;2024-03-01;362;17672719;0
188035;36280941407920240101;2024-01-01;362;17672719;0
178892;36280941408420240201;2024-02-01;362;17672719;0
74542;36280941530120250401;2025-04-01;362;17672719;0
68328;36280941765720250501;2025-05-01;362;17672719;0
61951;362809441621920250601;2025-06-01;362;17672719;0
49470;362809474208520250801;2025-08-01;362;17672719;0
43479;362809474783220250901;2025-09-01;362;17672719;0
80791;36280961324520250301;2025-03-01;362;17691574;0
124989;36280961402120240901;2024-09-01;362;17691574;0
131338;36280961403120240801;2024-08-01;362;17691574;0
137605;36280961403920240701;2024-07-01;362;17691574;0
144226;36280961405120240601;2024-06-01;362;17691574;0
160692;36280961406120240401;2024-04-01;362;17691574;0
169764;36280961407320240301;2024-03-01;362;17691574;0
178890;36280961408020240201;2024-02-01;362;17691574;0
188042;36280961408920240101;2024-01-01;362;17691574;0
151612;36280961409020240501;2024-05-01;362;17691574;0
74543;36280961530220250401;2025-04-01;362;17691574;0
68312;36280961692920250501;2025-05-01;362;17691574;0
61952;362809641622020250601;2025-06-01;362;17691574;0
49471;362809674208620250801;2025-08-01;362;17691574;0
43478;362809674783120250901;2025-09-01;362;17691574;0
74533;36280981401920250401;2025-04-01;362;17762239;0
80811;36280981402020250301;2025-03-01;362;17762239;0
124992;36280981402420240901;2024-09-01;362;17762239;0
131340;36280981403420240801;2024-08-01;362;17762239;0
137601;36280981403520240701;2024-07-01;362;17762239;0
144225;36280981404920240601;2024-06-01;362;17762239;0
151609;36280981405520240501;2024-05-01;362;17762239;0
160694;36280981406420240401;2024-04-01;362;17762239;0
169758;36280981406720240301;2024-03-01;362;17762239;0
178889;36280981407820240201;2024-02-01;362;17762239;0
188041;36280981408820240101;2024-01-01;362;17762239;0
68326;36280981765520250501;2025-05-01;362;17762239;0
61960;362809841622820250601;2025-06-01;362;17762239;0
49472;362809874208820250801;2025-08-01;362;17762239;0
43477;362809874783020250901;2025-09-01;362;17762239;0
188015;36280991324720240101;2024-01-01;362;71659382;0
178860;36280991324920240201;2024-02-01;362;71659382;0
169734;36280991325120240301;2024-03-01;362;71659382;0
160667;36280991325920240401;2024-04-01;362;71659382;0
151584;36280991326320240501;2024-05-01;362;71659382;0
144197;36280991327720240601;2024-06-01;362;71659382;0
137580;36280991327820240701;2024-07-01;362;71659382;0
131311;36280991328820240801;2024-08-01;362;71659382;0
124966;36280991328920240901;2024-09-01;362;71659382;0
68341;36280991899920250501;2025-05-01;362;71659382;0
5510;3628099191434220260301;2026-03-01;362;71659382;0
55503;362809973996520250701;2025-07-01;362;71659382;0
62099;362809973996620250601;2025-06-01;362;71659382;0
49544;362809976447020250801;2025-08-01;362;71659382;0
37068;362809976615820251001;2025-10-01;362;71659382;0
30539;362809979703420251101;2025-11-01;362;71659382;0
17931;362809990925720260101;2026-01-01;362;71659382;0
11589;362809990972120260201;2026-02-01;362;71659382;0
80792;36281011325420250301;2025-03-01;362;18643859;0
131337;36281011403020240801;2024-08-01;362;18643859;0
124995;36281011403220240901;2024-09-01;362;18643859;0
137603;36281011403720240701;2024-07-01;362;18643859;0
144220;36281011404420240601;2024-06-01;362;18643859;0
151608;36281011405420240501;2024-05-01;362;18643859;0
160690;36281011405920240401;2024-04-01;362;18643859;0
169762;36281011407120240301;2024-03-01;362;18643859;0
178888;36281011407720240201;2024-02-01;362;18643859;0
188036;36281011408120240101;2024-01-01;362;18643859;0
74544;36281011530320250401;2025-04-01;362;18643859;0
68311;36281011692820250501;2025-05-01;362;18643859;0
61954;362810141622220250601;2025-06-01;362;18643859;0
49473;362810174208920250801;2025-08-01;362;18643859;0
43476;362810174782920250901;2025-09-01;362;18643859;0
80793;36281031325620250301;2025-03-01;362;18643868;0
124994;36281031402620240901;2024-09-01;362;18643868;0
131336;36281031402920240801;2024-08-01;362;18643868;0
137602;36281031403620240701;2024-07-01;362;18643868;0
144219;36281031404320240601;2024-06-01;362;18643868;0
151607;36281031405320240501;2024-05-01;362;18643868;0
160689;36281031405820240401;2024-04-01;362;18643868;0
169759;36281031406820240301;2024-03-01;362;18643868;0
178887;36281031407620240201;2024-02-01;362;18643868;0
188039;36281031408620240101;2024-01-01;362;18643868;0
74545;36281031530420250401;2025-04-01;362;18643868;0
68325;36281031765420250501;2025-05-01;362;18643868;0
61949;362810341621720250601;2025-06-01;362;18643868;0
49474;362810374209020250801;2025-08-01;362;18643868;0
43475;362810374782820250901;2025-09-01;362;18643868;0
74523;36281041325820250401;2025-04-01;362;18643877;0
124993;36281041402520240901;2024-09-01;362;18643877;0
131334;36281041402720240801;2024-08-01;362;18643877;0
137604;36281041403820240701;2024-07-01;362;18643877;0
144222;36281041404620240601;2024-06-01;362;18643877;0
151606;36281041405220240501;2024-05-01;362;18643877;0
160691;36281041406020240401;2024-04-01;362;18643877;0
169760;36281041406920240301;2024-03-01;362;18643877;0
178886;36281041407520240201;2024-02-01;362;18643877;0
188040;36281041408720240101;2024-01-01;362;18643877;0
80868;36281041692720250301;2025-03-01;362;18643877;0
61950;362810441621820250601;2025-06-01;362;18643877;0
49475;362810474209320250801;2025-08-01;362;18643877;0
43474;362810474782720250901;2025-09-01;362;18643877;0
188017;36281091330120240101;2024-01-01;362;99605333;0
178862;36281091330220240201;2024-02-01;362;99605333;0
169736;36281091330320240301;2024-03-01;362;99605333;0
160669;36281091330420240401;2024-04-01;362;99605333;0
151586;36281091330520240501;2024-05-01;362;99605333;0
144199;36281091334320240601;2024-06-01;362;99605333;0
137582;36281091334720240701;2024-07-01;362;99605333;0
131313;36281091335020240801;2024-08-01;362;99605333;0
124968;36281091335220240901;2024-09-01;362;99605333;0
68347;36281091900520250501;2025-05-01;362;99605333;0
5509;3628109191433620260301;2026-03-01;362;99605333;0
49448;362810973996920250801;2025-08-01;362;99605333;0
55505;362810973997020250701;2025-07-01;362;99605333;0
37072;362810976616220251001;2025-10-01;362;99605333;0
30543;362810979704220251101;2025-11-01;362;99605333;0
17930;362810990925220260101;2026-01-01;362;99605333;0
11595;362810990972820260201;2026-02-01;362;99605333;0
30756;3628113682858320251101;2025-11-01;362;927457;0
24260;3628115482861520251201;2025-12-01;362;348800485;0
188018;36281291335420240101;2024-01-01;362;100902820;0
178863;36281291336520240201;2024-02-01;362;100902820;0
169737;36281291336720240301;2024-03-01;362;100902820;0
160670;36281291336820240401;2024-04-01;362;100902820;0
151587;36281291336920240501;2024-05-01;362;100902820;0
144200;36281291337120240601;2024-06-01;362;100902820;0
137583;36281291337220240701;2024-07-01;362;100902820;0
131314;36281291337420240801;2024-08-01;362;100902820;0
124969;36281291337520240901;2024-09-01;362;100902820;0
68348;36281291900720250501;2025-05-01;362;100902820;0
18031;3628129191745620260101;2026-01-01;362;100902820;0
5514;3628129191753520260301;2026-03-01;362;100902820;0
55506;362812973997120250701;2025-07-01;362;100902820;0
49547;362812976541220250801;2025-08-01;362;100902820;0
37070;362812976616020251001;2025-10-01;362;100902820;0
30709;362812981591320251101;2025-11-01;362;100902820;0
11590;362812990972220260201;2026-02-01;362;100902820;0
188019;36281331337620240101;2024-01-01;362;104433329;0
178864;36281331337720240201;2024-02-01;362;104433329;0
169738;36281331337920240301;2024-03-01;362;104433329;0
160671;36281331338020240401;2024-04-01;362;104433329;0
151588;36281331339520240501;2024-05-01;362;104433329;0
144201;36281331342320240601;2024-06-01;362;104433329;0
137584;36281331342420240701;2024-07-01;362;104433329;0
131315;36281331342520240801;2024-08-01;362;104433329;0
124970;36281331342620240901;2024-09-01;362;104433329;0
68349;36281331900820250501;2025-05-01;362;104433329;0
5508;3628133191433420260301;2026-03-01;362;104433329;0
49449;362813373997220250801;2025-08-01;362;104433329;0
55507;362813373997320250701;2025-07-01;362;104433329;0
37069;362813376615920251001;2025-10-01;362;104433329;0
30544;362813379704520251101;2025-11-01;362;104433329;0
11571;362813390856820260201;2026-02-01;362;104433329;0
17928;362813390922920260101;2026-01-01;362;104433329;0
109115;36281520241101;2024-11-01;362;2089496574;0
178865;36281611342820240201;2024-02-01;362;107172798;0
188020;36281611342920240101;2024-01-01;362;107172798;0
169739;36281611343120240301;2024-03-01;362;107172798;0
160672;36281611343320240401;2024-04-01;362;107172798;0
151589;36281611343420240501;2024-05-01;362;107172798;0
144202;36281611343520240601;2024-06-01;362;107172798;0
137585;36281611343620240701;2024-07-01;362;107172798;0
131316;36281611343820240801;2024-08-01;362;107172798;0
124971;36281611344120240901;2024-09-01;362;107172798;0
68350;36281611900920250501;2025-05-01;362;107172798;0
55508;362816173997420250701;2025-07-01;362;107172798;0
49545;362816176447120250801;2025-08-01;362;107172798;0
37071;362816176616120251001;2025-10-01;362;107172798;0
30708;362816181590920251101;2025-11-01;362;107172798;0
17929;362816190925120260101;2026-01-01;362;107172798;0
11591;362816190972320260201;2026-02-01;362;107172798;0
131317;36281651344220240801;2024-08-01;362;8239789;0
80822;36281651509320250301;2025-03-01;362;8239789;0
74556;36281651679220250401;2025-04-01;362;8239789;0
43596;362816578533720250901;2025-09-01;362;8239789;0
62121;362816578629920250601;2025-06-01;362;8239789;0
37243;362816580808120251001;2025-10-01;362;8239789;0
151590;36281661344320240501;2024-05-01;362;11245379;0
124972;36281661344420240901;2024-09-01;362;11245379;0
74593;36281661897720250401;2025-04-01;362;11245379;0
43595;362816678533620250901;2025-09-01;362;11245379;0
37245;362816680808320251001;2025-10-01;362;11245379;0
80823;36281671509520250301;2025-03-01;362;2036280077;0
178913;36281671512320240201;2024-02-01;362;2036280077;0
151635;36281671512420240501;2024-05-01;362;2036280077;0
68403;362816756123520250501;2025-05-01;362;2036280077;0
37244;362816780808220251001;2025-10-01;362;2036280077;0
80795;36281711350620250301;2025-03-01;362;996539901806;0
178880;36281711390520240201;2024-02-01;362;996539901806;0
151602;36281711390620240501;2024-05-01;362;996539901806;0
131331;36281711390720240801;2024-08-01;362;996539901806;0
144216;36281711390820240601;2024-06-01;362;996539901806;0
124986;36281711390920240901;2024-09-01;362;996539901806;0
137598;36281711391020240701;2024-07-01;362;996539901806;0
160686;36281711391120240401;2024-04-01;362;996539901806;0
169754;36281711391220240301;2024-03-01;362;996539901806;0
74571;36281711696020250401;2025-04-01;362;996539901806;0
18026;3628171191740720260101;2026-01-01;362;996539901806;0
62058;362817155973020250601;2025-06-01;362;996539901806;0
49496;362817174326120250801;2025-08-01;362;996539901806;0
55522;362817174350420250701;2025-07-01;362;996539901806;0
43536;362817176158620250901;2025-09-01;362;996539901806;0
30688;362817181395720251101;2025-11-01;362;996539901806;0
68366;36281718630320250501;2025-05-01;362;996539901806;0
11657;362817193324220260201;2026-02-01;362;996539901806;0
169740;36281771351820240301;2024-03-01;362;203714317;0
188021;36281771353320240101;2024-01-01;362;203714317;0
87059;36281771353920250201;2025-02-01;362;203714317;0
178866;36281771354120240201;2024-02-01;362;203714317;0
160673;36281771355020240401;2024-04-01;362;203714317;0
131320;36281771373120240801;2024-08-01;362;203714317;0
137588;36281771373320240701;2024-07-01;362;203714317;0
124975;36281771373520240901;2024-09-01;362;203714317;0
144204;36281771373820240601;2024-06-01;362;203714317;0
93238;36281771708720250101;2025-01-01;362;203714317;0
18629;3628177193718520260101;2026-01-01;362;203714317;0
12252;3628177193726520260201;2026-02-01;362;203714317;0
5812;3628177193726620260301;2026-03-01;362;203714317;0
101335;362817743954120241201;2024-12-01;362;203714317;0
151728;362817744006020240501;2024-05-01;362;203714317;0
43599;362817778538520250901;2025-09-01;362;203714317;0
30698;362817781428820251101;2025-11-01;362;203714317;0
80798;36281811352120250301;2025-03-01;362;200555441;0
18630;3628181193718720260101;2026-01-01;362;200555441;0
5820;3628181193739620260301;2026-03-01;362;200555441;0
68419;362818170064920250501;2025-05-01;362;200555441;0
55480;362818173926020250701;2025-07-01;362;200555441;0
49498;362818174352120250801;2025-08-01;362;200555441;0
43602;362818178544420250901;2025-09-01;362;200555441;0
37207;362818178627320251001;2025-10-01;362;200555441;0
30699;362818181428920251101;2025-11-01;362;200555441;0
80796;36281821351920250301;2025-03-01;362;202184206;0
93223;36281821353120250101;2025-01-01;362;202184206;0
87058;36281821353520250201;2025-02-01;362;202184206;0
74559;36281821679620250401;2025-04-01;362;202184206;0
12248;3628182193721620260201;2026-02-01;362;202184206;0
5817;3628182193736120260301;2026-03-01;362;202184206;0
188099;362818221371020240101;2024-01-01;362;202184206;0
101285;362818243949120241201;2024-12-01;362;202184206;0
178991;362818243965420240201;2024-02-01;362;202184206;0
151696;362818244002720240501;2024-05-01;362;202184206;0
144311;362818244013220240601;2024-06-01;362;202184206;0
137690;362818244023720240701;2024-07-01;362;202184206;0
125082;362818244047120240901;2024-09-01;362;202184206;0
49497;362818274352020250801;2025-08-01;362;202184206;0
43605;362818278544720250901;2025-09-01;362;202184206;0
37208;362818278627420251001;2025-10-01;362;202184206;0
30707;362818281515520251101;2025-11-01;362;202184206;0
80797;36281831352020250301;2025-03-01;362;203086898;0
93222;36281831352620250101;2025-01-01;362;203086898;0
87060;36281831354420250201;2025-02-01;362;203086898;0
74560;36281831679720250401;2025-04-01;362;203086898;0
18626;3628183193718220260101;2026-01-01;362;203086898;0
5811;3628183193725020260301;2026-03-01;362;203086898;0
101330;362818343953620241201;2024-12-01;362;203086898;0
179037;362818343970020240201;2024-02-01;362;203086898;0
151723;362818344005520240501;2024-05-01;362;203086898;0
144341;362818344016520240601;2024-06-01;362;203086898;0
137713;362818344026120240701;2024-07-01;362;203086898;0
55481;362818373926120250701;2025-07-01;362;203086898;0
37176;362818378277220251001;2025-10-01;362;203086898;0
43604;362818378544620250901;2025-09-01;362;203086898;0
30743;362818382550820251101;2025-11-01;362;203086898;0
80799;36281841352720250301;2025-03-01;362;201729699;0
87061;36281841354720250201;2025-02-01;362;201729699;0
124976;36281841374320240901;2024-09-01;362;201729699;0
131321;36281841374420240801;2024-08-01;362;201729699;0
137589;36281841374520240701;2024-07-01;362;201729699;0
169744;36281841374620240301;2024-03-01;362;201729699;0
144205;36281841374720240601;2024-06-01;362;201729699;0
160676;36281841374820240401;2024-04-01;362;201729699;0
178870;36281841374920240201;2024-02-01;362;201729699;0
188024;36281841375020240101;2024-01-01;362;201729699;0
101276;362818443948220241201;2024-12-01;362;201729699;0
62106;362818474350920250601;2025-06-01;362;201729699;0
37180;362818478499720251001;2025-10-01;362;201729699;0
43597;362818478538320250901;2025-09-01;362;201729699;0
30705;362818481448520251101;2025-11-01;362;201729699;0
5499;3628190877520260301;2026-03-01;362;2089496574;0
80800;36281911356620250301;2025-03-01;362;11618558;0
5485;3628191190232120260301;2026-03-01;362;11618558;0
62015;362819149904520250601;2025-06-01;362;11618558;0
30495;362819178813420251101;2025-11-01;362;11618558;0
24254;362819182822320251201;2025-12-01;362;11618558;0
17825;362819187458820260101;2026-01-01;362;11618558;0
11675;362819193611020260201;2026-02-01;362;11618558;0
74525;36281921356820250401;2025-04-01;362;13411020;0
5492;3628192190233920260301;2026-03-01;362;13411020;0
30496;362819278835420251101;2025-11-01;362;13411020;0
17682;362819284827220260101;2026-01-01;362;13411020;0
11490;362819289018420260201;2026-02-01;362;13411020;0
80801;36281931356920250301;2025-03-01;362;1215729;0
101202;36281931412020241201;2024-12-01;362;1215729;0
124997;36281931413020240901;2024-09-01;362;1215729;0
131342;36281931415820240801;2024-08-01;362;1215729;0
137613;36281931419020240701;2024-07-01;362;1215729;0
144227;36281931421120240601;2024-06-01;362;1215729;0
178894;36281931430120240201;2024-02-01;362;1215729;0
151638;36281931532720240501;2024-05-01;362;1215729;0
169788;36281931532820240301;2024-03-01;362;1215729;0
30782;3628193192372320251101;2025-11-01;362;1215729;0
160833;362819355667220240401;2024-04-01;362;1215729;0
74652;362819355668520250401;2025-04-01;362;1215729;0
68394;362819355670220250501;2025-05-01;362;1215729;0
188117;362819355671120240101;2024-01-01;362;1215729;0
62090;362819371078320250601;2025-06-01;362;1215729;0
55519;362819374346120250701;2025-07-01;362;1215729;0
30780;3628195192370620251101;2025-11-01;362;1486879;0
24367;3628195192370920251201;2025-12-01;362;1486879;0
80813;36281961409420250301;2025-03-01;362;1458860;0
101200;36281961411820241201;2024-12-01;362;1458860;0
188059;36281961446820240101;2024-01-01;362;1458860;0
178910;36281961447020240201;2024-02-01;362;1458860;0
169781;36281961447320240301;2024-03-01;362;1458860;0
160715;36281961447820240401;2024-04-01;362;1458860;0
151633;36281961448120240501;2024-05-01;362;1458860;0
144251;36281961448320240601;2024-06-01;362;1458860;0
137633;36281961448720240701;2024-07-01;362;1458860;0
131365;36281961449120240801;2024-08-01;362;1458860;0
125020;36281961449220240901;2024-09-01;362;1458860;0
24368;3628196192371020251201;2025-12-01;362;1458860;0
18039;3628196192371120260101;2026-01-01;362;1458860;0
74651;362819655668320250401;2025-04-01;362;1458860;0
68397;362819655671720250501;2025-05-01;362;1458860;0
49450;362819674018420250801;2025-08-01;362;1458860;0
101193;36281971386620241201;2024-12-01;362;9004636;0
117136;36281971386920241001;2024-10-01;362;9004636;0
109151;36281971387020241101;2024-11-01;362;9004636;0
74534;36281971409820250401;2025-04-01;362;9004636;0
125013;36281971415220240901;2024-09-01;362;9004636;0
131357;36281971417820240801;2024-08-01;362;9004636;0
137626;36281971420620240701;2024-07-01;362;9004636;0
144243;36281971423220240601;2024-06-01;362;9004636;0
151625;36281971425420240501;2024-05-01;362;9004636;0
160708;36281971427520240401;2024-04-01;362;9004636;0
169776;36281971429620240301;2024-03-01;362;9004636;0
178904;36281971431220240201;2024-02-01;362;9004636;0
188055;36281971433420240101;2024-01-01;362;9004636;0
68396;362819755670920250501;2025-05-01;362;9004636;0
24287;362819784457220251201;2025-12-01;362;9004636;0
117135;36281981361620241001;2024-10-01;362;9001589;0
109150;36281981361820241101;2024-11-01;362;9001589;0
80814;36281981409520250301;2025-03-01;362;9001589;0
101198;36281981411520241201;2024-12-01;362;9001589;0
125003;36281981414020240901;2024-09-01;362;9001589;0
131345;36281981416220240801;2024-08-01;362;9001589;0
137618;36281981419520240701;2024-07-01;362;9001589;0
144238;36281981422620240601;2024-06-01;362;9001589;0
151619;36281981424720240501;2024-05-01;362;9001589;0
160702;36281981426820240401;2024-04-01;362;9001589;0
169772;36281981429020240301;2024-03-01;362;9001589;0
178902;36281981431020240201;2024-02-01;362;9001589;0
188051;36281981432920240101;2024-01-01;362;9001589;0
30771;3628198192357120251101;2025-11-01;362;9001589;0
68388;362819855668420250501;2025-05-01;362;9001589;0
74657;362819855669820250401;2025-04-01;362;9001589;0
55466;362819871396520250701;2025-07-01;362;9001589;0
24337;362819890988720251201;2025-12-01;362;9001589;0
80803;36281991357820250301;2025-03-01;362;34982724;0
125008;36281991414720240901;2024-09-01;362;34982724;0
131346;36281991416420240801;2024-08-01;362;34982724;0
137622;36281991420120240701;2024-07-01;362;34982724;0
144241;36281991422920240601;2024-06-01;362;34982724;0
151622;36281991425020240501;2024-05-01;362;34982724;0
160704;36281991427020240401;2024-04-01;362;34982724;0
169773;36281991429120240301;2024-03-01;362;34982724;0
178893;36281991429920240201;2024-02-01;362;34982724;0
30777;3628199192363520251101;2025-11-01;362;34982724;0
68395;362819955670520250501;2025-05-01;362;34982724;0
62083;362819971076920250601;2025-06-01;362;34982724;0
55470;362819971397020250701;2025-07-01;362;34982724;0
43544;362819976563320250901;2025-09-01;362;34982724;0
74687;362819988602120250401;2025-04-01;362;34982724;0
24339;362819990988920251201;2025-12-01;362;34982724;0
74526;36282011358020250401;2025-04-01;362;51428540;0
125019;36282011417620240901;2024-09-01;362;51428540;0
131364;36282011420220240801;2024-08-01;362;51428540;0
137632;36282011423120240701;2024-07-01;362;51428540;0
144250;36282011425220240601;2024-06-01;362;51428540;0
151632;36282011427120240501;2024-05-01;362;51428540;0
160713;36282011429220240401;2024-04-01;362;51428540;0
169780;36282011431420240301;2024-03-01;362;51428540;0
178909;36282011433320240201;2024-02-01;362;51428540;0
188060;36282011497920240101;2024-01-01;362;51428540;0
24358;3628201192356120251201;2025-12-01;362;51428540;0
68384;362820155667420250501;2025-05-01;362;51428540;0
55471;362820171397120250701;2025-07-01;362;51428540;0
37190;362820178538220251001;2025-10-01;362;51428540;0
80804;36282021358120250301;2025-03-01;362;9000348;0
101199;36282021411720241201;2024-12-01;362;9000348;0
125005;36282021414420240901;2024-09-01;362;9000348;0
131354;36282021417420240801;2024-08-01;362;9000348;0
137617;36282021419420240701;2024-07-01;362;9000348;0
144237;36282021422520240601;2024-06-01;362;9000348;0
151620;36282021424820240501;2024-05-01;362;9000348;0
160707;36282021427420240401;2024-04-01;362;9000348;0
169770;36282021428820240301;2024-03-01;362;9000348;0
178897;36282021430520240201;2024-02-01;362;9000348;0
188050;36282021432820240101;2024-01-01;362;9000348;0
24357;3628202192355820251201;2025-12-01;362;9000348;0
30772;3628202192357220251101;2025-11-01;362;9000348;0
68389;362820255668620250501;2025-05-01;362;9000348;0
55515;362820274213720250701;2025-07-01;362;9000348;0
62100;362820274213820250601;2025-06-01;362;9000348;0
74685;362820288600920250401;2025-04-01;362;9000348;0
87068;36282121410920250201;2025-02-01;362;9000750;0
125010;36282121414920240901;2024-09-01;362;9000750;0
131347;36282121416620240801;2024-08-01;362;9000750;0
137614;36282121419120240701;2024-07-01;362;9000750;0
144236;36282121422320240601;2024-06-01;362;9000750;0
151617;36282121424420240501;2024-05-01;362;9000750;0
160701;36282121426620240401;2024-04-01;362;9000750;0
169771;36282121428920240301;2024-03-01;362;9000750;0
178898;36282121430620240201;2024-02-01;362;9000750;0
188045;36282121432120240101;2024-01-01;362;9000750;0
74654;362821255669320250401;2025-04-01;362;9000750;0
62087;362821271078020250601;2025-06-01;362;9000750;0
55465;362821271396420250701;2025-07-01;362;9000750;0
24292;362821284618120251201;2025-12-01;362;9000750;0
68448;362821288600820250501;2025-05-01;362;9000750;0
169743;36282221364420240301;2024-03-01;362;3095800320;0
144203;36282221364520240601;2024-06-01;362;3095800320;0
131319;36282221364620240801;2024-08-01;362;3095800320;0
124974;36282221364720240901;2024-09-01;362;3095800320;0
137587;36282221364820240701;2024-07-01;362;3095800320;0
80805;36282221364920250301;2025-03-01;362;3095800320;0
151592;36282221365120240501;2024-05-01;362;3095800320;0
160675;36282221365220240401;2024-04-01;362;3095800320;0
87062;36282221365320250201;2025-02-01;362;3095800320;0
178869;36282221365420240201;2024-02-01;362;3095800320;0
188023;36282221365520240101;2024-01-01;362;3095800320;0
93226;36282221509920250101;2025-01-01;362;3095800320;0
68371;362822249827320250501;2025-05-01;362;3095800320;0
74636;362822249829320250401;2025-04-01;362;3095800320;0
55529;362822274936720250701;2025-07-01;362;3095800320;0
43637;362822280356020250901;2025-09-01;362;3095800320;0
37235;362822280356120251001;2025-10-01;362;3095800320;0
74527;36282241375520250401;2025-04-01;362;482588601867;0
68335;36282241897320250501;2025-05-01;362;482588601867;0
80889;362822421362820250301;2025-03-01;362;482588601867;0
30525;362822479680720251101;2025-11-01;362;482588601867;0
11625;362822491136120260201;2026-02-01;362;482588601867;0
74528;36282251375620250401;2025-04-01;362;426992801823;0
68333;36282251857420250501;2025-05-01;362;426992801823;0
24236;362822582367520251201;2025-12-01;362;426992801823;0
80809;36282261376020250301;2025-03-01;362;21911801847;0
74530;36282261376120250401;2025-04-01;362;21911801847;0
160716;36282261450020240401;2024-04-01;362;21911801847;0
87070;36282261509020250201;2025-02-01;362;21911801847;0
24101;362822681903020251201;2025-12-01;362;21911801847;0
74529;36282271375820250401;2025-04-01;362;948042301819;0
24170;362822782018220251201;2025-12-01;362;948042301819;0
80808;36282281375920250301;2025-03-01;362;1064461901852;0
30684;362822881095720251101;2025-11-01;362;1064461901852;0
151593;36282291376220240501;2024-05-01;362;4000122974;0
137590;36282291376320240701;2024-07-01;362;4000122974;0
178871;36282291376420240201;2024-02-01;362;4000122974;0
169745;36282291376520240301;2024-03-01;362;4000122974;0
131322;36282291376620240801;2024-08-01;362;4000122974;0
188025;36282291376720240101;2024-01-01;362;4000122974;0
144206;36282291376820240601;2024-06-01;362;4000122974;0
124977;36282291376920240901;2024-09-01;362;4000122974;0
160677;36282291377020240401;2024-04-01;362;4000122974;0
5497;3628229190833120260301;2026-03-01;362;4000122974;0
62029;362822949905920250601;2025-06-01;362;4000122974;0
37189;362822978533820251001;2025-10-01;362;4000122974;0
30529;362822979688420251101;2025-11-01;362;4000122974;0
17744;362822985799820260101;2026-01-01;362;4000122974;0
11517;362822989690520260201;2026-02-01;362;4000122974;0
188031;36282301381220240101;2024-01-01;362;400226211;0
178877;36282301381420240201;2024-02-01;362;400226211;0
169751;36282301381520240301;2024-03-01;362;400226211;0
151598;36282301381620240501;2024-05-01;362;400226211;0
137594;36282301381720240701;2024-07-01;362;400226211;0
160683;36282301381820240401;2024-04-01;362;400226211;0
131329;36282301381920240801;2024-08-01;362;400226211;0
144211;36282301382020240601;2024-06-01;362;400226211;0
124983;36282301382520240901;2024-09-01;362;400226211;0
49571;362823079149920250801;2025-08-01;362;400226211;0
144215;36282311384120240601;2024-06-01;362;247126005987;0
9597;3628231194026820260301;2026-03-01;362;247126005987;0
137634;36282321508820240701;2024-07-01;362;247126305953;0
178881;36282331391320240201;2024-02-01;362;743105001818;0
74598;36282331901720250401;2025-04-01;362;743105001818;0
11699;3628233191741120260201;2026-02-01;362;743105001818;0
18032;3628233191749920260101;2026-01-01;362;743105001818;0
80887;362823321362420250301;2025-03-01;362;743105001818;0
62105;362823374350520250601;2025-06-01;362;743105001818;0
55523;362823374350620250701;2025-07-01;362;743105001818;0
49529;362823374784520250801;2025-08-01;362;743105001818;0
43534;362823376158420250901;2025-09-01;362;743105001818;0
30691;362823381420120251101;2025-11-01;362;743105001818;0
178882;36282341391420240201;2024-02-01;362;702028901824;0
74597;36282341901620250401;2025-04-01;362;702028901824;0
11700;3628234191741520260201;2026-02-01;362;702028901824;0
18030;3628234191741620260101;2026-01-01;362;702028901824;0
24353;3628234191758820251201;2025-12-01;362;702028901824;0
80886;362823421362220250301;2025-03-01;362;702028901824;0
62061;362823456122620250601;2025-06-01;362;702028901824;0
55524;362823474350720250701;2025-07-01;362;702028901824;0
49530;362823474784620250801;2025-08-01;362;702028901824;0
43533;362823476158320250901;2025-09-01;362;702028901824;0
30712;362823482017920251101;2025-11-01;362;702028901824;0
68367;36282348630420250501;2025-05-01;362;702028901824;0
124988;36282371392620240901;2024-09-01;362;11703008;0
169756;36282371392720240301;2024-03-01;362;11703008;0
160688;36282371392820240401;2024-04-01;362;11703008;0
144218;36282371392920240601;2024-06-01;362;11703008;0
188034;36282371393020240101;2024-01-01;362;11703008;0
131333;36282371393120240801;2024-08-01;362;11703008;0
178884;36282371393220240201;2024-02-01;362;11703008;0
137600;36282371393320240701;2024-07-01;362;11703008;0
151604;36282371393420240501;2024-05-01;362;11703008;0
74541;36282371509420250401;2025-04-01;362;11703008;0
62065;362823756123320250601;2025-06-01;362;11703008;0
93268;362823756123420250101;2025-01-01;362;11703008;0
37187;362823778533420251001;2025-10-01;362;11703008;0
30500;362823779026120251101;2025-11-01;362;11703008;0
74531;36282381393520250401;2025-04-01;362;56498420;0
55434;362823871078420250701;2025-07-01;362;56498420;0
49440;362823873931920250801;2025-08-01;362;56498420;0
43460;362823874364220250901;2025-09-01;362;56498420;0
37059;362823876570620251001;2025-10-01;362;56498420;0
74532;36282391393620250401;2025-04-01;362;67367305;0
43459;362823974364120250901;2025-09-01;362;67367305;0
37092;362823976708620251001;2025-10-01;362;67367305;0
80815;36282461409620250301;2025-03-01;362;9007852;0
125006;36282461414520240901;2024-09-01;362;9007852;0
131349;36282461416920240801;2024-08-01;362;9007852;0
137611;36282461418820240701;2024-07-01;362;9007852;0
144240;36282461422820240601;2024-06-01;362;9007852;0
151614;36282461424120240501;2024-05-01;362;9007852;0
169768;36282461428620240301;2024-03-01;362;9007852;0
188053;36282461433120240101;2024-01-01;362;9007852;0
30770;3628246192355920251101;2025-11-01;362;9007852;0
68392;362824655669520250501;2025-05-01;362;9007852;0
74658;362824655670320250401;2025-04-01;362;9007852;0
55467;362824671396720250701;2025-07-01;362;9007852;0
62092;362824671397320250601;2025-06-01;362;9007852;0
24291;362824684617720251201;2025-12-01;362;9007852;0
80816;36282471409720250301;2025-03-01;362;9010022;0
125002;36282471413920240901;2024-09-01;362;9010022;0
131352;36282471417220240801;2024-08-01;362;9010022;0
137619;36282471419720240701;2024-07-01;362;9010022;0
144239;36282471422720240601;2024-06-01;362;9010022;0
151621;36282471424920240501;2024-05-01;362;9010022;0
188046;36282471432220240101;2024-01-01;362;9010022;0
74646;362824755666920250401;2025-04-01;362;9010022;0
62097;362824773929120250601;2025-06-01;362;9010022;0
55499;362824773960520250701;2025-07-01;362;9010022;0
80817;36282481409920250301;2025-03-01;362;1427849;0
125001;36282481413820240901;2024-09-01;362;1427849;0
131348;36282481416720240801;2024-08-01;362;1427849;0
137609;36282481418120240701;2024-07-01;362;1427849;0
144230;36282481421620240601;2024-06-01;362;1427849;0
169769;36282481428720240301;2024-03-01;362;1427849;0
178903;36282481431120240201;2024-02-01;362;1427849;0
188049;36282481432620240101;2024-01-01;362;1427849;0
24369;3628248192371320251201;2025-12-01;362;1427849;0
30781;3628248192371420251101;2025-11-01;362;1427849;0
68390;362824855668820250501;2025-05-01;362;1427849;0
74655;362824855669420250401;2025-04-01;362;1427849;0
55477;362824873925720250701;2025-07-01;362;1427849;0
74536;36282491410120250401;2025-04-01;362;1660602;0
125016;36282491415720240901;2024-09-01;362;1660602;0
131363;36282491419920240801;2024-08-01;362;1660602;0
137631;36282491421220240701;2024-07-01;362;1660602;0
144247;36282491423720240601;2024-06-01;362;1660602;0
151628;36282491425720240501;2024-05-01;362;1660602;0
160712;36282491428220240401;2024-04-01;362;1660602;0
169779;36282491430020240301;2024-03-01;362;1660602;0
178908;36282491431920240201;2024-02-01;362;1660602;0
188118;362824955671420240101;2024-01-01;362;1660602;0
30521;362824979499420251101;2025-11-01;362;1660602;0
68449;362824988601520250501;2025-05-01;362;1660602;0
74535;36282501410020250401;2025-04-01;362;55038172;0
109153;36282501412320241101;2024-11-01;362;55038172;0
117139;36282501412720241001;2024-10-01;362;55038172;0
125012;36282501415120240901;2024-09-01;362;55038172;0
131359;36282501418020240801;2024-08-01;362;55038172;0
137623;36282501420320240701;2024-07-01;362;55038172;0
144244;36282501423320240601;2024-06-01;362;55038172;0
151626;36282501425520240501;2024-05-01;362;55038172;0
160705;36282501427220240401;2024-04-01;362;55038172;0
169774;36282501429420240301;2024-03-01;362;55038172;0
68383;362825055667320250501;2025-05-01;362;55038172;0
188115;362825055668720240101;2024-01-01;362;55038172;0
179094;362825055671220240201;2024-02-01;362;55038172;0
80919;362825071397620250301;2025-03-01;362;55038172;0
87063;36282511410220250201;2025-02-01;362;18312097;0
101197;36282511411420241201;2024-12-01;362;18312097;0
125007;36282511414620240901;2024-09-01;362;18312097;0
131351;36282511417120240801;2024-08-01;362;18312097;0
137624;36282511420420240701;2024-07-01;362;18312097;0
144234;36282511422120240601;2024-06-01;362;18312097;0
151616;36282511424320240501;2024-05-01;362;18312097;0
160698;36282511426120240401;2024-04-01;362;18312097;0
169766;36282511428320240301;2024-03-01;362;18312097;0
178896;36282511430420240201;2024-02-01;362;18312097;0
188047;36282511432320240101;2024-01-01;362;18312097;0
80916;362825155671020250301;2025-03-01;362;18312097;0
74660;362825155671620250401;2025-04-01;362;18312097;0
62085;362825171077620250601;2025-06-01;362;18312097;0
55468;362825171396820250701;2025-07-01;362;18312097;0
24296;362825184625620251201;2025-12-01;362;18312097;0
68450;362825188602620250501;2025-05-01;362;18312097;0
74537;36282521410320250401;2025-04-01;362;54997064;0
93224;36282521411620250101;2025-01-01;362;54997064;0
109152;36282521412220241101;2024-11-01;362;54997064;0
117141;36282521413420241001;2024-10-01;362;54997064;0
125014;36282521415320240901;2024-09-01;362;54997064;0
131360;36282521418220240801;2024-08-01;362;54997064;0
137628;36282521420820240701;2024-07-01;362;54997064;0
144246;36282521423520240601;2024-06-01;362;54997064;0
151629;36282521426020240501;2024-05-01;362;54997064;0
160711;36282521427920240401;2024-04-01;362;54997064;0
188061;36282521498020240101;2024-01-01;362;54997064;0
68386;362825255667720250501;2025-05-01;362;54997064;0
179093;362825255669020240201;2024-02-01;362;54997064;0
169916;362825255669120240301;2024-03-01;362;54997064;0
55472;362825271397220250701;2025-07-01;362;54997064;0
87066;36282531410720250201;2025-02-01;362;1234758;0
101203;36282531412120241201;2024-12-01;362;1234758;0
125011;36282531415020240901;2024-09-01;362;1234758;0
131358;36282531417920240801;2024-08-01;362;1234758;0
137610;36282531418620240701;2024-07-01;362;1234758;0
144232;36282531421820240601;2024-06-01;362;1234758;0
151624;36282531425320240501;2024-05-01;362;1234758;0
160706;36282531427320240401;2024-04-01;362;1234758;0
169775;36282531429520240301;2024-03-01;362;1234758;0
80912;362825355667120250301;2025-03-01;362;1234758;0
68393;362825355669620250501;2025-05-01;362;1234758;0
74656;362825355669720250401;2025-04-01;362;1234758;0
62088;362825371078120250601;2025-06-01;362;1234758;0
55463;362825371396120250701;2025-07-01;362;1234758;0
24342;362825390989420251201;2025-12-01;362;1234758;0
87065;36282541410620250201;2025-02-01;362;24444245;0
101204;36282541412420241201;2024-12-01;362;24444245;0
125009;36282541414820240901;2024-09-01;362;24444245;0
131355;36282541417520240801;2024-08-01;362;24444245;0
137621;36282541420020240701;2024-07-01;362;24444245;0
144233;36282541421920240601;2024-06-01;362;24444245;0
178899;36282541430720240201;2024-02-01;362;24444245;0
188048;36282541432420240101;2024-01-01;362;24444245;0
74649;362825455668120250401;2025-04-01;362;24444245;0
80913;362825455670020250301;2025-03-01;362;24444245;0
160834;362825455671320240401;2024-04-01;362;24444245;0
62084;362825471077220250601;2025-06-01;362;24444245;0
55469;362825471396920250701;2025-07-01;362;24444245;0
24290;362825484617520251201;2025-12-01;362;24444245;0
68447;362825488600320250501;2025-05-01;362;24444245;0
169926;362825488601020240301;2024-03-01;362;24444245;0
151765;362825488601220240501;2024-05-01;362;24444245;0
87069;36282551411020250201;2025-02-01;362;152013;0
101201;36282551411920241201;2024-12-01;362;152013;0
117138;36282551412620241001;2024-10-01;362;152013;0
125004;36282551414220240901;2024-09-01;362;152013;0
131350;36282551417020240801;2024-08-01;362;152013;0
137625;36282551420520240701;2024-07-01;362;152013;0
144231;36282551421720240601;2024-06-01;362;152013;0
160703;36282551426920240401;2024-04-01;362;152013;0
178900;36282551430820240201;2024-02-01;362;152013;0
188054;36282551433220240101;2024-01-01;362;152013;0
80911;362825555666720250301;2025-03-01;362;152013;0
68387;362825555667920250501;2025-05-01;362;152013;0
74648;362825555668020250401;2025-04-01;362;152013;0
169917;362825555670720240301;2024-03-01;362;152013;0
55461;362825571395920250701;2025-07-01;362;152013;0
49577;362825582408620250801;2025-08-01;362;152013;0
151766;362825588602820240501;2024-05-01;362;152013;0
24341;362825590989120251201;2025-12-01;362;152013;0
101195;36282561411220241201;2024-12-01;362;1215733;0
124996;36282561412920240901;2024-09-01;362;1215733;0
131341;36282561415520240801;2024-08-01;362;1215733;0
137612;36282561418920240701;2024-07-01;362;1215733;0
144242;36282561423020240601;2024-06-01;362;1215733;0
151623;36282561425120240501;2024-05-01;362;1215733;0
160696;36282561425820240401;2024-04-01;362;1215733;0
68382;362825655666820250501;2025-05-01;362;1215733;0
74647;362825655667520250401;2025-04-01;362;1215733;0
179092;362825655667820240201;2024-02-01;362;1215733;0
188116;362825655670120240101;2024-01-01;362;1215733;0
80914;362825655670420250301;2025-03-01;362;1215733;0
62089;362825671078220250601;2025-06-01;362;1215733;0
55462;362825671396020250701;2025-07-01;362;1215733;0
24293;362825684618420251201;2025-12-01;362;1215733;0
117140;36282571413220241001;2024-10-01;362;22979949;0
125017;36282571416320240901;2024-09-01;362;22979949;0
131361;36282571418320240801;2024-08-01;362;22979949;0
137627;36282571420720240701;2024-07-01;362;22979949;0
144248;36282571423820240601;2024-06-01;362;22979949;0
151631;36282571426420240501;2024-05-01;362;22979949;0
160709;36282571427720240401;2024-04-01;362;22979949;0
178905;36282571431520240201;2024-02-01;362;22979949;0
188056;36282571433520240101;2024-01-01;362;22979949;0
68381;362825755666620250501;2025-05-01;362;22979949;0
74650;362825755668220250401;2025-04-01;362;22979949;0
169918;362825755671520240301;2024-03-01;362;22979949;0
125015;36282581415420240901;2024-09-01;362;22979954;0
131362;36282581418520240801;2024-08-01;362;22979954;0
137629;36282581420920240701;2024-07-01;362;22979954;0
144249;36282581424020240601;2024-06-01;362;22979954;0
151630;36282581426220240501;2024-05-01;362;22979954;0
160710;36282581427820240401;2024-04-01;362;22979954;0
169778;36282581429820240301;2024-03-01;362;22979954;0
178906;36282581431620240201;2024-02-01;362;22979954;0
188057;36282581433620240101;2024-01-01;362;22979954;0
49480;362825874212420250801;2025-08-01;362;22979954;0
55511;362825874212520250701;2025-07-01;362;22979954;0
74610;36282588629120250401;2025-04-01;362;22979954;0
68360;36282588629620250501;2025-05-01;362;22979954;0
125018;36282591416520240901;2024-09-01;362;51382206;0
131356;36282591417720240801;2024-08-01;362;51382206;0
137630;36282591421020240701;2024-07-01;362;51382206;0
144245;36282591423420240601;2024-06-01;362;51382206;0
151627;36282591425620240501;2024-05-01;362;51382206;0
160714;36282591429320240401;2024-04-01;362;51382206;0
169777;36282591429720240301;2024-03-01;362;51382206;0
178907;36282591431720240201;2024-02-01;362;51382206;0
188058;36282591433720240101;2024-01-01;362;51382206;0
30774;3628259192359720251101;2025-11-01;362;51382206;0
68391;362825955669220250501;2025-05-01;362;51382206;0
74688;362825988602720250401;2025-04-01;362;51382206;0
24334;362825990555720251201;2025-12-01;362;51382206;0
74538;36283771449720250401;2025-04-01;362;11245760;0
5482;3628377190091420260301;2026-03-01;362;11245760;0
30533;362837779688820251101;2025-11-01;362;11245760;0
17676;362837784699720260101;2026-01-01;362;11245760;0
11488;362837789010820260201;2026-02-01;362;11245760;0
169782;36283781450120240301;2024-03-01;362;751643301871;0
74599;36283781901820250401;2025-04-01;362;751643301871;0
11698;3628378191740820260201;2026-02-01;362;751643301871;0
18028;3628378191741320260101;2026-01-01;362;751643301871;0
55520;362837874348220250701;2025-07-01;362;751643301871;0
62101;362837874348320250601;2025-06-01;362;751643301871;0
49528;362837874784420250801;2025-08-01;362;751643301871;0
43535;362837876158520250901;2025-09-01;362;751643301871;0
30690;362837881395920251101;2025-11-01;362;751643301871;0
68365;36283788630220250501;2025-05-01;362;751643301871;0
62004;362849853820250601;2025-06-01;362;2089496574;0
125021;36285201498120240901;2024-09-01;362;81470282;0
1214;3628520193409420260401;2026-04-01;362;81470282;0
24235;362852082367220251201;2025-12-01;362;81470282;0
17678;362852084726420260101;2026-01-01;362;81470282;0
11454;362852088483420260201;2026-02-01;362;81470282;0
5440;362852093649820260301;2026-03-01;362;81470282;0
74539;36285221504820250401;2025-04-01;362;7979707;0
80819;36285221506720250301;2025-03-01;362;7979707;0
37104;362852276744920251001;2025-10-01;362;7979707;0
80818;36285231505120250301;2025-03-01;362;1109677;0
74554;36285231636420250401;2025-04-01;362;1109677;0
30751;362852382669720251101;2025-11-01;362;1109677;0
24250;362852382709920251201;2025-12-01;362;1109677;0
74540;36285251508920250401;2025-04-01;362;14738627;0
68406;362852556128020250501;2025-05-01;362;14738627;0
62068;362852556128120250601;2025-06-01;362;14738627;0
30575;362852580233120251101;2025-11-01;362;14738627;0
37248;362852581762720251001;2025-10-01;362;14738627;0
11562;362852590634320260201;2026-02-01;362;14738627;0
80820;36285261509120250301;2025-03-01;362;413;0
87092;36285261686520250201;2025-02-01;362;413;0
55460;362852671395820250701;2025-07-01;362;413;0
43539;362852676500720250901;2025-09-01;362;413;0
80821;36285271509220250301;2025-03-01;362;0000603067;0
74565;36285271692120250401;2025-04-01;362;0000603067;0
68375;362852749853120250501;2025-05-01;362;0000603067;0
55496;362852773929220250701;2025-07-01;362;0000603067;0
62098;362852773929320250601;2025-06-01;362;0000603067;0
43619;362852778924220250901;2025-09-01;362;0000603067;0
37225;362852779025720251001;2025-10-01;362;0000603067;0
80824;36285281509620250301;2025-03-01;362;1051608201877;0
30670;362852881033620251101;2025-11-01;362;1051608201877;0
80825;36285291509720250301;2025-03-01;362;1051608601839;0
30687;362852981097520251101;2025-11-01;362;1051608601839;0
11670;362852993568320260201;2026-02-01;362;1051608601839;0
80826;36285301509820250301;2025-03-01;362;1051608701824;0
24356;3628530192095320251201;2025-12-01;362;1051608701824;0
257261;36285321512520230101;2023-01-01;362;2036290153;0
74594;36285321901120250401;2025-04-01;362;2036290153;0
68417;362853268802520250501;2025-05-01;362;2036290153;0
43558;362853276619520250901;2025-09-01;362;2036290153;0
178914;36285331512620240201;2024-02-01;362;2036309784;0
131367;36285331512720240801;2024-08-01;362;2036309784;0
74595;36285331901220250401;2025-04-01;362;2036309784;0
68405;362853356123820250501;2025-05-01;362;2036309784;0
43559;362853376619620250901;2025-09-01;362;2036309784;0
74549;36286271530820250401;2025-04-01;362;31446469;0
30570;362862780232520251101;2025-11-01;362;31446469;0
37246;362862781588320251001;2025-10-01;362;31446469;0
17842;362862787702720260101;2026-01-01;362;31446469;0
178915;36286281530920240201;2024-02-01;362;21573883;0
169786;36286281531020240301;2024-03-01;362;21573883;0
74550;36286281531120250401;2025-04-01;362;21573883;0
160719;36286281531220240401;2024-04-01;362;21573883;0
151636;36286281531320240501;2024-05-01;362;21573883;0
144253;36286281531420240601;2024-06-01;362;21573883;0
137636;36286281531520240701;2024-07-01;362;21573883;0
131368;36286281531620240801;2024-08-01;362;21573883;0
125023;36286281531720240901;2024-09-01;362;21573883;0
188064;36286281532620240101;2024-01-01;362;21573883;0
68337;36286281897820250501;2025-05-01;362;21573883;0
49479;362862874212320250801;2025-08-01;362;21573883;0
37226;362862879026320251001;2025-10-01;362;21573883;0
30548;362862879775420251101;2025-11-01;362;21573883;0
17833;362862887640720260101;2026-01-01;362;21573883;0
11665;362862893505220260201;2026-02-01;362;21573883;0
188063;36286291531820240101;2024-01-01;362;79055222;0
178916;36286291531920240201;2024-02-01;362;79055222;0
169787;36286291532020240301;2024-03-01;362;79055222;0
160720;36286291532120240401;2024-04-01;362;79055222;0
151637;36286291532220240501;2024-05-01;362;79055222;0
144254;36286291532320240601;2024-06-01;362;79055222;0
137637;36286291532420240701;2024-07-01;362;79055222;0
131369;36286291532520240801;2024-08-01;362;79055222;0
74553;36286291533120250401;2025-04-01;362;79055222;0
125038;36286291857520240901;2024-09-01;362;79055222;0
68345;36286291900320250501;2025-05-01;362;79055222;0
18023;3628629190590320260101;2026-01-01;362;79055222;0
11692;3628629190590420260201;2026-02-01;362;79055222;0
5494;3628629190590720260301;2026-03-01;362;79055222;0
49447;362862973996720250801;2025-08-01;362;79055222;0
55504;362862973996820250701;2025-07-01;362;79055222;0
37230;362862979382920251001;2025-10-01;362;79055222;0
30519;362862979464920251101;2025-11-01;362;79055222;0
74551;36286301532920250401;2025-04-01;362;11924683;0
37185;362863078533220251001;2025-10-01;362;11924683;0
117105;3628720241001;2024-10-01;362;2089496574;0
24280;362882978220251201;2025-12-01;362;2089496574;0
17738;362885638220260101;2026-01-01;362;2089496574;0
11519;362889741520260201;2026-02-01;362;2089496574;0
87072;36291431597820250201;2025-02-01;362;520844312;0
80861;36291431679320250301;2025-03-01;362;520844312;0
87073;36291441597920250201;2025-02-01;362;W9002115341;0
49426;362914473819420250801;2025-08-01;362;W9002115341;0
17718;362914485369120260101;2026-01-01;362;W9002115341;0
80827;36291451598020250301;2025-03-01;362;103120470;0
87093;36291451687720250201;2025-02-01;362;103120470;0
74585;36291451852620250401;2025-04-01;362;103120470;0
24355;3629145191907620251201;2025-12-01;362;103120470;0
11710;3629145192372820260201;2026-02-01;362;103120470;0
62072;362914556144720250601;2025-06-01;362;103120470;0
49502;362914574364420250801;2025-08-01;362;103120470;0
43571;362914576708720250901;2025-09-01;362;103120470;0
17854;362914587989320260101;2026-01-01;362;103120470;0
80828;36291461598120250301;2025-03-01;362;12356471;0
87104;36291461855320250201;2025-02-01;362;12356471;0
74588;36291461856620250401;2025-04-01;362;12356471;0
68410;362914656143820250501;2025-05-01;362;12356471;0
62074;362914656144920250601;2025-06-01;362;12356471;0
49520;362914674688920250801;2025-08-01;362;12356471;0
80829;36291471598220250301;2025-03-01;362;1195387;0
74586;36291471853120250401;2025-04-01;362;1195387;0
87105;36291471855420250201;2025-02-01;362;1195387;0
24349;3629147191739920251201;2025-12-01;362;1195387;0
11709;3629147192372020260201;2026-02-01;362;1195387;0
68414;362914756144220250501;2025-05-01;362;1195387;0
49501;362914774364320250801;2025-08-01;362;1195387;0
43541;362914776540120250901;2025-09-01;362;1195387;0
17858;362914787990120260101;2026-01-01;362;1195387;0
24781;3629148191738520251201;2025-12-01;362;99207515;0
68452;3629148191739520250501;2025-05-01;362;99207515;0
11701;3629148192356220260201;2026-02-01;362;99207515;0
18033;3629148192356520260101;2026-01-01;362;99207515;0
80830;36291491598420250301;2025-03-01;362;462209;0
93248;36291491853820250101;2025-01-01;362;462209;0
101220;36291491855720241201;2024-12-01;362;462209;0
87107;36291491855920250201;2025-02-01;362;462209;0
74589;36291491856920250401;2025-04-01;362;462209;0
11705;3629149192362620260201;2026-02-01;362;462209;0
68412;362914956144020250501;2025-05-01;362;462209;0
62075;362914956145020250601;2025-06-01;362;462209;0
49499;362914974363920250801;2025-08-01;362;462209;0
43572;362914976708820250901;2025-09-01;362;462209;0
24289;362914984528720251201;2025-12-01;362;462209;0
17857;362914987989920260101;2026-01-01;362;462209;0
80831;36291501598520250301;2025-03-01;362;10688949;0
93249;36291501854920250101;2025-01-01;362;10688949;0
101221;36291501855820241201;2024-12-01;362;10688949;0
87108;36291501856120250201;2025-02-01;362;10688949;0
74590;36291501857020250401;2025-04-01;362;10688949;0
56034;3629150193425720250701;2025-07-01;362;10688949;0
68413;362915056144120250501;2025-05-01;362;10688949;0
62073;362915056144820250601;2025-06-01;362;10688949;0
49503;362915074364520250801;2025-08-01;362;10688949;0
43548;362915076570720250901;2025-09-01;362;10688949;0
17855;362915087989420260101;2026-01-01;362;10688949;0
80832;36291511598620250301;2025-03-01;362;8874735;0
125037;36291511854020240901;2024-09-01;362;8874735;0
109168;36291511854120241101;2024-11-01;362;8874735;0
117157;36291511854320241001;2024-10-01;362;8874735;0
151650;36291511854420240501;2024-05-01;362;8874735;0
169800;36291511854520240301;2024-03-01;362;8874735;0
137649;36291511854620240701;2024-07-01;362;8874735;0
144266;36291511854820240601;2024-06-01;362;8874735;0
93250;36291511855020250101;2025-01-01;362;8874735;0
188074;36291511855120240101;2024-01-01;362;8874735;0
87109;36291511856220250201;2025-02-01;362;8874735;0
101222;36291511856320241201;2024-12-01;362;8874735;0
178928;36291511856420240201;2024-02-01;362;8874735;0
131382;36291511856720240801;2024-08-01;362;8874735;0
74592;36291511857220250401;2025-04-01;362;8874735;0
160731;36291511857320240401;2024-04-01;362;8874735;0
68409;362915156143720250501;2025-05-01;362;8874735;0
49519;362915174688720250801;2025-08-01;362;8874735;0
62108;362915174688820250601;2025-06-01;362;8874735;0
17856;362915187989720260101;2026-01-01;362;8874735;0
80833;36291521598720250301;2025-03-01;362;19246221;0
160730;36291521851920240401;2024-04-01;362;19246221;0
125035;36291521852020240901;2024-09-01;362;19246221;0
87103;36291521852220250201;2025-02-01;362;19246221;0
169799;36291521852520240301;2024-03-01;362;19246221;0
178927;36291521852720240201;2024-02-01;362;19246221;0
137648;36291521852820240701;2024-07-01;362;19246221;0
144265;36291521852920240601;2024-06-01;362;19246221;0
117156;36291521853020241001;2024-10-01;362;19246221;0
101219;36291521853220241201;2024-12-01;362;19246221;0
131381;36291521853420240801;2024-08-01;362;19246221;0
93246;36291521853520250101;2025-01-01;362;19246221;0
151649;36291521853620240501;2024-05-01;362;19246221;0
74587;36291521853920250401;2025-04-01;362;19246221;0
109169;36291521854220241101;2024-11-01;362;19246221;0
188075;36291521855220240101;2024-01-01;362;19246221;0
62071;362915256144620250601;2025-06-01;362;19246221;0
68415;362915256145120250501;2025-05-01;362;19246221;0
49521;362915274689120250801;2025-08-01;362;19246221;0
17851;362915287988420260101;2026-01-01;362;19246221;0
80834;36291531598820250301;2025-03-01;362;2000315616;0
125036;36291531852120240901;2024-09-01;362;2000315616;0
131380;36291531852320240801;2024-08-01;362;2000315616;0
117155;36291531852420241001;2024-10-01;362;2000315616;0
109167;36291531853320241101;2024-11-01;362;2000315616;0
93247;36291531853720250101;2025-01-01;362;2000315616;0
87106;36291531855620250201;2025-02-01;362;2000315616;0
101223;36291531856520241201;2024-12-01;362;2000315616;0
74591;36291531857120250401;2025-04-01;362;2000315616;0
68411;362915356143920250501;2025-05-01;362;2000315616;0
62070;362915356144420250601;2025-06-01;362;2000315616;0
17850;362915387988320260101;2026-01-01;362;2000315616;0
109155;36291541598920241101;2024-11-01;362;5009595;0
87074;36291541599120250201;2025-02-01;362;5009595;0
93229;36291541599620250101;2025-01-01;362;5009595;0
109156;36291551599020241101;2024-11-01;362;613744;0
87075;36291551599220250201;2025-02-01;362;613744;0
93228;36291551599520250101;2025-01-01;362;613744;0
93290;36291605191770620250101;2025-01-01;362;41762053;0
68459;36291605191771120250501;2025-05-01;362;41762053;0
74699;36291605191771220250401;2025-04-01;362;41762053;0
43651;36291605191771520250901;2025-09-01;362;41762053;0
62140;36291605191771620250601;2025-06-01;362;41762053;0
55575;36291605191772220250701;2025-07-01;362;41762053;0
49590;36291605191772620250801;2025-08-01;362;41762053;0
80938;36291605191772820250301;2025-03-01;362;41762053;0
17715;3629160585169720260101;2026-01-01;362;41762053;0
109117;36291720241101;2024-11-01;362;2089496515;0
5496;3629190618120260301;2026-03-01;362;2089496515;0
17720;3629226585369420260101;2026-01-01;362;10034898;0
17722;3629226685369620260101;2026-01-01;362;1727010;0
11581;3629226690914220260201;2026-02-01;362;1727010;0
17721;3629226785369520260101;2026-01-01;362;21102554;0
11579;3629226790914020260201;2026-02-01;362;21102554;0
24313;3629287685782920251201;2025-12-01;362;47917016;0
87076;36293701632920250201;2025-02-01;362;5235523;0
131377;36293701787120240801;2024-08-01;362;5235523;0
137645;36293701787220240701;2024-07-01;362;5235523;0
151646;36293701787320240501;2024-05-01;362;5235523;0
125032;36293701787420240901;2024-09-01;362;5235523;0
144262;36293701787520240601;2024-06-01;362;5235523;0
101218;36293701787720241201;2024-12-01;362;5235523;0
93245;36293701787820250101;2025-01-01;362;5235523;0
117151;36293701787920241001;2024-10-01;362;5235523;0
188073;36293701788020240101;2024-01-01;362;5235523;0
169797;36293701788120240301;2024-03-01;362;5235523;0
178925;36293701788220240201;2024-02-01;362;5235523;0
74584;36293701788320250401;2025-04-01;362;5235523;0
109166;36293701789220241101;2024-11-01;362;5235523;0
80881;36293701789420250301;2025-03-01;362;5235523;0
55590;3629370192137620250701;2025-07-01;362;5235523;0
49604;3629370192137720250801;2025-08-01;362;5235523;0
43660;3629370192137820250901;2025-09-01;362;5235523;0
68437;362937074697920250501;2025-05-01;362;5235523;0
24325;362937086855220251201;2025-12-01;362;5235523;0
17882;362937090354020260101;2026-01-01;362;5235523;0
87077;36293711633020250201;2025-02-01;362;2007569;0
93232;36293711633720250101;2025-01-01;362;2007569;0
131371;36293711711020240801;2024-08-01;362;2007569;0
101208;36293711711120241201;2024-12-01;362;2007569;0
137639;36293711711220240701;2024-07-01;362;2007569;0
109159;36293711711320241101;2024-11-01;362;2007569;0
178918;36293711711420240201;2024-02-01;362;2007569;0
125026;36293711711520240901;2024-09-01;362;2007569;0
144257;36293711711620240601;2024-06-01;362;2007569;0
117145;36293711711720241001;2024-10-01;362;2007569;0
188066;36293711711820240101;2024-01-01;362;2007569;0
80878;36293711712120250301;2025-03-01;362;2007569;0
169790;36293711712320240301;2024-03-01;362;2007569;0
74580;36293711714520250401;2025-04-01;362;2007569;0
151642;36293711714620240501;2024-05-01;362;2007569;0
160728;36293711786220240401;2024-04-01;362;2007569;0
55582;3629371192132720250701;2025-07-01;362;2007569;0
49596;3629371192132920250801;2025-08-01;362;2007569;0
37270;3629371192133220251001;2025-10-01;362;2007569;0
62152;3629371192136020250601;2025-06-01;362;2007569;0
68433;362937174697520250501;2025-05-01;362;2007569;0
43615;362937178923220250901;2025-09-01;362;2007569;0
24303;362937185371920251201;2025-12-01;362;2007569;0
17924;362937190913720260101;2026-01-01;362;2007569;0
87078;36293721633120250201;2025-02-01;362;2007660;0
93230;36293721633220250101;2025-01-01;362;2007660;0
178924;36293721786020240201;2024-02-01;362;2007660;0
160727;36293721786120240401;2024-04-01;362;2007660;0
109164;36293721786320241101;2024-11-01;362;2007660;0
101216;36293721786420241201;2024-12-01;362;2007660;0
188071;36293721786520240101;2024-01-01;362;2007660;0
80879;36293721786620250301;2025-03-01;362;2007660;0
169796;36293721786820240301;2024-03-01;362;2007660;0
144263;36293721788420240601;2024-06-01;362;2007660;0
131378;36293721788520240801;2024-08-01;362;2007660;0
151647;36293721788620240501;2024-05-01;362;2007660;0
137646;36293721788720240701;2024-07-01;362;2007660;0
125033;36293721788820240901;2024-09-01;362;2007660;0
117152;36293721788920241001;2024-10-01;362;2007660;0
68466;3629372192136120250501;2025-05-01;362;2007660;0
62153;3629372192136220250601;2025-06-01;362;2007660;0
55588;3629372192136320250701;2025-07-01;362;2007660;0
49602;3629372192136420250801;2025-08-01;362;2007660;0
37275;3629372192136520251001;2025-10-01;362;2007660;0
43658;3629372192136620250901;2025-09-01;362;2007660;0
74678;362937274696520250401;2025-04-01;362;2007660;0
24308;362937285373120251201;2025-12-01;362;2007660;0
17919;362937290913020260101;2026-01-01;362;2007660;0
80835;36293731633320250301;2025-03-01;362;3142862;0
87091;36293731685820250201;2025-02-01;362;3142862;0
74679;362937374696620250401;2025-04-01;362;3142862;0
68438;362937374698020250501;2025-05-01;362;3142862;0
109231;362937374786220241101;2024-11-01;362;3142862;0
101400;362937374787320241201;2024-12-01;362;3142862;0
43591;362937378519620250901;2025-09-01;362;3142862;0
37228;362937379151920251001;2025-10-01;362;3142862;0
24343;362937390989520251201;2025-12-01;362;3142862;0
17968;362937391101820260101;2026-01-01;362;3142862;0
87079;36293741633520250201;2025-02-01;362;6879820;0
62144;3629374192130420250601;2025-06-01;362;6879820;0
43653;3629374192130520250901;2025-09-01;362;6879820;0
55579;3629374192130720250701;2025-07-01;362;6879820;0
49593;3629374192130820250801;2025-08-01;362;6879820;0
37268;3629374192131220251001;2025-10-01;362;6879820;0
93274;362937474693820250101;2025-01-01;362;6879820;0
80921;362937474695520250301;2025-03-01;362;6879820;0
109224;362937474698620241101;2024-11-01;362;6879820;0
101394;362937474786720241201;2024-12-01;362;6879820;0
188122;362937474787720240101;2024-01-01;362;6879820;0
151762;362937474787820240501;2024-05-01;362;6879820;0
160839;362937474787920240401;2024-04-01;362;6879820;0
169923;362937474788020240301;2024-03-01;362;6879820;0
179098;362937474788120240201;2024-02-01;362;6879820;0
24322;362937486569620251201;2025-12-01;362;6879820;0
17883;362937490354320260101;2026-01-01;362;6879820;0
93231;36293751633420250101;2025-01-01;362;2921660;0
160722;36293751710720240401;2024-04-01;362;2921660;0
144256;36293751710820240601;2024-06-01;362;2921660;0
87097;36293751710920250201;2025-02-01;362;2921660;0
101209;36293751711920241201;2024-12-01;362;2921660;0
131372;36293751712020240801;2024-08-01;362;2921660;0
125027;36293751712220240901;2024-09-01;362;2921660;0
151641;36293751712720240501;2024-05-01;362;2921660;0
178919;36293751712920240201;2024-02-01;362;2921660;0
109160;36293751713020241101;2024-11-01;362;2921660;0
117146;36293751713120241001;2024-10-01;362;2921660;0
169791;36293751713320240301;2024-03-01;362;2921660;0
137641;36293751713820240701;2024-07-01;362;2921660;0
80940;3629375192134720250301;2025-03-01;362;2921660;0
74702;3629375192134820250401;2025-04-01;362;2921660;0
68464;3629375192135020250501;2025-05-01;362;2921660;0
62150;3629375192135220250601;2025-06-01;362;2921660;0
55587;3629375192135420250701;2025-07-01;362;2921660;0
49601;3629375192135620250801;2025-08-01;362;2921660;0
37274;3629375192135720251001;2025-10-01;362;2921660;0
43611;362937578922820250901;2025-09-01;362;2921660;0
24300;362937585371320251201;2025-12-01;362;2921660;0
17916;362937590912620260101;2026-01-01;362;2921660;0
87080;36293761633620250201;2025-02-01;362;7033230634;0
93234;36293761633920250101;2025-01-01;362;7033230634;0
93233;36293771633820250101;2025-01-01;362;847743;0
37273;3629377192134120251001;2025-10-01;362;847743;0
68463;3629377192134220250501;2025-05-01;362;847743;0
55585;3629377192134320250701;2025-07-01;362;847743;0
49599;3629377192134420250801;2025-08-01;362;847743;0
43656;3629377192134520250901;2025-09-01;362;847743;0
62149;3629377192134620250601;2025-06-01;362;847743;0
74680;362937774696720250401;2025-04-01;362;847743;0
80926;362937774696820250301;2025-03-01;362;847743;0
109228;362937774699720241101;2024-11-01;362;847743;0
80836;36293781634020250301;2025-03-01;362;7050423489;0
87081;36293791634120250201;2025-02-01;362;2895900;0
109165;36293791786720241101;2024-11-01;362;2895900;0
188072;36293791786920240101;2024-01-01;362;2895900;0
101217;36293791787020241201;2024-12-01;362;2895900;0
80880;36293791787620250301;2025-03-01;362;2895900;0
144264;36293791789020240601;2024-06-01;362;2895900;0
151648;36293791789120240501;2024-05-01;362;2895900;0
169798;36293791789320240301;2024-03-01;362;2895900;0
137647;36293791789520240701;2024-07-01;362;2895900;0
131379;36293791789620240801;2024-08-01;362;2895900;0
178926;36293791789720240201;2024-02-01;362;2895900;0
125034;36293791789820240901;2024-09-01;362;2895900;0
117153;36293791789920241001;2024-10-01;362;2895900;0
160729;36293791790020240401;2024-04-01;362;2895900;0
49591;3629379192129920250801;2025-08-01;362;2895900;0
55577;3629379192130020250701;2025-07-01;362;2895900;0
93277;362937974695120250101;2025-01-01;362;2895900;0
74676;362937974696220250401;2025-04-01;362;2895900;0
68435;362937974697720250501;2025-05-01;362;2895900;0
43592;362937978519720250901;2025-09-01;362;2895900;0
24307;362937985372620251201;2025-12-01;362;2895900;0
17918;362937990912920260101;2026-01-01;362;2895900;0
80837;36293801634220250301;2025-03-01;362;9000724;0
62113;362938074693420250601;2025-06-01;362;9000724;0
93273;362938074693620250101;2025-01-01;362;9000724;0
74672;362938074695420250401;2025-04-01;362;9000724;0
68430;362938074697220250501;2025-05-01;362;9000724;0
109223;362938074698520241101;2024-11-01;362;9000724;0
101393;362938074786620241201;2024-12-01;362;9000724;0
160838;362938074787420240401;2024-04-01;362;9000724;0
169922;362938074787520240301;2024-03-01;362;9000724;0
179097;362938074787620240201;2024-02-01;362;9000724;0
24294;362938084618620251201;2025-12-01;362;9000724;0
17859;362938087990320260101;2026-01-01;362;9000724;0
87082;36293811634320250201;2025-02-01;362;9167850;0
74703;3629381192134920250401;2025-04-01;362;9167850;0
68465;3629381192135120250501;2025-05-01;362;9167850;0
55586;3629381192135320250701;2025-07-01;362;9167850;0
49600;3629381192135520250801;2025-08-01;362;9167850;0
62151;3629381192135820250601;2025-06-01;362;9167850;0
93272;362938174693220250101;2025-01-01;362;9167850;0
80920;362938174695320250301;2025-03-01;362;9167850;0
109222;362938174698420241101;2024-11-01;362;9167850;0
101392;362938174786520241201;2024-12-01;362;9167850;0
43616;362938178923420250901;2025-09-01;362;9167850;0
24321;362938186569220251201;2025-12-01;362;9167850;0
17886;362938190356120260101;2026-01-01;362;9167850;0
80838;36293821634420250301;2025-03-01;362;5235519;0
160723;36293821712420240401;2024-04-01;362;5235519;0
151640;36293821712520240501;2024-05-01;362;5235519;0
144258;36293821712620240601;2024-06-01;362;5235519;0
125028;36293821712820240901;2024-09-01;362;5235519;0
131373;36293821713220240801;2024-08-01;362;5235519;0
109161;36293821713420241101;2024-11-01;362;5235519;0
188067;36293821713520240101;2024-01-01;362;5235519;0
137640;36293821713620240701;2024-07-01;362;5235519;0
117147;36293821713720241001;2024-10-01;362;5235519;0
93241;36293821713920250101;2025-01-01;362;5235519;0
101210;36293821714020241201;2024-12-01;362;5235519;0
87098;36293821714120250201;2025-02-01;362;5235519;0
178920;36293821714220240201;2024-02-01;362;5235519;0
169792;36293821714320240301;2024-03-01;362;5235519;0
74579;36293821714420250401;2025-04-01;362;5235519;0
62114;362938274695020250601;2025-06-01;362;5235519;0
68434;362938274697620250501;2025-05-01;362;5235519;0
37232;362938280354920251001;2025-10-01;362;5235519;0
24297;362938284736620251201;2025-12-01;362;5235519;0
17967;362938291042120260101;2026-01-01;362;5235519;0
80839;36293831634520250301;2025-03-01;362;2005905;0
109219;362938374698120241101;2024-11-01;362;2005905;0
151639;36293841700420240501;2024-05-01;362;2803733;0
117144;36293841700520241001;2024-10-01;362;2803733;0
137638;36293841700620240701;2024-07-01;362;2803733;0
188065;36293841700720240101;2024-01-01;362;2803733;0
125025;36293841700820240901;2024-09-01;362;2803733;0
169789;36293841700920240301;2024-03-01;362;2803733;0
160721;36293841701020240401;2024-04-01;362;2803733;0
68315;36293841701120250501;2025-05-01;362;2803733;0
144255;36293841701220240601;2024-06-01;362;2803733;0
93237;36293841701320250101;2025-01-01;362;2803733;0
80875;36293841701420250301;2025-03-01;362;2803733;0
131370;36293841701520240801;2024-08-01;362;2803733;0
178917;36293841701620240201;2024-02-01;362;2803733;0
101207;36293841701720241201;2024-12-01;362;2803733;0
74573;36293841701820250401;2025-04-01;362;2803733;0
109158;36293841701920241101;2024-11-01;362;2803733;0
87095;36293841702020250201;2025-02-01;362;2803733;0
37222;362938478929920251001;2025-10-01;362;2803733;0
30625;362938480355620251101;2025-11-01;362;2803733;0
87083;36293851634920250201;2025-02-01;362;6861030;0
62156;3629385192138920250601;2025-06-01;362;6861030;0
55592;3629385192139220250701;2025-07-01;362;6861030;0
49606;3629385192139420250801;2025-08-01;362;6861030;0
37278;3629385192139620251001;2025-10-01;362;6861030;0
93275;362938574693920250101;2025-01-01;362;6861030;0
74673;362938574695620250401;2025-04-01;362;6861030;0
80922;362938574695720250301;2025-03-01;362;6861030;0
68431;362938574697320250501;2025-05-01;362;6861030;0
109225;362938574698720241101;2024-11-01;362;6861030;0
101395;362938574786820241201;2024-12-01;362;6861030;0
188123;362938574788220240101;2024-01-01;362;6861030;0
160840;362938574788320240401;2024-04-01;362;6861030;0
151763;362938574788420240501;2024-05-01;362;6861030;0
169924;362938574788520240301;2024-03-01;362;6861030;0
179099;362938574788620240201;2024-02-01;362;6861030;0
43590;362938578519520250901;2025-09-01;362;6861030;0
24309;362938585373520251201;2025-12-01;362;6861030;0
17927;362938590917720260101;2026-01-01;362;6861030;0
80840;36293861634820250301;2025-03-01;362;2995556;0
30769;3629386192133420251101;2025-11-01;362;2995556;0
62148;3629386192133620250601;2025-06-01;362;2995556;0
55584;3629386192133720250701;2025-07-01;362;2995556;0
37272;3629386192133820251001;2025-10-01;362;2995556;0
49598;3629386192133920250801;2025-08-01;362;2995556;0
43655;3629386192134020250901;2025-09-01;362;2995556;0
109220;362938674698220241101;2024-11-01;362;2995556;0
101390;362938674786320241201;2024-12-01;362;2995556;0
87084;36293871635020250201;2025-02-01;362;3049943;0
62143;3629387192130120250601;2025-06-01;362;3049943;0
55578;3629387192130220250701;2025-07-01;362;3049943;0
49592;3629387192130320250801;2025-08-01;362;3049943;0
37267;3629387192130620251001;2025-10-01;362;3049943;0
68428;362938774694020250501;2025-05-01;362;3049943;0
93276;362938774694120250101;2025-01-01;362;3049943;0
74675;362938774696020250401;2025-04-01;362;3049943;0
80924;362938774696120250301;2025-03-01;362;3049943;0
109227;362938774699420241101;2024-11-01;362;3049943;0
101397;362938774787020241201;2024-12-01;362;3049943;0
43617;362938778923820250901;2025-09-01;362;3049943;0
24305;362938785372320251201;2025-12-01;362;3049943;0
17925;362938790913820260101;2026-01-01;362;3049943;0
17746;3629387986028220260101;2026-01-01;362;2802301;0
11546;3629387990055020260201;2026-02-01;362;2802301;0
87085;36293881635120250201;2025-02-01;362;2895708;0
62155;3629388192137920250601;2025-06-01;362;2895708;0
55591;3629388192138020250701;2025-07-01;362;2895708;0
49605;3629388192138120250801;2025-08-01;362;2895708;0
37277;3629388192138220251001;2025-10-01;362;2895708;0
74677;362938874696320250401;2025-04-01;362;2895708;0
80925;362938874696420250301;2025-03-01;362;2895708;0
68436;362938874697820250501;2025-05-01;362;2895708;0
109229;362938874786020241101;2024-11-01;362;2895708;0
101398;362938874787120241201;2024-12-01;362;2895708;0
43593;362938878519820250901;2025-09-01;362;2895708;0
24301;362938885371520251201;2025-12-01;362;2895708;0
17917;362938890912720260101;2026-01-01;362;2895708;0
17747;3629390786036720260101;2026-01-01;362;2802302;0
80841;36294041649320250301;2025-03-01;362;3002997648;0
80842;36294051649420250301;2025-03-01;362;3002997699;0
80843;36294061649520250301;2025-03-01;362;3002997664;0
24323;3629446186571720251201;2025-12-01;362;9365433;0
17953;3629446190992420260101;2026-01-01;362;9365433;0
24324;3629446286571820251201;2025-12-01;362;49683844;0
17958;3629446290993020260101;2026-01-01;362;49683844;0
62033;362949906320250601;2025-06-01;362;2089496515;0
117103;3629520241001;2024-10-01;362;2089496515;0
80844;36295921676820250301;2025-03-01;362;34722951;0
188076;36295921932120240101;2024-01-01;362;34722951;0
93256;36295921932220250101;2025-01-01;362;34722951;0
178929;36295921932320240201;2024-02-01;362;34722951;0
87112;36295921932420250201;2025-02-01;362;34722951;0
169801;36295921932520240301;2024-03-01;362;34722951;0
160734;36295921932620240401;2024-04-01;362;34722951;0
74603;36295921932720250401;2025-04-01;362;34722951;0
151653;36295921932820240501;2024-05-01;362;34722951;0
144269;36295921932920240601;2024-06-01;362;34722951;0
137652;36295921933020240701;2024-07-01;362;34722951;0
131385;36295921933120240801;2024-08-01;362;34722951;0
125041;36295921933220240901;2024-09-01;362;34722951;0
117160;36295921933320241001;2024-10-01;362;34722951;0
109173;36295921933420241101;2024-11-01;362;34722951;0
101226;36295921933520241201;2024-12-01;362;34722951;0
68357;36295928628420250501;2025-05-01;362;34722951;0
80845;36295931676920250301;2025-03-01;362;322946;0
188077;36295931933620240101;2024-01-01;362;322946;0
93257;36295931933720250101;2025-01-01;362;322946;0
178930;36295931933820240201;2024-02-01;362;322946;0
87113;36295931933920250201;2025-02-01;362;322946;0
169802;36295931934020240301;2024-03-01;362;322946;0
160735;36295931934120240401;2024-04-01;362;322946;0
74604;36295931934220250401;2025-04-01;362;322946;0
151654;36295931934320240501;2024-05-01;362;322946;0
144270;36295931934420240601;2024-06-01;362;322946;0
137653;36295931934520240701;2024-07-01;362;322946;0
131386;36295931934620240801;2024-08-01;362;322946;0
125042;36295931934720240901;2024-09-01;362;322946;0
117161;36295931934820241001;2024-10-01;362;322946;0
109174;36295931934920241101;2024-11-01;362;322946;0
101227;36295931935020241201;2024-12-01;362;322946;0
68356;36295938628320250501;2025-05-01;362;322946;0
80846;36295941677020250301;2025-03-01;362;37469793;0
188078;36295941935120240101;2024-01-01;362;37469793;0
178931;36295941935220240201;2024-02-01;362;37469793;0
169803;36295941935320240301;2024-03-01;362;37469793;0
160736;36295941935420240401;2024-04-01;362;37469793;0
151655;36295941935520240501;2024-05-01;362;37469793;0
144271;36295941935620240601;2024-06-01;362;37469793;0
137654;36295941935720240701;2024-07-01;362;37469793;0
125043;36295941935820240901;2024-09-01;362;37469793;0
117162;36295941935920241001;2024-10-01;362;37469793;0
109175;36295941936020241101;2024-11-01;362;37469793;0
101228;36295941936120241201;2024-12-01;362;37469793;0
93258;36295941936320250101;2025-01-01;362;37469793;0
87114;36295941936620250201;2025-02-01;362;37469793;0
74605;36295941937020250401;2025-04-01;362;37469793;0
49500;362959474364020250801;2025-08-01;362;37469793;0
37196;362959478547420251001;2025-10-01;362;37469793;0
68355;36295948628220250501;2025-05-01;362;37469793;0
17849;362959487988120260101;2026-01-01;362;37469793;0
24331;362959488043320251201;2025-12-01;362;37469793;0
80847;36295951677120250301;2025-03-01;362;285331;0
188079;36295951936220240101;2024-01-01;362;285331;0
93259;36295951936420250101;2025-01-01;362;285331;0
178932;36295951936520240201;2024-02-01;362;285331;0
87115;36295951936720250201;2025-02-01;362;285331;0
169804;36295951936820240301;2024-03-01;362;285331;0
160737;36295951936920240401;2024-04-01;362;285331;0
74606;36295951937120250401;2025-04-01;362;285331;0
151656;36295951937220240501;2024-05-01;362;285331;0
144272;36295951937320240601;2024-06-01;362;285331;0
137655;36295951937420240701;2024-07-01;362;285331;0
131387;36295951945420240801;2024-08-01;362;285331;0
125044;36295951945520240901;2024-09-01;362;285331;0
117163;36295951945620241001;2024-10-01;362;285331;0
109176;36295951945720241101;2024-11-01;362;285331;0
101229;36295951945820241201;2024-12-01;362;285331;0
49504;362959574364620250801;2025-08-01;362;285331;0
43526;362959575386220250901;2025-09-01;362;285331;0
68358;36295958628520250501;2025-05-01;362;285331;0
17852;362959587988620260101;2026-01-01;362;285331;0
87086;36295961677220250201;2025-02-01;362;430490029;0
43560;362959676692320250901;2025-09-01;362;430490029;0
87087;36295971677320250201;2025-02-01;362;430468845;0
93239;36295971708820250101;2025-01-01;362;430468845;0
74576;36295971709020250401;2025-04-01;362;430468845;0
43562;362959776693120250901;2025-09-01;362;430468845;0
80848;36295981677420250301;2025-03-01;362;549830905948;0
74575;36295981708920250401;2025-04-01;362;549830905948;0
87096;36295981709120250201;2025-02-01;362;549830905948;0
93240;36295981709220250101;2025-01-01;362;549830905948;0
43527;362959875479920250901;2025-09-01;362;549830905948;0
87088;36295991677520250201;2025-02-01;362;52494664;0
151651;36295991906820240501;2024-05-01;362;52494664;0
131383;36295991906920240801;2024-08-01;362;52494664;0
160732;36295991907020240401;2024-04-01;362;52494664;0
137650;36295991907120240701;2024-07-01;362;52494664;0
144267;36295991907220240601;2024-06-01;362;52494664;0
80882;36295991907320250301;2025-03-01;362;52494664;0
125039;36295991907420240901;2024-09-01;362;52494664;0
117158;36295991907520241001;2024-10-01;362;52494664;0
101224;36295991907620241201;2024-12-01;362;52494664;0
109171;36295991907720241101;2024-11-01;362;52494664;0
93253;36295991907820250101;2025-01-01;362;52494664;0
74601;36295991907920250401;2025-04-01;362;52494664;0
68369;362959944475620250501;2025-05-01;362;52494664;0
62082;362959970254720250601;2025-06-01;362;52494664;0
55500;362959973976820250701;2025-07-01;362;52494664;0
49537;362959975052620250801;2025-08-01;362;52494664;0
43576;362959977523020250901;2025-09-01;362;52494664;0
30758;362959984389720251101;2025-11-01;362;52494664;0
17878;362959989874920260101;2026-01-01;362;52494664;0
24333;362959990553920251201;2025-12-01;362;52494664;0
87089;36296001677620250201;2025-02-01;362;22682210;0
93254;36296001908020250101;2025-01-01;362;22682210;0
151652;36296001908120240501;2024-05-01;362;22682210;0
160733;36296001908220240401;2024-04-01;362;22682210;0
144268;36296001908320240601;2024-06-01;362;22682210;0
80883;36296001908420250301;2025-03-01;362;22682210;0
137651;36296001908520240701;2024-07-01;362;22682210;0
131384;36296001908620240801;2024-08-01;362;22682210;0
125040;36296001908720240901;2024-09-01;362;22682210;0
101225;36296001908820241201;2024-12-01;362;22682210;0
117159;36296001908920241001;2024-10-01;362;22682210;0
109172;36296001909020241101;2024-11-01;362;22682210;0
74602;36296001909120250401;2025-04-01;362;22682210;0
24352;3629600191753820251201;2025-12-01;362;22682210;0
37265;3629600191755820251001;2025-10-01;362;22682210;0
43661;3629600192374120250901;2025-09-01;362;22682210;0
68370;362960044475920250501;2025-05-01;362;22682210;0
62081;362960070069320250601;2025-06-01;362;22682210;0
55501;362960073990920250701;2025-07-01;362;22682210;0
49538;362960075052720250801;2025-08-01;362;22682210;0
74555;36296011677720250401;2025-04-01;362;51746279;0
87090;36296021677820250201;2025-02-01;362;10515252;0
101206;36296021677920241201;2024-12-01;362;10515252;0
188080;36296021945920240101;2024-01-01;362;10515252;0
178933;36296021946220240201;2024-02-01;362;10515252;0
169805;36296021946520240301;2024-03-01;362;10515252;0
160740;36296021947020240401;2024-04-01;362;10515252;0
151657;36296021947120240501;2024-05-01;362;10515252;0
144273;36296021947420240601;2024-06-01;362;10515252;0
137656;36296021947720240701;2024-07-01;362;10515252;0
131388;36296021948020240801;2024-08-01;362;10515252;0
125045;36296021948320240901;2024-09-01;362;10515252;0
117164;36296021948620241001;2024-10-01;362;10515252;0
109177;36296021948920241101;2024-11-01;362;10515252;0
93260;36296021949420250101;2025-01-01;362;10515252;0
80884;36296021949920250301;2025-03-01;362;10515252;0
74607;36296021950020250401;2025-04-01;362;10515252;0
68352;36296021950420250501;2025-05-01;362;10515252;0
62064;362960256123020250601;2025-06-01;362;10515252;0
55427;362960270066820250701;2025-07-01;362;10515252;0
49441;362960273933220250801;2025-08-01;362;10515252;0
37065;362960276571320251001;2025-10-01;362;10515252;0
24312;362960285667820251201;2025-12-01;362;10515252;0
11588;362960290952520260201;2026-02-01;362;10515252;0
80849;36296031678020250301;2025-03-01;362;10038876203;0
55441;362960371138520250701;2025-07-01;362;10038876203;0
49488;362960374270420250801;2025-08-01;362;10038876203;0
43518;362960375240920250901;2025-09-01;362;10038876203;0
30728;362960382093420251101;2025-11-01;362;10038876203;0
11453;362960388483320260201;2026-02-01;362;10038876203;0
17978;362960391200720260101;2026-01-01;362;10038876203;0
80850;36296041678120250301;2025-03-01;362;10032969455;0
93242;36296041714820250101;2025-01-01;362;10032969455;0
151643;36296041714920240501;2024-05-01;362;10032969455;0
160724;36296041715020240401;2024-04-01;362;10032969455;0
74581;36296041715120250401;2025-04-01;362;10032969455;0
169793;36296041715220240301;2024-03-01;362;10032969455;0
188068;36296041715320240101;2024-01-01;362;10032969455;0
178921;36296041715420240201;2024-02-01;362;10032969455;0
117148;36296041715520241001;2024-10-01;362;10032969455;0
101211;36296041715620241201;2024-12-01;362;10032969455;0
109162;36296041715720241101;2024-11-01;362;10032969455;0
125029;36296041715820240901;2024-09-01;362;10032969455;0
144259;36296041715920240601;2024-06-01;362;10032969455;0
137642;36296041716020240701;2024-07-01;362;10032969455;0
131374;36296041716120240801;2024-08-01;362;10032969455;0
87099;36296041716320250201;2025-02-01;362;10032969455;0
30767;3629604191760320251101;2025-11-01;362;10032969455;0
68351;36296041950320250501;2025-05-01;362;10032969455;0
61995;362960449847120250601;2025-06-01;362;10032969455;0
55425;362960461572120250701;2025-07-01;362;10032969455;0
49424;362960471333220250801;2025-08-01;362;10032969455;0
43529;362960475895220250901;2025-09-01;362;10032969455;0
37064;362960476571220251001;2025-10-01;362;10032969455;0
11460;362960488815720260201;2026-02-01;362;10032969455;0
80851;36296051678220250301;2025-03-01;362;10030754532;0
68343;36296051900120250501;2025-05-01;362;10030754532;0
188082;36296051946120240101;2024-01-01;362;10030754532;0
178935;36296051946420240201;2024-02-01;362;10030754532;0
169807;36296051946720240301;2024-03-01;362;10030754532;0
160738;36296051946820240401;2024-04-01;362;10030754532;0
151658;36296051947220240501;2024-05-01;362;10030754532;0
144274;36296051947520240601;2024-06-01;362;10030754532;0
137658;36296051947920240701;2024-07-01;362;10030754532;0
131390;36296051948220240801;2024-08-01;362;10030754532;0
125047;36296051948520240901;2024-09-01;362;10030754532;0
117165;36296051948720241001;2024-10-01;362;10030754532;0
109179;36296051949120241101;2024-11-01;362;10030754532;0
101231;36296051949320241201;2024-12-01;362;10030754532;0
93262;36296051949620250101;2025-01-01;362;10030754532;0
87117;36296051949820250201;2025-02-01;362;10030754532;0
74609;36296051950220250401;2025-04-01;362;10030754532;0
62062;362960556122820250601;2025-06-01;362;10030754532;0
55439;362960571126020250701;2025-07-01;362;10030754532;0
49493;362960574270920250801;2025-08-01;362;10030754532;0
43521;362960575251320250901;2025-09-01;362;10030754532;0
37164;362960577785820251001;2025-10-01;362;10030754532;0
11601;362960590973420260201;2026-02-01;362;10030754532;0
17974;362960591185720260101;2026-01-01;362;10030754532;0
80852;36296061678320250301;2025-03-01;362;10022367347;0
144260;36296061716220240601;2024-06-01;362;10022367347;0
93243;36296061716420250101;2025-01-01;362;10022367347;0
151644;36296061716520240501;2024-05-01;362;10022367347;0
160725;36296061716620240401;2024-04-01;362;10022367347;0
169794;36296061716720240301;2024-03-01;362;10022367347;0
178922;36296061716820240201;2024-02-01;362;10022367347;0
74582;36296061716920250401;2025-04-01;362;10022367347;0
188069;36296061717020240101;2024-01-01;362;10022367347;0
101212;36296061717120241201;2024-12-01;362;10022367347;0
125030;36296061717220240901;2024-09-01;362;10022367347;0
117149;36296061717320241001;2024-10-01;362;10022367347;0
137643;36296061717420240701;2024-07-01;362;10022367347;0
87100;36296061717520250201;2025-02-01;362;10022367347;0
131375;36296061718020240801;2024-08-01;362;10022367347;0
18042;3629606192373220260101;2026-01-01;362;10022367347;0
5524;3629606192373720260301;2026-03-01;362;10022367347;0
68353;36296061950520250501;2025-05-01;362;10022367347;0
61980;362960649836920250601;2025-06-01;362;10022367347;0
109216;362960656122720241101;2024-11-01;362;10022367347;0
55433;362960670290420250701;2025-07-01;362;10022367347;0
49463;362960674158420250801;2025-08-01;362;10022367347;0
43510;362960675113420250901;2025-09-01;362;10022367347;0
37099;362960676727020251001;2025-10-01;362;10022367347;0
11529;362960689784020260201;2026-02-01;362;10022367347;0
80853;36296071678420250301;2025-03-01;362;10009735214;0
151645;36296071717620240501;2024-05-01;362;10009735214;0
160726;36296071717720240401;2024-04-01;362;10009735214;0
144261;36296071717820240601;2024-06-01;362;10009735214;0
93244;36296071717920250101;2025-01-01;362;10009735214;0
169795;36296071718120240301;2024-03-01;362;10009735214;0
188070;36296071718220240101;2024-01-01;362;10009735214;0
178923;36296071718320240201;2024-02-01;362;10009735214;0
74583;36296071718420250401;2025-04-01;362;10009735214;0
109163;36296071718520241101;2024-11-01;362;10009735214;0
101213;36296071718620241201;2024-12-01;362;10009735214;0
117150;36296071718720241001;2024-10-01;362;10009735214;0
125031;36296071718820240901;2024-09-01;362;10009735214;0
137644;36296071718920240701;2024-07-01;362;10009735214;0
131376;36296071719020240801;2024-08-01;362;10009735214;0
87101;36296071719120250201;2025-02-01;362;10009735214;0
68344;36296071900220250501;2025-05-01;362;10009735214;0
5525;3629607192373820260301;2026-03-01;362;10009735214;0
18043;3629607192373920260101;2026-01-01;362;10009735214;0
62063;362960756122920250601;2025-06-01;362;10009735214;0
55440;362960771126520250701;2025-07-01;362;10009735214;0
49487;362960774270320250801;2025-08-01;362;10009735214;0
43522;362960775251420250901;2025-09-01;362;10009735214;0
24336;362960790988520251201;2025-12-01;362;10009735214;0
80854;36296081678520250301;2025-03-01;362;10001630260;0
188081;36296081946020240101;2024-01-01;362;10001630260;0
178934;36296081946320240201;2024-02-01;362;10001630260;0
169806;36296081946620240301;2024-03-01;362;10001630260;0
160739;36296081946920240401;2024-04-01;362;10001630260;0
151659;36296081947320240501;2024-05-01;362;10001630260;0
144275;36296081947620240601;2024-06-01;362;10001630260;0
137657;36296081947820240701;2024-07-01;362;10001630260;0
131389;36296081948120240801;2024-08-01;362;10001630260;0
125046;36296081948420240901;2024-09-01;362;10001630260;0
117166;36296081948820241001;2024-10-01;362;10001630260;0
109178;36296081949020241101;2024-11-01;362;10001630260;0
101230;36296081949220241201;2024-12-01;362;10001630260;0
93261;36296081949520250101;2025-01-01;362;10001630260;0
87116;36296081949720250201;2025-02-01;362;10001630260;0
74608;36296081950120250401;2025-04-01;362;10001630260;0
68354;36296081951420250501;2025-05-01;362;10001630260;0
62079;362960868802420250601;2025-06-01;362;10001630260;0
55438;362960871120420250701;2025-07-01;362;10001630260;0
49492;362960874270820250801;2025-08-01;362;10001630260;0
43520;362960875251220250901;2025-09-01;362;10001630260;0
17972;362960891185120260101;2026-01-01;362;10001630260;0
80855;36296091678620250301;2025-03-01;362;3085242218;0
68379;362960949886920250501;2025-05-01;362;3085242218;0
93265;362960949887020250101;2025-01-01;362;3085242218;0
55498;362960973932920250701;2025-07-01;362;3085242218;0
43575;362960977409320250901;2025-09-01;362;3085242218;0
80856;36296101678720250301;2025-03-01;362;16370716;0
24366;3629610192370020251201;2025-12-01;362;16370716;0
11708;3629610192370220260201;2026-02-01;362;16370716;0
18038;3629610192370420260101;2026-01-01;362;16370716;0
87188;362961049830220250201;2025-02-01;362;16370716;0
74661;362961055672320250401;2025-04-01;362;16370716;0
101386;362961055672920241201;2024-12-01;362;16370716;0
93267;362961055673020250101;2025-01-01;362;16370716;0
80857;36296111678820250301;2025-03-01;362;12865648;0
87187;362961149829520250201;2025-02-01;362;12865648;0
117167;362961149830120241001;2024-10-01;362;12865648;0
74638;362961149830420250401;2025-04-01;362;12865648;0
109215;362961155672720241101;2024-11-01;362;12865648;0
93266;362961155672820250101;2025-01-01;362;12865648;0
101387;362961155673120241201;2024-12-01;362;12865648;0
37214;362961178672720251001;2025-10-01;362;12865648;0
17847;362961187973120260101;2026-01-01;362;12865648;0
80858;36296121678920250301;2025-03-01;362;631787;0
87189;362961249830720250201;2025-02-01;362;631787;0
101385;362961249830820241201;2024-12-01;362;631787;0
93264;362961249830920250101;2025-01-01;362;631787;0
117168;362961249831020241001;2024-10-01;362;631787;0
109211;362961249831120241101;2024-11-01;362;631787;0
74662;362961255672620250401;2025-04-01;362;631787;0
62055;362961255956520250601;2025-06-01;362;631787;0
49505;362961274364720250801;2025-08-01;362;631787;0
37215;362961278672820251001;2025-10-01;362;631787;0
80859;36296131679020250301;2025-03-01;362;5990653;0
125150;362961349829420240901;2024-09-01;362;5990653;0
179090;362961349829620240201;2024-02-01;362;5990653;0
93263;362961349829720250101;2025-01-01;362;5990653;0
188113;362961349829820240101;2024-01-01;362;5990653;0
151758;362961349829920240501;2024-05-01;362;5990653;0
144373;362961349830020240601;2024-06-01;362;5990653;0
74637;362961349830320250401;2025-04-01;362;5990653;0
109210;362961349830520241101;2024-11-01;362;5990653;0
101384;362961349830620241201;2024-12-01;362;5990653;0
87190;362961349831220250201;2025-02-01;362;5990653;0
169919;362961355672020240301;2024-03-01;362;5990653;0
160835;362961355672120240401;2024-04-01;362;5990653;0
117171;362961355672220241001;2024-10-01;362;5990653;0
137760;362961355672420240701;2024-07-01;362;5990653;0
131493;362961355672520240801;2024-08-01;362;5990653;0
80860;36296141679120250301;2025-03-01;362;1365703;0
74557;36296151679420250401;2025-04-01;362;200439654;0
18631;3629615193718820260101;2026-01-01;362;200439654;0
12250;3629615193724220260201;2026-02-01;362;200439654;0
5810;3629615193724320260301;2026-03-01;362;200439654;0
178973;362961543963520240201;2024-02-01;362;200439654;0
169842;362961543979420240301;2024-03-01;362;200439654;0
160755;362961543990020240401;2024-04-01;362;200439654;0
151686;362961544001420240501;2024-05-01;362;200439654;0
144301;362961544012020240601;2024-06-01;362;200439654;0
68421;362961570065220250501;2025-05-01;362;200439654;0
49518;362961574563720250801;2025-08-01;362;200439654;0
43525;362961575362120250901;2025-09-01;362;200439654;0
37209;362961578627520251001;2025-10-01;362;200439654;0
30693;362961581425920251101;2025-11-01;362;200439654;0
74558;36296161679520250401;2025-04-01;362;200464319;0
5819;3629616193738620260301;2026-03-01;362;200464319;0
101267;362961643947320241201;2024-12-01;362;200464319;0
178974;362961643963620240201;2024-02-01;362;200464319;0
169844;362961643979720240301;2024-03-01;362;200464319;0
160754;362961643989820240401;2024-04-01;362;200464319;0
151687;362961644001520240501;2024-05-01;362;200464319;0
144302;362961644012120240601;2024-06-01;362;200464319;0
68420;362961670065120250501;2025-05-01;362;200464319;0
49525;362961674700520250801;2025-08-01;362;200464319;0
43524;362961675362020250901;2025-09-01;362;200464319;0
37202;362961678626820251001;2025-10-01;362;200464319;0
30692;362961681425720251101;2025-11-01;362;200464319;0
74561;36296171679820250401;2025-04-01;362;203166655;0
5818;3629617193736720260301;2026-03-01;362;203166655;0
101331;362961743953720241201;2024-12-01;362;203166655;0
179038;362961743970120240201;2024-02-01;362;203166655;0
151722;362961744005420240501;2024-05-01;362;203166655;0
144342;362961744016620240601;2024-06-01;362;203166655;0
137715;362961744026420240701;2024-07-01;362;203166655;0
131456;362961744039020240801;2024-08-01;362;203166655;0
55482;362961773926220250701;2025-07-01;362;203166655;0
37203;362961778626920251001;2025-10-01;362;203166655;0
30701;362961781429120251101;2025-11-01;362;203166655;0
74562;36296181679920250401;2025-04-01;362;203203908;0
18625;3629618193718020260101;2026-01-01;362;203203908;0
5815;3629618193734220260301;2026-03-01;362;203203908;0
101332;362961843953820241201;2024-12-01;362;203203908;0
179039;362961843970220240201;2024-02-01;362;203203908;0
151724;362961844005620240501;2024-05-01;362;203203908;0
144343;362961844016720240601;2024-06-01;362;203203908;0
137716;362961844026620240701;2024-07-01;362;203203908;0
131459;362961844039320240801;2024-08-01;362;203203908;0
55483;362961873926320250701;2025-07-01;362;203203908;0
37175;362961878277120251001;2025-10-01;362;203203908;0
30744;362961882551020251101;2025-11-01;362;203203908;0
74563;36296191680020250401;2025-04-01;362;203616924;0
18633;3629619193719020260101;2026-01-01;362;203616924;0
12253;3629619193728520260201;2026-02-01;362;203616924;0
101334;362961943954020241201;2024-12-01;362;203616924;0
179041;362961943970420240201;2024-02-01;362;203616924;0
169884;362961943984320240301;2024-03-01;362;203616924;0
151726;362961944005820240501;2024-05-01;362;203616924;0
144345;362961944016920240601;2024-06-01;362;203616924;0
137718;362961944026920240701;2024-07-01;362;203616924;0
131462;362961944039720240801;2024-08-01;362;203616924;0
125115;362961944051320240901;2024-09-01;362;203616924;0
55486;362961973926620250701;2025-07-01;362;203616924;0
37211;362961978627720251001;2025-10-01;362;203616924;0
30700;362961981429020251101;2025-11-01;362;203616924;0
80862;36296651685920250301;2025-03-01;362;4000269247;0
80863;36296661686120250301;2025-03-01;362;4003433545;0
49557;362966678629420250801;2025-08-01;362;4003433545;0
93235;36296681686320250101;2025-01-01;362;15838110;0
62120;362966878629620250601;2025-06-01;362;15838110;0
87094;36296691691920250201;2025-02-01;362;108705498;0
80864;36296701686620250301;2025-03-01;362;344347;0
74564;36296711686720250401;2025-04-01;362;200007153;0
101262;362967143946820241201;2024-12-01;362;200007153;0
178968;362967143963020240201;2024-02-01;362;200007153;0
169837;362967143978920240301;2024-03-01;362;200007153;0
151681;362967144000820240501;2024-05-01;362;200007153;0
144297;362967144011620240601;2024-06-01;362;200007153;0
137679;362967144022520240701;2024-07-01;362;200007153;0
131417;362967144034720240801;2024-08-01;362;200007153;0
125067;362967144045120240901;2024-09-01;362;200007153;0
37213;362967178656120251001;2025-10-01;362;200007153;0
30711;362967182016920251101;2025-11-01;362;200007153;0
18000;362967193320020260101;2026-01-01;362;200007153;0
80865;36296761687220250301;2025-03-01;362;2897031;0
62146;3629676192131820250601;2025-06-01;362;2897031;0
55581;3629676192131920250701;2025-07-01;362;2897031;0
30768;3629676192132020251101;2025-11-01;362;2897031;0
74701;3629676192132120250401;2025-04-01;362;2897031;0
87202;3629676192132220250201;2025-02-01;362;2897031;0
49595;3629676192132320250801;2025-08-01;362;2897031;0
68462;3629676192132520250501;2025-05-01;362;2897031;0
93291;3629676192132620250101;2025-01-01;362;2897031;0
37269;3629676192132820251001;2025-10-01;362;2897031;0
43630;362967678930020250901;2025-09-01;362;2897031;0
11492;362967689068720260201;2026-02-01;362;2897031;0
68283;36296771687320250501;2025-05-01;362;10361703;0
68284;36296781687420250501;2025-05-01;362;10361725;0
80866;36296791687520250301;2025-03-01;362;7028697249;0
68285;36296811687920250501;2025-05-01;362;100239455904;0
24116;362968182011520251201;2025-12-01;362;100239455904;0
17768;362968186122320260101;2026-01-01;362;100239455904;0
11530;362968189786420260201;2026-02-01;362;100239455904;0
68286;36296821688020250501;2025-05-01;362;100239454479;0
43587;362968277802020250901;2025-09-01;362;100239454479;0
24105;362968282010420251201;2025-12-01;362;100239454479;0
17796;362968286127220260101;2026-01-01;362;100239454479;0
11533;362968289789920260201;2026-02-01;362;100239454479;0
68287;36296831688120250501;2025-05-01;362;42681898;0
1247;3629683193781320260401;2026-04-01;362;42681898;1
37049;362968376566320251001;2025-10-01;362;42681898;0
43588;362968377802220250901;2025-09-01;362;42681898;0
24246;362968382439520251201;2025-12-01;362;42681898;0
11516;362968389477220260201;2026-02-01;362;42681898;0
68288;36296841688320250501;2025-05-01;362;100239455963;0
24110;362968482010920251201;2025-12-01;362;100239455963;0
17797;362968486127420260101;2026-01-01;362;100239455963;0
68289;36296851688520250501;2025-05-01;362;201294369;0
1245;3629685193781020260401;2026-04-01;362;201294369;1
24107;362968582010620251201;2025-12-01;362;201294369;0
17729;362968585545620260101;2026-01-01;362;201294369;0
68290;36296861688720250501;2025-05-01;362;100239458903;0
24176;362968682355920251201;2025-12-01;362;100239458903;0
11508;362968689361020260201;2026-02-01;362;100239458903;0
68291;36296871688920250501;2025-05-01;362;100239458024;0
24108;362968782010720251201;2025-12-01;362;100239458024;0
17699;362968784867520260101;2026-01-01;362;100239458024;0
68292;36296881689020250501;2025-05-01;362;100239456935;0
43586;362968877801920250901;2025-09-01;362;100239456935;0
24103;362968882010220251201;2025-12-01;362;100239456935;0
17772;362968886122920260101;2026-01-01;362;100239456935;0
68293;36296891689220250501;2025-05-01;362;100239456390;0
24117;362968982011620251201;2025-12-01;362;100239456390;0
17770;362968986122520260101;2026-01-01;362;100239456390;0
11532;362968989789320260201;2026-02-01;362;100239456390;0
68294;36296901689620250501;2025-05-01;362;100239456099;0
24118;362969082011720251201;2025-12-01;362;100239456099;0
17792;362969086126420260101;2026-01-01;362;100239456099;0
68295;36296911689820250501;2025-05-01;362;100239454134;0
24115;362969182011420251201;2025-12-01;362;100239454134;0
17763;362969186121620260101;2026-01-01;362;100239454134;0
11553;362969190305320260201;2026-02-01;362;100239454134;0
68296;36296921690020250501;2025-05-01;362;100239454100;0
24114;362969282011320251201;2025-12-01;362;100239454100;0
17767;362969286122220260101;2026-01-01;362;100239454100;0
11552;362969290305220260201;2026-02-01;362;100239454100;0
68297;36296931690120250501;2025-05-01;362;100239453707;0
24104;362969382010320251201;2025-12-01;362;100239453707;0
17771;362969386122620260101;2026-01-01;362;100239453707;0
68298;36296941690220250501;2025-05-01;362;203369652;0
1243;3629694193780720260401;2026-04-01;362;203369652;1
24106;362969482010520251201;2025-12-01;362;203369652;0
17764;362969486121720260101;2026-01-01;362;203369652;0
11528;362969489774820260201;2026-02-01;362;203369652;0
68299;36296951690420250501;2025-05-01;362;100239453200;0
24113;362969582011220251201;2025-12-01;362;100239453200;0
17787;362969586125720260101;2026-01-01;362;100239453200;0
11658;362969593324720260201;2026-02-01;362;100239453200;0
68300;36296961690620250501;2025-05-01;362;100239453162;0
24112;362969682011120251201;2025-12-01;362;100239453162;0
17785;362969686125520260101;2026-01-01;362;100239453162;0
68301;36296971690820250501;2025-05-01;362;100239452581;0
24111;362969782011020251201;2025-12-01;362;100239452581;0
17799;362969786127920260101;2026-01-01;362;100239452581;0
11551;362969790305120260201;2026-02-01;362;100239452581;0
68302;36296981690920250501;2025-05-01;362;100239450490;0
24102;362969882010120251201;2025-12-01;362;100239450490;0
17784;362969886125020260101;2026-01-01;362;100239450490;0
68303;36297001691120250501;2025-05-01;362;100239306127;0
24109;362970082010820251201;2025-12-01;362;100239306127;0
17762;362970086120920260101;2026-01-01;362;100239306127;0
68304;36297011691220250501;2025-05-01;362;10034258629;0
24371;3629701192372720251201;2025-12-01;362;10034258629;0
30783;3629701192373020251101;2025-11-01;362;10034258629;0
18041;3629701192373120260101;2026-01-01;362;10034258629;0
5523;3629701192373420260301;2026-03-01;362;10034258629;0
11711;3629701192373620260201;2026-02-01;362;10034258629;0
61983;362970149837420250601;2025-06-01;362;10034258629;0
49442;362970173936220250801;2025-08-01;362;10034258629;0
43496;362970175014020250901;2025-09-01;362;10034258629;0
55537;362970176061520250701;2025-07-01;362;10034258629;0
68305;36297021691320250501;2025-05-01;362;10031862363;0
74689;3629702191738420250401;2025-04-01;362;10031862363;0
24346;3629702191738620251201;2025-12-01;362;10031862363;0
87192;3629702191738920250201;2025-02-01;362;10031862363;0
37264;3629702191750220251001;2025-10-01;362;10031862363;0
80928;3629702191752620250301;2025-03-01;362;10031862363;0
93283;3629702191755620250101;2025-01-01;362;10031862363;0
62142;3629702192101020250601;2025-06-01;362;10031862363;0
49541;362970275985320250801;2025-08-01;362;10031862363;0
55551;362970278935020250701;2025-07-01;362;10031862363;0
68306;36297031691420250501;2025-05-01;362;10023923316;0
30601;362970380352820251101;2025-11-01;362;10023923316;0
68307;36297041691520250501;2025-05-01;362;10007194453;0
30602;362970480352920251101;2025-11-01;362;10007194453;0
68308;36297051691620250501;2025-05-01;362;10007194470;0
74635;362970547447020250401;2025-04-01;362;10007194470;0
30603;362970580353020251101;2025-11-01;362;10007194470;0
68309;36297061691720250501;2025-05-01;362;400004847;0
61976;362970649836520250601;2025-06-01;362;400004847;0
43493;362970675010120250901;2025-09-01;362;400004847;0
49542;362970675986220250801;2025-08-01;362;400004847;0
74566;36297081692220250401;2025-04-01;362;27347681;0
18008;3629708189774320260101;2026-01-01;362;27347681;0
11696;3629708191083720260201;2026-02-01;362;27347681;0
24347;3629708191738720251201;2025-12-01;362;27347681;0
30760;3629708191738820251101;2025-11-01;362;27347681;0
55526;362970874367720250701;2025-07-01;362;27347681;0
49506;362970874367820250801;2025-08-01;362;27347681;0
43629;362970878928420250901;2025-09-01;362;27347681;0
101403;362970882595620241201;2024-12-01;362;27347681;0
68362;36297088629920250501;2025-05-01;362;27347681;0
74567;36297091692320250401;2025-04-01;362;0000055778;0
80867;36297091692520250301;2025-03-01;362;0000055778;0
68402;362970956123120250501;2025-05-01;362;0000055778;0
55502;362970973991620250701;2025-07-01;362;0000055778;0
43618;362970978924120250901;2025-09-01;362;0000055778;0
37224;362970979025620251001;2025-10-01;362;0000055778;0
74570;36297231695920250401;2025-04-01;362;3012946672;0
74572;36297241696120250401;2025-04-01;362;3009016905;0
68368;362972421385520250501;2025-05-01;362;3009016905;0
43565;362972476693820250901;2025-09-01;362;3009016905;0
80874;36297251696220250301;2025-03-01;362;24826715;0
49559;362972578629720250801;2025-08-01;362;24826715;0
109157;36297491700120241101;2024-11-01;362;2798352;0
117143;36297491700220241001;2024-10-01;362;2798352;0
125024;36297491700320240901;2024-09-01;362;2798352;0
55432;362974970279620250701;2025-07-01;362;2798352;0
49476;362974974211920250801;2025-08-01;362;2798352;0
30622;362974980355020251101;2025-11-01;362;2798352;0
11619;362974990980820260201;2026-02-01;362;2798352;0
17965;362974990993920260101;2026-01-01;362;2798352;0
74574;36297711706020250401;2025-04-01;362;5193931;0
144375;362977156124020240601;2024-06-01;362;5193931;0
131494;362977156124120240801;2024-08-01;362;5193931;0
62067;362977156124220250601;2025-06-01;362;5193931;0
80917;362977156124320250301;2025-03-01;362;5193931;0
117173;362977156124420241001;2024-10-01;362;5193931;0
137762;362977156124520240701;2024-07-01;362;5193931;0
188119;362977156124620240101;2024-01-01;362;5193931;0
151760;362977156124720240501;2024-05-01;362;5193931;0
179095;362977156124820240201;2024-02-01;362;5193931;0
93269;362977156124920250101;2025-01-01;362;5193931;0
160836;362977156125020240401;2024-04-01;362;5193931;0
101388;362977156125120241201;2024-12-01;362;5193931;0
169920;362977156125220240301;2024-03-01;362;5193931;0
109217;362977156125320241101;2024-11-01;362;5193931;0
30498;362977179025920251101;2025-11-01;362;5193931;0
68317;36297911708620250501;2025-05-01;362;17950700414;0
49437;362979173929820250801;2025-08-01;362;17950700414;0
30516;362979179429720251101;2025-11-01;362;17950700414;0
24268;362979182866020251201;2025-12-01;362;17950700414;0
68318;36297921709320250501;2025-05-01;362;50904890;0
1215;3629792193409820260401;2026-04-01;362;50904890;0
49438;362979273930020250801;2025-08-01;362;50904890;0
24072;362979281097820251201;2025-12-01;362;50904890;0
11459;362979288814420260201;2026-02-01;362;50904890;0
5438;362979293634520260301;2026-03-01;362;50904890;0
68320;36297931709520250501;2025-05-01;362;52682061;0
37086;362979376694820251001;2025-10-01;362;52682061;0
24276;362979382871220251201;2025-12-01;362;52682061;0
68322;36297941709720250501;2025-05-01;362;44436701;0
1125;3629794192653720260401;2026-04-01;362;44436701;0
43462;362979474368020250901;2025-09-01;362;44436701;0
24074;362979481098020251201;2025-12-01;362;44436701;0
11463;362979488846820260201;2026-02-01;362;44436701;0
5441;362979493650720260301;2026-03-01;362;44436701;0
68323;36297951709820250501;2025-05-01;362;31594669;0
3767;3629795194102220260401;2026-04-01;362;31594669;0
43461;362979574367920250901;2025-09-01;362;31594669;0
24073;362979581097920251201;2025-12-01;362;31594669;0
11525;362979589758820260201;2026-02-01;362;31594669;0
5439;362979593634620260301;2026-03-01;362;31594669;0
80876;36298001710320250301;2025-03-01;362;44298323;0
49482;362980074212820250801;2025-08-01;362;44298323;0
30504;362980079026720251101;2025-11-01;362;44298323;0
80877;36298011710420250301;2025-03-01;362;12424595;0
30554;362980135420251101;2025-11-01;362;2089496515;0
49445;362980173991920250801;2025-08-01;362;12424595;0
74577;36298021710520250401;2025-04-01;362;7388667;0
188120;362980270055820240101;2024-01-01;362;7388667;0
93270;362980270057920250101;2025-01-01;362;7388667;0
179096;362980270058020240201;2024-02-01;362;7388667;0
87191;362980270058320250201;2025-02-01;362;7388667;0
169921;362980270058420240301;2024-03-01;362;7388667;0
80918;362980270059020250301;2025-03-01;362;7388667;0
160837;362980270059120240401;2024-04-01;362;7388667;0
151761;362980270060820240501;2024-05-01;362;7388667;0
68418;362980270060920250501;2025-05-01;362;7388667;0
144376;362980270061020240601;2024-06-01;362;7388667;0
62080;362980270063520250601;2025-06-01;362;7388667;0
137763;362980270063620240701;2024-07-01;362;7388667;0
55426;362980270064020250701;2025-07-01;362;7388667;0
131495;362980270064120240801;2024-08-01;362;7388667;0
125154;362980270064220240901;2024-09-01;362;7388667;0
117174;362980270064320241001;2024-10-01;362;7388667;0
109218;362980270064620241101;2024-11-01;362;7388667;0
101389;362980270064720241201;2024-12-01;362;7388667;0
43585;362980277771720250901;2025-09-01;362;7388667;0
30499;362980279026020251101;2025-11-01;362;7388667;0
74578;36298031710620250401;2025-04-01;362;27331709;0
49446;362980373992520250801;2025-08-01;362;27331709;0
24278;362982960420251201;2025-12-01;362;2089496515;0
68324;36298301725720250501;2025-05-01;362;41788435;0
5502;3629830191076820260301;2026-03-01;362;41788435;0
55445;362983071275920250701;2025-07-01;362;41788435;0
37193;362983078543720251001;2025-10-01;362;41788435;0
30503;362983079026620251101;2025-11-01;362;41788435;0
24194;362983082358720251201;2025-12-01;362;41788435;0
17714;362983085053120260101;2026-01-01;362;41788435;0
11515;362983089477120260201;2026-02-01;362;41788435;0
17731;362985562320260101;2026-01-01;362;2089496515;0
11513;362989456720260201;2026-02-01;362;2089496515;0
16028;36299479194027120260201;2026-02-01;362;171727805942;0
17841;3629947987663320260101;2026-01-01;362;171727805942;0
12545;36510496290613020260201;2026-02-01;365;29874815;0
714092;365523561120251101;2025-11-01;365;4001053696;0
714071;365523561220251201;2025-12-01;365;4001053696;0
714107;365523571020251101;2025-11-01;365;9115188;0
714096;365523581120251101;2025-11-01;365;35966017;0
714074;365523581220251201;2025-12-01;365;35966017;0
714080;365523601220251201;2025-12-01;365;24492523;0
714093;365523631120251101;2025-11-01;365;10639942;0
714072;365523631220251201;2025-12-01;365;10639942;0
714098;365523641120251101;2025-11-01;365;10639934;0
714076;365523641220251201;2025-12-01;365;10639934;0
714104;365523651120251101;2025-11-01;365;4002397851;0
714094;365523661120251101;2025-11-01;365;30021553;0
714073;365523661220251201;2025-12-01;365;30021553;0
714102;365523671120251101;2025-11-01;365;4000994761;0
714103;365523691120251101;2025-11-01;365;4002397754;0
714105;365523701120251101;2025-11-01;365;32357630;0
714106;365523711120251101;2025-11-01;365;4001479920;0
714099;365523721120251101;2025-11-01;365;121223;0
714077;365523721220251201;2025-12-01;365;121223;0
714095;365523731120251101;2025-11-01;365;22204989;0
714097;365523741120251101;2025-11-01;365;40306194;0
714075;365523741220251201;2025-12-01;365;40306194;0
714101;365523751120251101;2025-11-01;365;40306216;0
714079;365523751220251201;2025-12-01;365;40306216;0
714100;365523761120251101;2025-11-01;365;42596718;0
714078;365523761220251201;2025-12-01;365;42596718;0
31561;3656703079339020251101;2025-11-01;365;4001053696;0
25145;3656703082711320251201;2025-12-01;365;4001053696;0
31562;3656703179339720251101;2025-11-01;365;10639942;0
25147;3656703182711820251201;2025-12-01;365;10639942;0
31563;3656703379340620251101;2025-11-01;365;30021553;0
25149;3656703382712220251201;2025-12-01;365;30021553;0
31564;3656703479341220251101;2025-11-01;365;22204989;0
31565;3656706979347120251101;2025-11-01;365;35966017;0
25146;3656706982711520251201;2025-12-01;365;35966017;0
31566;3656728479380120251101;2025-11-01;365;40306194;0
25150;3656728482712420251201;2025-12-01;365;40306194;0
31567;3656739279398220251101;2025-11-01;365;10639934;0
25148;3656739282712020251201;2025-12-01;365;10639934;0
31568;3656739579399120251101;2025-11-01;365;121223;0
25151;3656739582712520251201;2025-12-01;365;121223;0
31569;3656739879400020251101;2025-11-01;365;42596718;0
25152;3656739882910720251201;2025-12-01;365;42596718;0
31570;3656763679444220251101;2025-11-01;365;40306216;0
25144;3656763682711020251201;2025-12-01;365;40306216;0
31571;3657024480175020251101;2025-11-01;365;4000994761;0
31572;3657026580179520251101;2025-11-01;365;4002397754;0
31573;3657026680179620251101;2025-11-01;365;4002397851;0
31574;3657026780179720251101;2025-11-01;365;32357630;0
31575;3657026880179820251101;2025-11-01;365;4001479920;0
31576;3657248780785220251101;2025-11-01;365;9115188;0
25153;3658144482919020251201;2025-12-01;365;24492523;0
6559;366101303192581420260301;2026-03-01;366;525845505955;0
12567;36610130393691320260201;2026-02-01;366;525845505955;0
714701;36652381020260201;2026-02-01;366;34264566 - ATD;0
714507;36652381020260301;2026-03-01;366;34264566 - ATD;0
714344;36652381020260401;2026-04-01;366;34264566 - ATD;0
714702;36652382020260201;2026-02-01;366;44371470 - FDS;0
714508;36652382020260301;2026-03-01;366;44371470 - FDS;0
714345;36652382020260401;2026-04-01;366;44371470 - FDS;0
714703;36652383020260201;2026-02-01;366;45513694 - MAI;0
714509;36652383020260301;2026-03-01;366;45513694 - MAI;0
714346;36652383020260401;2026-04-01;366;45513694 - MAI;0
12633;36652385020260201;2026-02-01;366;8652740 - CPC;0
12634;36652386020260201;2026-02-01;366;4000141204 - AAD;0
12635;36652387020260201;2026-02-01;366;4002182754 - CTR;0
12636;36652388020260201;2026-02-01;366;4002272875 - CRR;0
12637;36652389020260201;2026-02-01;366;4002578883 - RAN;0
714705;36652390020260201;2026-02-01;366;35154314 - CBD;0
714516;36652390020260301;2026-03-01;366;35154314 - CBD;0
714355;36652392020260401;2026-04-01;366;106496816 - LVS;0
714706;36652396020260201;2026-02-01;366;26644704 - DJC;0
714707;36652397020260201;2026-02-01;366;28057997 - JOD;0
714518;36652397020260301;2026-03-01;366;28057997 - JOD;0
714708;36652398020260201;2026-02-01;366;43214489 - JOS;0
714519;36652398020260301;2026-03-01;366;43214489 - JOS;0
714709;36652399020260201;2026-02-01;366;4001281001 - AM2;0
714520;36652399020260301;2026-03-01;366;4001281001 - AM2;0
714710;36652400020260201;2026-02-01;366;30680522 - AME;0
714521;36652400020260301;2026-03-01;366;30680522 - AME;0
714711;36652401020260201;2026-02-01;366;4000761174 - CSD;0
714522;36652401020260301;2026-03-01;366;4000761174 - CSD;0
714712;36652402020260201;2026-02-01;366;4001128210 - HOD;0
714523;36652402020260301;2026-03-01;366;4001128210 - HOD;0
714713;36652403020260201;2026-02-01;366;4002731782 - NOD;0
714524;36652403020260301;2026-03-01;366;4002731782 - NOD;0
714714;36652404020260201;2026-02-01;366;4002681275 - SHS;0
714525;36652404020260301;2026-03-01;366;4002681275 - SHS;0
714527;36652406020260301;2026-03-01;366;6239110 - MIA;0
714528;36652407020260301;2026-03-01;366;6529887 - MRD;0
714715;36652408020260201;2026-02-01;366;4002733649 - DCS;0
714529;36652408020260301;2026-03-01;366;4002733649 - DCS;0
714716;36652409020260201;2026-02-01;366;3095800314 - DHN;0
714530;36652409020260301;2026-03-01;366;3095800314 - DHN;0
6595;36652410020260301;2026-03-01;366;948565931 - PPD;0
6596;36652411020260301;2026-03-01;366;9564922 - PRU;0
714533;36652414020260301;2026-03-01;366;1150667701864 - BTD;0
714534;36652415020260301;2026-03-01;366;1038672201885 - CSE;0
714535;36652416020260301;2026-03-01;366;870799001899 - CTG;0
714536;36652417020260301;2026-03-01;366;1016671501873 - FDC;0
50648;36652421020250801;2025-08-01;366;4000440119 - PAD;0
44712;36652421020250901;2025-09-01;366;4000440119 - PAD;0
38252;36652421020251001;2025-10-01;366;4000440119 - PAD;0
25274;36652421020251201;2025-12-01;366;4000440119 - PAD;0
18923;36652421020260101;2026-01-01;366;4000440119 - PAD;0
12652;36652421020260201;2026-02-01;366;4000440119 - PAD;0
50649;36652422020250801;2025-08-01;366;4002591579 - JGR;0
44713;36652422020250901;2025-09-01;366;4002591579 - JGR;0
38253;36652422020251001;2025-10-01;366;4002591579 - JGR;0
25275;36652422020251201;2025-12-01;366;4002591579 - JGR;0
18924;36652422020260101;2026-01-01;366;4002591579 - JGR;0
12653;36652422020260201;2026-02-01;366;4002591579 - JGR;0
714541;36652422020260301;2026-03-01;366;4002591579 - JGR;0
50650;36652423020250801;2025-08-01;366;26384426 - BBG;0
44714;36652423020250901;2025-09-01;366;26384426 - BBG;0
38254;36652423020251001;2025-10-01;366;26384426 - BBG;0
25276;36652423020251201;2025-12-01;366;26384426 - BBG;0
18925;36652423020260101;2026-01-01;366;26384426 - BBG;0
12654;36652423020260201;2026-02-01;366;26384426 - BBG;0
714546;36652427020260301;2026-03-01;366;42087023 - FRM;0
12659;36652428020260201;2026-02-01;366;4000805607 - JAP;0
12660;36652429020260201;2026-02-01;366;2036298472 - JDI;0
12661;36652430020260201;2026-02-01;366;4000862310 - VPD;0
110226;36652430120241101;2024-11-01;366;4000862310 - VPD;0
118168;36652430220241001;2024-10-01;366;4000862310 - VPD;0
12662;36652431020260201;2026-02-01;366;1978097 - ICA;0
6616;36652431020260301;2026-03-01;366;1978097 - ICA;0
12663;36652432020260201;2026-02-01;366;1978097 - ICA - DEVEC;0
50659;36652435020250801;2025-08-01;366;8351932 - MCE;0
25286;36652435020251201;2025-12-01;366;8351932 - MCE;0
12666;36652435020260201;2026-02-01;366;8351932 - MCE;0
18937;36652436020260101;2026-01-01;366;8351932 - MCE - DEVEC;0
63204;36652437020250601;2025-06-01;366;316 - PSH;0
25288;36652437020251201;2025-12-01;366;316 - PSH;0
18938;36652437020260101;2026-01-01;366;316 - PSH;0
25289;36652438020251201;2025-12-01;366;316 - PSH - DEVEC;0
12672;36652441020260201;2026-02-01;366;406 - SFR;0
25292;36652442020251201;2025-12-01;366;406 - SFR - DEVEC;0
714562;36652444020260301;2026-03-01;366;45238189 - LMR;0
714407;36652444020260401;2026-04-01;366;45238189 - LMR;0
714732;36652445020260201;2026-02-01;366;37223224 - ARD;0
714563;36652445020260301;2026-03-01;366;37223224 - ARD;0
714408;36652445020260401;2026-04-01;366;37223224 - ARD;0
12677;36652454020260201;2026-02-01;366;8756341 - SIC;0
6640;36652457020260301;2026-03-01;366;1770205933 - WSH;0
12579;3665245720920260201;2026-02-01;366;1770205933 - WSH;0
6641;36652458020260301;2026-03-01;366;511264405986 - WLV;0
12613;3665245812020260201;2026-02-01;366;511264405986 - WLV;0
12678;36652459020260201;2026-02-01;366;525845505955 - MEQ;0
6642;36652459020260301;2026-03-01;366;525845505955 - MEQ;0
252162;36652460120230201;2023-02-01;366;430356722 - DCD;0
328083;36652462120210301;2021-03-01;366;33175900 - RIV;0
25296;36652464020251201;2025-12-01;366;151251288 - QUA;0
18946;36652464020260101;2026-01-01;366;151251288 - QUA;0
12679;36652464020260201;2026-02-01;366;151251288 - QUA;0
330849;36652466120210101;2021-01-01;366;212804200461;0
343044;36652468120200101;2020-01-01;366;233692000497 - FVD;0
329486;36652470120210201;2021-02-01;366;BOLETO - SUS;0
328088;36652471120210301;2021-03-01;366;BOLETO - ITS;0
328089;36652472120210301;2021-03-01;366;BOLETO - MCD;0
329485;36652473120210201;2021-02-01;366;BOLETO - MOGI;0
328090;36652474120210301;2021-03-01;366;BOLETO - MIP;0
714739;36652475020260201;2026-02-01;366;200000097155 - EMA;0
714586;36652475020260301;2026-03-01;366;200000097155 - EMA;0
12687;36652477020260201;2026-02-01;366;46122526 - CNT;0
714588;36652477020260301;2026-03-01;366;46122526 - CNT;0
12688;36652478020260201;2026-02-01;366;48553176 - CRI;0
714589;36652478020260301;2026-03-01;366;48553176 - CRI;0
714590;36652479020260301;2026-03-01;366;55927120 - FNI;0
714741;36652480020260201;2026-02-01;366;18212960 - MAR1;0
714591;36652480020260301;2026-03-01;366;18212960 - MAR1;0
714742;36652481020260201;2026-02-01;366;21413208 - MAR2;0
714592;36652481020260301;2026-03-01;366;21413208 - MAR2;0
714743;36652489020260201;2026-02-01;366;32211120 - BOD;0
12693;36652492020260201;2026-02-01;366;4717325 - BAU;0
714605;36652495020260301;2026-03-01;366;200000118977 - AJA;0
714745;36652496020260201;2026-02-01;366;100170766329 - CON;0
714606;36652496020260301;2026-03-01;366;100170766329 - CON;0
714746;36652497020260201;2026-02-01;366;200006660471 - RRT;0
6560;36692420192582720260301;2026-03-01;366;1770205933;0
12568;3669242093890120260201;2026-02-01;366;1770205933;0
6558;36692860192406920260301;2026-03-01;366;511264405986;0
12566;3669286091807020260201;2026-02-01;366;511264405986;0
26790;3716487878741420251101;2025-11-01;371;204671941;0
1217;372112078193408620260401;2026-04-01;372;830742498;0
1218;372112079193408820260401;2026-04-01;372;830742282;0
1219;372112080193408920260401;2026-04-01;372;830742472;0
718932;37253129620251201;2025-12-01;372;831231327;0
718968;37253132620251201;2025-12-01;372;81014711;0
719002;37253135620251201;2025-12-01;372;828757185;0
718933;37253138620251201;2025-12-01;372;833754359;0
718926;37253139620251201;2025-12-01;372;828194330;0
718974;37253141620251201;2025-12-01;372;84102828;0
718919;37253142620251201;2025-12-01;372;828160315;0
718942;37253145620251201;2025-12-01;372;8729699;0
718983;37253146620251201;2025-12-01;372;81398510;0
718976;37253149620251201;2025-12-01;372;82779965;0
718990;37253150620251201;2025-12-01;372;81729128;0
719009;37253152620251201;2025-12-01;372;81244979;0
719011;37253153620251201;2025-12-01;372;832134033;0
718904;37253154620251201;2025-12-01;372;826708016;0
718905;37253156620251201;2025-12-01;372;824471419;0
718994;37253160620251201;2025-12-01;372;82387603;0
719005;37253161620251201;2025-12-01;372;82624732;0
718961;37253163620251201;2025-12-01;372;8729764;0
718912;37253165620251201;2025-12-01;372;82636967;0
718962;37253166620251201;2025-12-01;372;89988734;0
718965;37253167620251201;2025-12-01;372;830198923;0
718907;37253169620251201;2025-12-01;372;822786610;0
718923;37253172620251201;2025-12-01;372;81175157;0
718970;37253173620251201;2025-12-01;372;82480788;0
718982;37253175620251201;2025-12-01;372;88447328;0
718927;37253177620251201;2025-12-01;372;82487106;0
718930;37253179620251201;2025-12-01;372;87071954;0
718971;37253180620251201;2025-12-01;372;830178859;0
718991;37253182620251201;2025-12-01;372;828702884;0
718986;37253184620251201;2025-12-01;372;82816551;0
718901;37253185620251201;2025-12-01;372;85137781;0
718936;37253186620251201;2025-12-01;372;83617743;0
718895;37253187620251201;2025-12-01;372;83018694;0
719000;37253195620251201;2025-12-01;372;83040870;0
718993;37253199620251201;2025-12-01;372;84785762;0
718979;37253202620251201;2025-12-01;372;84785739;0
718973;37253206620251201;2025-12-01;372;82733798;0
718975;37253207620251201;2025-12-01;372;85676978;0
718977;37253208620251201;2025-12-01;372;834986018;0
718989;37253209620251201;2025-12-01;372;831644289;0
718916;37253211620251201;2025-12-01;372;84785796;0
718948;37253213620251201;2025-12-01;372;84785788;0
719015;37253215620251201;2025-12-01;372;830554182;0
718996;37253216620251201;2025-12-01;372;822945018;0
718956;37253218620251201;2025-12-01;372;831662398;0
719007;37253220620251201;2025-12-01;372;81271600;0
718914;37253222620251201;2025-12-01;372;89426297;0
718897;37253223620251201;2025-12-01;372;831094196;0
719003;37253224520251201;2025-12-01;372;89857194;0
719008;37253226620251201;2025-12-01;372;88846826;0
718909;37253227620251201;2025-12-01;372;84810834;0
719010;37253228620251201;2025-12-01;372;828397453;0
718995;37253229620251201;2025-12-01;372;81294776;0
718915;37253231620251201;2025-12-01;372;810819001;0
719012;37253232620251201;2025-12-01;372;828349637;0
718944;37253233620251201;2025-12-01;372;828895100;0
718963;37253234620251201;2025-12-01;372;831527856;0
719004;37253237620251201;2025-12-01;372;810088623;0
718918;37253238620251201;2025-12-01;372;81497023;0
718945;37253239620251201;2025-12-01;372;89102013;0
718908;37253241620251201;2025-12-01;372;83958295;0
718987;37253242620251201;2025-12-01;372;832502478;0
718922;37253243620251201;2025-12-01;372;83243011;0
718913;37253244620251201;2025-12-01;372;86087076;0
718925;37253245620251201;2025-12-01;372;832423279;0
718954;37253246620251201;2025-12-01;372;828311991;0
718920;37253251620251201;2025-12-01;372;81905140;0
718929;37253252620251201;2025-12-01;372;86063663;0
718953;37253254620251201;2025-12-01;372;81357466;0
719006;37253255620251201;2025-12-01;372;826954610;0
719013;37253256620251201;2025-12-01;372;82327047;0
718940;37253257620251201;2025-12-01;372;82510204;0
718902;37253258620251201;2025-12-01;372;81938737;0
719014;37253259620251201;2025-12-01;372;89754052;0
719001;37253260620251201;2025-12-01;372;81357615;0
718898;37253263620251201;2025-12-01;372;824471823;0
718951;37253266620251201;2025-12-01;372;892915867;0
718998;37253267620251201;2025-12-01;372;81497007;0
718950;37253268620251201;2025-12-01;372;832548695;0
718937;37253269620251201;2025-12-01;372;834385294;0
718938;37253277620251201;2025-12-01;372;826609610;0
718906;37253278620251201;2025-12-01;372;81938695;0
718924;37253279620251201;2025-12-01;372;87730799;0
718934;37253287620251201;2025-12-01;372;834385351;0
718949;37253289620251201;2025-12-01;372;810088755;0
718997;37253291620251201;2025-12-01;372;810413557;0
718935;37253297620251201;2025-12-01;372;81345529;0
718947;37253298620251201;2025-12-01;372;82904720;0
718984;37253300620251201;2025-12-01;372;828327849;0
718931;37253301620251201;2025-12-01;372;810318954;0
718943;37253302620251201;2025-12-01;372;81099092;0
718917;37253304620251201;2025-12-01;372;8421800;0
718899;37253308620251201;2025-12-01;372;81085224;0
718988;37253309620251201;2025-12-01;372;810223394;0
718999;37253310620251201;2025-12-01;372;85116363;0
718957;37253320620251201;2025-12-01;372;831474406;0
718964;37253323620251201;2025-12-01;372;833769019;0
718980;37253329620251201;2025-12-01;372;87616436;0
718981;37253330620251201;2025-12-01;372;82454064;0
718958;37253333620251201;2025-12-01;372;831405657;0
718955;37253334620251201;2025-12-01;372;89390568;0
718978;37253337620251201;2025-12-01;372;82436301;0
718911;37253339620251201;2025-12-01;372;82376507;0
718952;37253343620251201;2025-12-01;372;87674583;0
718900;37253346620251201;2025-12-01;372;82453280;0
718960;37253347620251201;2025-12-01;372;832147340;0
718939;37253348620251201;2025-12-01;372;81085174;0
718928;37253349620251201;2025-12-01;372;828122661;0
718992;37253350620251201;2025-12-01;372;810451011;0
718967;37253352620251201;2025-12-01;372;810198596;0
718896;37253353620251201;2025-12-01;372;83293958;0
718921;37253354620251201;2025-12-01;372;831718364;0
718959;37253361620251201;2025-12-01;372;86777718;0
718941;37253362620251201;2025-12-01;372;83093200;0
718903;37253363620251201;2025-12-01;372;810832749;0
718969;37253364620251201;2025-12-01;372;8797225;0
718985;37253365620251201;2025-12-01;372;88116329;0
718946;37253366620251201;2025-12-01;372;829758877;0
718966;37253368620251201;2025-12-01;372;81677541;0
718972;37253370620251201;2025-12-01;372;834371989;0
718910;37253371620251201;2025-12-01;372;811855475;0
31744;3727500481355120251101;2025-11-01;372;03001053188;0
31745;3727500581355220251101;2025-11-01;372;W5087097557;0
31746;3727500681355320251101;2025-11-01;372;D7082145962;0
31747;3727500781355420251101;2025-11-01;372;06000097270;0
31748;3727500881355520251101;2025-11-01;372;06000052747;0
31749;3727500981355620251101;2025-11-01;372;03001025771;0
31750;3727501081355720251101;2025-11-01;372;W7033329412;0
31751;3727501681356320251101;2025-11-01;372;W7033368230;0
31752;3727501881356820251101;2025-11-01;372;D7061615331;0
31753;3727501981356920251101;2025-11-01;372;06000068897;0
31754;3727502081357020251101;2025-11-01;372;03001054023;0
31755;3727502181357120251101;2025-11-01;372;02003040445;0
31756;3727502281357220251101;2025-11-01;372;03001066789;0
31758;3727502581357520251101;2025-11-01;372;03001018804;0
31759;3727502781357720251101;2025-11-01;372;03001066731;0
31760;3727504581359720251101;2025-11-01;372;D5246936025;0
31761;3727504681359820251101;2025-11-01;372;02000039337;0
31762;3727504781359920251101;2025-11-01;372;W7024976111;0
31763;3727504881360020251101;2025-11-01;372;03001037657;0
31764;3727504981360120251101;2025-11-01;372;01000506620;0
31765;3727505081360220251101;2025-11-01;372;03001005068;0
31766;3727505181360320251101;2025-11-01;372;06000093138;0
31767;3727508481364020251101;2025-11-01;372;06000098035;0
31768;3727508681364220251101;2025-11-01;372;D7082282366;0
31769;3727508881364420251101;2025-11-01;372;01000154479;0
31770;3727509181364720251101;2025-11-01;372;06000096608;0
31771;3727509281364820251101;2025-11-01;372;06000017697;0
31772;3727509381365020251101;2025-11-01;372;03001067630;0
31773;3727509581365220251101;2025-11-01;372;03001066293;0
31774;3727509681365320251101;2025-11-01;372;06000063042;0
31775;3727509881365520251101;2025-11-01;372;06000085268;0
31776;3727509981365620251101;2025-11-01;372;03001018727;0
31777;3727510081365820251101;2025-11-01;372;06000095687;0
31778;3727510381366120251101;2025-11-01;372;03001037291;0
31779;3727510481366220251101;2025-11-01;372;03001058509;0
31780;3727510581366320251101;2025-11-01;372;06000051910;0
31781;3727512981368720251101;2025-11-01;372;06000099388;0
31782;3727513081368820251101;2025-11-01;372;03001051569;0
31783;3727513181368920251101;2025-11-01;372;D5076678514;0
31784;3727513281369020251101;2025-11-01;372;N7087551603;0
31785;3727513381369120251101;2025-11-01;372;03001004959;0
31786;3727513481369220251101;2025-11-01;372;03001059003;0
31787;3727513581369320251101;2025-11-01;372;03001065806;0
31788;3727515681371420251101;2025-11-01;372;06000098851;0
31789;3727515781371520251101;2025-11-01;372;W7061104949;0
31790;3727515881371620251101;2025-11-01;372;D7061491518;0
31791;3727515981371720251101;2025-11-01;372;03001010213;0
31792;3727516081371820251101;2025-11-01;372;02003100145;0
31793;3727516181371920251101;2025-11-01;372;00000336932;0
31794;3727516281372020251101;2025-11-01;372;03001057703;0
31795;3727516381372120251101;2025-11-01;372;E7012117843;0
31796;3727516481372220251101;2025-11-01;372;03001037703;0
31797;3727516581372320251101;2025-11-01;372;03001051191;0
31798;3727516881372620251101;2025-11-01;372;N7091150915;0
31799;3727517081372820251101;2025-11-01;372;03001064991;0
31800;3727518181373920251101;2025-11-01;372;0000000981;0
31801;3727518281374020251101;2025-11-01;372;E7012041332;0
31802;3727518381374120251101;2025-11-01;372;E7017574428;0
31803;3727518481374220251101;2025-11-01;372;03001057812;0
31804;3727518581374320251101;2025-11-01;372;03001061894;0
31805;3727518681374420251101;2025-11-01;372;W5115938317;0
31806;3727518781374520251101;2025-11-01;372;03001055630;0
31807;3727518881374620251101;2025-11-01;372;03001050144;0
31808;3727518981374720251101;2025-11-01;372;06000063113;0
31809;3727519081374820251101;2025-11-01;372;01000123554;0
31810;3727519181374920251101;2025-11-01;372;03001052025;0
31811;3727519281375020251101;2025-11-01;372;03001064843;0
31812;3727521081376820251101;2025-11-01;372;D7041325107;0
31813;3727521181376920251101;2025-11-01;372;W7061003417;0
31814;3727521281377020251101;2025-11-01;372;N7072910895;0
31815;3727521381377120251101;2025-11-01;372;01000043578;0
31816;3727521481377220251101;2025-11-01;372;03001024630;0
31817;3727521581377320251101;2025-11-01;372;03001055441;0
31818;3727521781377520251101;2025-11-01;372;03001035731;0
31819;3727521981377720251101;2025-11-01;372;D7082247374;0
31820;3727522081377820251101;2025-11-01;372;N7072918012;0
31821;3727522281378020251101;2025-11-01;372;06000063538;0
31822;3727522581378320251101;2025-11-01;372;03001058044;0
31823;3727522681378420251101;2025-11-01;372;01000156441;0
31824;3727522781378520251101;2025-11-01;372;N5140423911;0
31825;3727522881378620251101;2025-11-01;372;D7037728175;0
31826;3727523081378820251101;2025-11-01;372;D7041331417;0
31827;3727523281379020251101;2025-11-01;372;D7080181775;0
31828;3727524581380420251101;2025-11-01;372;D5076820108;0
31829;3727524781380620251101;2025-11-01;372;D7061579270;0
31830;3727524881380720251101;2025-11-01;372;01000043548;0
31831;3727524981380820251101;2025-11-01;372;03001062625;0
31832;3727525081380920251101;2025-11-01;372;03001054559;0
31833;3727525181381020251101;2025-11-01;372;W7033361146;0
31834;3727525281381120251101;2025-11-01;372;D7082159084;0
31835;3727525381381220251101;2025-11-01;372;01000140454;0
31836;3727525481381320251101;2025-11-01;372;03001065785;0
31837;3727525581381420251101;2025-11-01;372;W6127793914;0
31838;3727525681381520251101;2025-11-01;372;03001063151;0
31839;3727525981381820251101;2025-11-01;372;D7082232776;0
31840;3727533181403520251101;2025-11-01;372;03001057134;0
31841;3727533281403620251101;2025-11-01;372;06000053143;0
31842;3727533381403720251101;2025-11-01;372;W7025002552;0
31843;3727533481403820251101;2025-11-01;372;06000063079;0
31844;3727533581403920251101;2025-11-01;372;D6128370111;0
31845;3727533681404020251101;2025-11-01;372;W7033347666;0
31846;3727533781404120251101;2025-11-01;372;03001060385;0
31847;3727533881404220251101;2025-11-01;372;W7060934506;0
31848;3727533981404320251101;2025-11-01;372;D7061546185;0
31849;3727534081404420251101;2025-11-01;372;03001057196;0
31850;3727534181404520251101;2025-11-01;372;06000062989;0
31851;3727535581406120251101;2025-11-01;372;03001058997;0
31852;3727535681406220251101;2025-11-01;372;03001036445;0
31853;3727535781406320251101;2025-11-01;372;01000121101;0
31854;3727535881406420251101;2025-11-01;372;01000101643;0
31855;3727535981406520251101;2025-11-01;372;03001057579;0
31856;3727536081406620251101;2025-11-01;372;W5123790264;0
31857;3727536181406720251101;2025-11-01;372;W5115873771;0
31858;3727536281406820251101;2025-11-01;372;03001051440;0
31859;3727536381406920251101;2025-11-01;372;N5140441901;0
31860;3727536481407020251101;2025-11-01;372;03001054963;0
31861;3727536581407120251101;2025-11-01;372;06000098828;0
31862;3727539481410120251101;2025-11-01;372;03001015278;0
31863;3727539581410220251101;2025-11-01;372;01000121918;0
31864;3727539681410320251101;2025-11-01;372;03001055317;0
31865;3727539781410420251101;2025-11-01;372;01000155532;0
31866;3727539881410520251101;2025-11-01;372;N7080200899;0
31867;3727539981410620251101;2025-11-01;372;N7077530403;0
31868;3727540081410720251101;2025-11-01;372;03001060848;0
31869;3727540181410820251101;2025-11-01;372;D7079959690;0
31870;3727540281410920251101;2025-11-01;372;03001038161;0
31871;3727540381411020251101;2025-11-01;372;03001064950;0
31872;3727540481411120251101;2025-11-01;372;06000092947;0
31873;3727540581411220251101;2025-11-01;372;D7041349715;0
31874;3727540681411320251101;2025-11-01;372;03001054818;0
31875;3727540781411420251101;2025-11-01;372;W6017426223;0
31876;3727541281412220251101;2025-11-01;372;06000059476;0
31877;3727542481421220251101;2025-11-01;372;06000095705;0
31878;3727542581421320251101;2025-11-01;372;N7072898747;0
31879;3727542681421420251101;2025-11-01;372;03001066811;0
31880;3727542781421520251101;2025-11-01;372;03001066676;0
31881;3727542881421620251101;2025-11-01;372;W7035048585;0
31882;3727542981421820251101;2025-11-01;372;N7070732353;0
31883;3727543081421920251101;2025-11-01;372;N7068309036;0
25303;3729859287339920251201;2025-12-01;372;83018694;0
25304;3729859387340020251201;2025-12-01;372;83293958;0
25305;3729859487340120251201;2025-12-01;372;831094196;0
25306;3729859687340320251201;2025-12-01;372;824471823;0
25307;3729859787340420251201;2025-12-01;372;81085224;0
25308;3729859887340620251201;2025-12-01;372;82453280;0
25309;3729859987340820251201;2025-12-01;372;85137781;0
25310;3729860187341020251201;2025-12-01;372;81938737;0
25311;3729860287341120251201;2025-12-01;372;810832749;0
25312;3729860387341420251201;2025-12-01;372;826708016;0
25313;3729860487341620251201;2025-12-01;372;824471419;0
25314;3729860587341720251201;2025-12-01;372;81938695;0
25315;3729860687341820251201;2025-12-01;372;822786610;0
25316;3729860787341920251201;2025-12-01;372;83958295;0
25317;3729860887342020251201;2025-12-01;372;84810834;0
25318;3729860987342220251201;2025-12-01;372;811855475;0
25319;3729861087342420251201;2025-12-01;372;82376507;0
25320;3729861187342520251201;2025-12-01;372;82636967;0
25321;3729861287342620251201;2025-12-01;372;86087076;0
25322;3729861387342720251201;2025-12-01;372;89426297;0
25323;3729861487342820251201;2025-12-01;372;810819001;0
25324;3729861587342920251201;2025-12-01;372;84785796;0
25325;3729861687343020251201;2025-12-01;372;8421800;0
25326;3729861787343120251201;2025-12-01;372;81497023;0
25327;3729861887343220251201;2025-12-01;372;828160315;0
25328;3729861987343320251201;2025-12-01;372;81905140;0
25329;3729862087343420251201;2025-12-01;372;831718364;0
25330;3729862187343520251201;2025-12-01;372;83243011;0
25331;3729862287343620251201;2025-12-01;372;81175157;0
25332;3729862387343720251201;2025-12-01;372;87730799;0
25333;3729862487343820251201;2025-12-01;372;832423279;0
25334;3729862587343920251201;2025-12-01;372;828194330;0
25336;3729862687344120251201;2025-12-01;372;82487106;0
25335;3729862787344020251201;2025-12-01;372;828122661;0
25337;3729862887344220251201;2025-12-01;372;86063663;0
25338;3729862987344320251201;2025-12-01;372;87071954;0
25339;3729863087344420251201;2025-12-01;372;810318954;0
25340;3729863187344520251201;2025-12-01;372;831231327;0
25341;3729863287344620251201;2025-12-01;372;833754359;0
25342;3729863387344720251201;2025-12-01;372;834385351;0
25343;3729863487344820251201;2025-12-01;372;81345529;0
25344;3729863587344920251201;2025-12-01;372;83617743;0
25345;3729863687345020251201;2025-12-01;372;834385294;0
25346;3729863787345220251201;2025-12-01;372;826609610;0
25347;3729863887345320251201;2025-12-01;372;81085174;0
25348;3729863987345420251201;2025-12-01;372;82510204;0
25349;3729864087345520251201;2025-12-01;372;83093200;0
25350;3729864187345620251201;2025-12-01;372;8729699;0
25351;3729864287345720251201;2025-12-01;372;81099092;0
25352;3729864387345820251201;2025-12-01;372;828895100;0
25353;3729864487345920251201;2025-12-01;372;89102013;0
25354;3729864587346020251201;2025-12-01;372;829758877;0
25355;3729864687346120251201;2025-12-01;372;82904720;0
25356;3729864787346220251201;2025-12-01;372;84785788;0
25357;3729864887346320251201;2025-12-01;372;810088755;0
25358;3729864987346420251201;2025-12-01;372;832548695;0
25359;3729865087346520251201;2025-12-01;372;892915867;0
25360;3729865187346620251201;2025-12-01;372;87674583;0
25361;3729865287346720251201;2025-12-01;372;81357466;0
25362;3729865387346820251201;2025-12-01;372;828311991;0
25363;3729865487346920251201;2025-12-01;372;89390568;0
25364;3729865587347020251201;2025-12-01;372;831662398;0
25365;3729865687347120251201;2025-12-01;372;831474406;0
25366;3729865787347220251201;2025-12-01;372;831405657;0
25367;3729865887347320251201;2025-12-01;372;86777718;0
25368;3729865987347420251201;2025-12-01;372;832147340;0
25369;3729866087347520251201;2025-12-01;372;8729764;0
25370;3729866187347620251201;2025-12-01;372;89988734;0
25371;3729866287347720251201;2025-12-01;372;831527856;0
25372;3729866387347820251201;2025-12-01;372;833769019;0
25373;3729866487347920251201;2025-12-01;372;830198923;0
25374;3729866587348020251201;2025-12-01;372;81677541;0
25375;3729866687348120251201;2025-12-01;372;810198596;0
25376;3729866787348220251201;2025-12-01;372;81014711;0
25377;3729866887348320251201;2025-12-01;372;8797225;0
25378;3729866987348420251201;2025-12-01;372;82480788;0
25379;3729867087348520251201;2025-12-01;372;830178859;0
25380;3729867187348620251201;2025-12-01;372;834371989;0
25381;3729867287348720251201;2025-12-01;372;82733798;0
25382;3729867387348820251201;2025-12-01;372;84102828;0
25383;3729867487348920251201;2025-12-01;372;85676978;0
25384;3729867587349020251201;2025-12-01;372;82779965;0
25385;3729867687349120251201;2025-12-01;372;834986018;0
25386;3729867787349220251201;2025-12-01;372;82436301;0
25387;3729867887349320251201;2025-12-01;372;84785739;0
25388;3729867987349420251201;2025-12-01;372;87616436;0
25389;3729868087349520251201;2025-12-01;372;82454064;0
25390;3729868187349620251201;2025-12-01;372;88447328;0
25391;3729868287349720251201;2025-12-01;372;81398510;0
25392;3729868387349820251201;2025-12-01;372;828327849;0
25393;3729868487349920251201;2025-12-01;372;88116329;0
25394;3729868587350020251201;2025-12-01;372;82816551;0
25395;3729868687350120251201;2025-12-01;372;832502478;0
25396;3729868787350220251201;2025-12-01;372;810223394;0
25397;3729868887350320251201;2025-12-01;372;831644289;0
25398;3729868987350420251201;2025-12-01;372;81729128;0
25399;3729869087350520251201;2025-12-01;372;828702884;0
25400;3729869187350620251201;2025-12-01;372;810451011;0
25401;3729869287350920251201;2025-12-01;372;84785762;0
25402;3729869387351020251201;2025-12-01;372;82387603;0
25403;3729929287572120251201;2025-12-01;372;81294776;0
25404;3729929887573520251201;2025-12-01;372;822945018;0
25405;3729929987573820251201;2025-12-01;372;810413557;0
25406;3729930187574120251201;2025-12-01;372;81497007;0
25407;3729930487574820251201;2025-12-01;372;85116363;0
25408;3729930587575020251201;2025-12-01;372;83040870;0
25409;3729930787576120251201;2025-12-01;372;81357615;0
25410;3729930887576220251201;2025-12-01;372;828757185;0
25411;3729931287578220251201;2025-12-01;372;89857194;0
25412;3729931487578820251201;2025-12-01;372;810088623;0
25413;3729931587579820251201;2025-12-01;372;82624732;0
25414;3729932087581620251201;2025-12-01;372;826954610;0
25415;3729932487582220251201;2025-12-01;372;81271600;0
25416;3729932987583420251201;2025-12-01;372;88846826;0
25417;3729933287583820251201;2025-12-01;372;81244979;0
25418;3729972887796820251201;2025-12-01;372;828397453;0
25419;3729973087797220251201;2025-12-01;372;832134033;0
25420;3729973187797320251201;2025-12-01;372;828349637;0
25421;3729973787798520251201;2025-12-01;372;82327047;0
25422;3729974087798920251201;2025-12-01;372;89754052;0
25423;3729974287799320251201;2025-12-01;372;830554182;0
4983;374113132194038920260401;2026-04-01;374;0057427216;0
4984;374113133194039120260401;2026-04-01;374;0057427305;0
4985;374113134194039220260401;2026-04-01;374;0057427119;0
720529;374533761520251101;2025-11-01;374;100205868220;0
720524;374533791620251101;2025-11-01;374;100225238698;0
720488;374533791720251201;2025-12-01;374;100225238698;0
720525;374533801620251101;2025-11-01;374;100236002178;0
720489;374533801720251201;2025-12-01;374;100236002178;0
720527;374533811620251101;2025-11-01;374;100225128051;0
6696;37453383020260301;2026-03-01;374;204503830;0
720490;374533911420251201;2025-12-01;374;100222892745;0
720491;374533921020251201;2025-12-01;374;48187089;0
720492;374534001420251201;2025-12-01;374;100239476774;0
6714;37453401020260301;2026-03-01;374;57427135;0
720528;37453404520251101;2025-11-01;374;100248111384;0
720539;374534051520251001;2025-10-01;374;100237835602;0
720530;374534051620251101;2025-11-01;374;100237835602;0
720526;374534081620251101;2025-11-01;374;57565864;0
32126;3746742179403420251101;2025-11-01;374;100225238698;0
25547;3746742182914020251201;2025-12-01;374;100225238698;0
32127;3746742779404220251101;2025-11-01;374;100236002178;0
25548;3746742782914120251201;2025-12-01;374;100236002178;0
32128;3746763879444620251101;2025-11-01;374;57565864;0
32129;3746917979932420251101;2025-11-01;374;100225128051;0
32130;3747129080443920251101;2025-11-01;374;54925053;0
32131;3747134680451120251101;2025-11-01;374;100205868220;0
32132;3747728281874220251101;2025-11-01;374;53586565;0
38512;3747728281938720251001;2025-10-01;374;53586565;0
25544;3747745181893020251201;2025-12-01;374;100222892745;0
25545;3747745281893120251201;2025-12-01;374;48187089;0
25546;3747745381893420251201;2025-12-01;374;100239476774;0
67295;422536241740020250501;2025-05-01;42;13793069;0
48457;422536274259120250801;2025-08-01;42;13793069;0
29542;422536280444020251101;2025-11-01;42;13793069;0
67296;422536341740120250501;2025-05-01;42;39125200;0
48461;422536374312920250801;2025-08-01;42;39125200;0
67294;422536441739920250501;2025-05-01;42;7116780;0
48454;422536473941320250801;2025-08-01;42;7116780;0
42498;422536474935120250901;2025-09-01;42;7116780;0
36047;422536476416720251001;2025-10-01;42;7116780;0
29543;422536480450920251101;2025-11-01;42;7116780;0
67297;422536541740220250501;2025-05-01;42;34671362;0
48458;422536574259220250801;2025-08-01;42;34671362;0
54453;422536579480720250701;2025-07-01;42;34671362;0
29541;422536580443320251101;2025-11-01;42;34671362;0
42497;422536674785920250901;2025-09-01;42;7626835;0
23137;422536681385520251201;2025-12-01;42;7626835;0
60949;422536844617320250601;2025-06-01;42;2000022435;0
48459;422536974259320250801;2025-08-01;42;17133734;0
60948;422925944414920250601;2025-06-01;42;11437561;0
48455;422925973941420250801;2025-08-01;42;11437561;0
42500;422925974936120250901;2025-09-01;42;11437561;0
36048;422925976416820251001;2025-10-01;42;11437561;0
60950;423290249855720250601;2025-06-01;42;14771802;0
60951;423290349855820250601;2025-06-01;42;7550510;0
48453;423290371336520250801;2025-08-01;42;7550510;0
60952;423878870171920250601;2025-06-01;42;12481459;0
73516;423878870172020250401;2025-04-01;42;12481459;0
54452;423878870172120250701;2025-07-01;42;12481459;0
67298;423878870172220250501;2025-05-01;42;12481459;0
79770;423878870172320250301;2025-03-01;42;12481459;0
29538;423878879426520251101;2025-11-01;42;12481459;0
67299;423895070288420250501;2025-05-01;42;1006924;0
60953;423895070288520250601;2025-06-01;42;1006924;0
48462;423895074785720250801;2025-08-01;42;1006924;0
48456;424578074259020250801;2025-08-01;42;7351720;0
42499;424578074935520250901;2025-09-01;42;7351720;0
48460;424613374312820250801;2025-08-01;42;8300496;0
29539;427126080437820251101;2025-11-01;42;2000022435;0
29540;427128080440120251101;2025-11-01;42;2121921;0
293458;61179120220501;2022-05-01;6;39474453;0
288528;61181120220601;2022-06-01;6;33506736;0
288421;61196120220601;2022-06-01;6;150876924;0
288527;61201120220601;2022-06-01;6;33188025;0
248113;61202420230201;2023-02-01;6;16904590;0
288422;61205120220601;2022-06-01;6;151033983;0
248095;61212420230201;2023-02-01;6;15277215;0
288526;61292120220601;2022-06-01;6;32981724;0
311101;61533020220101;2022-01-01;6;26399717;0
307391;61533020220201;2022-02-01;6;26399717;0
303725;61533020220301;2022-03-01;6;26399717;0
298855;61533020220401;2022-04-01;6;26399717;0
294068;61533020220501;2022-05-01;6;26399717;0
289101;61533020220601;2022-06-01;6;26399717;0
284246;61533020220701;2022-07-01;6;26399717;0
279300;61533020220801;2022-08-01;6;26399717;0
274132;61533020220901;2022-09-01;6;26399717;0
269357;61533020221001;2022-10-01;6;26399717;0
264352;61533020221101;2022-11-01;6;26399717;0
254688;61533020230101;2023-01-01;6;26399717;0
249271;61533020230201;2023-02-01;6;26399717;0
243856;61533020230301;2023-03-01;6;26399717;0
238575;61533020230401;2023-04-01;6;26399717;0
232899;61533020230501;2023-05-01;6;26399717;0
227154;61533020230601;2023-06-01;6;26399717;0
221406;61533020230701;2023-07-01;6;26399717;0
215606;61533020230801;2023-08-01;6;26399717;0
209862;61533020230901;2023-09-01;6;26399717;0
204139;61533020231001;2023-10-01;6;26399717;0
197721;61533020231101;2023-11-01;6;26399717;0
191507;61533020231201;2023-12-01;6;26399717;0
182342;61533020240101;2024-01-01;6;26399717;0
173225;61533020240201;2024-02-01;6;26399717;0
164194;61533020240301;2024-03-01;6;26399717;0
154974;61533020240401;2024-04-01;6;26399717;0
258792;61533120221201;2022-12-01;6;26399717;0
288514;61947120220601;2022-06-01;6;3061004753;0
288450;61977120220601;2022-06-01;6;2027519830;0
253931;61997120230101;2023-01-01;6;3043001692;0
259041;61997220221201;2022-12-01;6;3043001692;0
293576;62028120220501;2022-05-01;6;90297709;0
288545;62029120220601;2022-06-01;6;39938476;0
293577;62030120220501;2022-05-01;6;92068545;0
293447;62034120220501;2022-05-01;6;34474773;0
293575;62035120220501;2022-05-01;6;90107217;0
288660;62035220220601;2022-06-01;6;90107217;0
293456;62036120220501;2022-05-01;6;38418967;0
293451;62038120220501;2022-05-01;6;35771798;0
293569;62039120220501;2022-05-01;6;81971796;0
293444;62040120220501;2022-05-01;6;34165231;0
293452;62041120220501;2022-05-01;6;35772255;0
293455;62042120220501;2022-05-01;6;37881558;0
298304;62043120220401;2022-04-01;6;92754678;0
259038;62267120221201;2022-12-01;6;3034098820;0
268539;62321120221001;2022-10-01;6;106713264;0
288453;6335120220601;2022-06-01;6;2077903447;0
259243;63722220221201;2022-12-01;6;40938140;0
829018;63739020220101;2022-01-01;6;34558388;0
827600;63739020220201;2022-02-01;6;34558388;0
826182;63739020220301;2022-03-01;6;34558388;0
824782;63739020220401;2022-04-01;6;34558388;0
294645;63739020220501;2022-05-01;6;34558388;0
289700;63739020220601;2022-06-01;6;34558388;0
284745;63739020220701;2022-07-01;6;34558388;0
819360;63739020220801;2022-08-01;6;34558388;0
817742;63739020220901;2022-09-01;6;34558388;0
816509;63739020221001;2022-10-01;6;34558388;0
815179;63739020221101;2022-11-01;6;34558388;0
259821;63739020221201;2022-12-01;6;34558388;0
249293;63739020230201;2023-02-01;6;34558388;0
243877;63739020230301;2023-03-01;6;34558388;0
238597;63739020230401;2023-04-01;6;34558388;0
232914;63739020230501;2023-05-01;6;34558388;0
227167;63739020230601;2023-06-01;6;34558388;0
221421;63739020230701;2023-07-01;6;34558388;0
215624;63739020230801;2023-08-01;6;34558388;0
209880;63739020230901;2023-09-01;6;34558388;0
204156;63739020231001;2023-10-01;6;34558388;0
197738;63739020231101;2023-11-01;6;34558388;0
191525;63739020231201;2023-12-01;6;34558388;0
182359;63739020240101;2024-01-01;6;34558388;0
173243;63739020240201;2024-02-01;6;34558388;0
164219;63739020240301;2024-03-01;6;34558388;0
155089;63739020240401;2024-04-01;6;34558388;0
805796;637391020230601;2023-06-01;6;34558388;0
804388;637391120230701;2023-07-01;6;34558388;0
823101;63739120220501;2022-05-01;6;34558388;0
254050;63739120230101;2023-01-01;6;34558388;0
802983;637391220230801;2023-08-01;6;34558388;0
801585;637391320230901;2023-09-01;6;34558388;0
800192;637391420231001;2023-10-01;6;34558388;0
798796;637391520231101;2023-11-01;6;34558388;0
797394;637391620231201;2023-12-01;6;34558388;0
795995;637391720240101;2024-01-01;6;34558388;0
794592;637391820240201;2024-02-01;6;34558388;0
793178;637391920240301;2024-03-01;6;34558388;0
791627;637392020240401;2024-04-01;6;34558388;0
821713;63739220220601;2022-06-01;6;34558388;0
820426;63739320220701;2022-07-01;6;34558388;0
814230;63739420221201;2022-12-01;6;34558388;0
812831;63739520230101;2023-01-01;6;34558388;0
811416;63739620230201;2023-02-01;6;34558388;0
810011;63739720230301;2023-03-01;6;34558388;0
808599;63739820230401;2023-04-01;6;34558388;0
807196;63739920230501;2023-05-01;6;34558388;0
247972;63753520230201;2023-02-01;6;10012787998;0
247991;63757420230201;2023-02-01;6;10029908440;0
39640;65235475390020250901;2025-09-01;6;3013567733;0
39641;65268675431920250901;2025-09-01;6;9010434;0
33241;65268678576520251001;2025-10-01;6;9010434;0
26686;65268681474620251101;2025-11-01;6;9010434;0
20338;65268684666520251201;2025-12-01;6;9010434;0
259364;6615120221201;2022-12-01;6;532359622;0
226734;66151520230601;2023-06-01;6;532359622;0
254263;6615220230101;2023-01-01;6;532359622;0
248848;6615320230201;2023-02-01;6;532359622;0
243435;6615420230301;2023-03-01;6;532359622;0
238153;6615520230401;2023-04-01;6;532359622;0
232477;6615620230501;2023-05-01;6;532359622;0
220980;6615720230701;2023-07-01;6;532359622;0
215187;6615820230801;2023-08-01;6;532359622;0
209435;6615920230901;2023-09-01;6;532359622;0
243431;6729120230301;2023-03-01;6;531515380;0
48471;694613574313520250801;2025-08-01;69;13273353;2
67315;802927444416520250501;2025-05-01;80;529486;4
60968;802927461548020250601;2025-06-01;80;529486;2
48472;802927474258620250801;2025-08-01;80;529486;2
29559;802927480458820251101;2025-11-01;80;529486;2
60969;803825361548120250601;2025-06-01;80;2837803;4
73550;803825370052720250401;2025-04-01;80;2837803;2
48473;803825374258820250801;2025-08-01;80;2837803;2
60970;803825561548320250601;2025-06-01;80;39620880;2
48475;803825574313420250801;2025-08-01;80;39620880;2
54472;803993071114820250701;2025-07-01;80;6688772;2
48474;803993074258920250801;2025-08-01;80;6688772;2
29558;803993080451620251101;2025-11-01;80;6688772;2
36066;807125480436520251001;2025-10-01;80;514866974;2
29557;807125480437320251101;2025-11-01;80;514866974;2
